{"fields":{"humidity":55.29,"pressure":1010.41,"temperature":23.41},"name":"mqtt_consumer","tags":{"topic":"arsip/sensor"},"timestamp":1784081846}
{"fields":{"humidity":55.19,"pressure":1010.41,"temperature":23.4},"name":"mqtt_consumer","tags":{"topic":"arsip/sensor"},"timestamp":1784081851}
{"fields":{"humidity":55.21,"pressure":1010.36,"temperature":23.42},"name":"mqtt_consumer","tags":{"topic":"arsip/sensor"},"timestamp":1784081856}
{"fields":{"humidity":55.03,"pressure":1010.4,"temperature":23.41},"name":"mqtt_consumer","tags":{"topic":"arsip/sensor"},"timestamp":1784081861}
{"fields":{"humidity":54.89,"pressure":1010.39,"temperature":23.41},"name":"mqtt_consumer","tags":{"topic":"arsip/sensor"},"timestamp":1784081866}
{"fields":{"humidity":54.92,"pressure":1010.4,"temperature":23.39},"name":"mqtt_consumer","tags":{"topic":"arsip/sensor"},"timestamp":1784081871}
{"fields":{"humidity":54.9,"pressure":1010.4,"temperature":23.38},"name":"mqtt_consumer","tags":{"topic":"arsip/sensor"},"timestamp":1784081876}
{"fields":{"humidity":55.38,"pressure":1010.4,"temperature":23.38},"name":"mqtt_consumer","tags":{"topic":"arsip/sensor"},"timestamp":1784081881}
{"fields":{"humidity":55.82,"pressure":1010.39,"temperature":23.38},"name":"mqtt_consumer","tags":{"topic":"arsip/sensor"},"timestamp":1784081886}
{"fields":{"humidity":55.52,"pressure":1010.4,"temperature":23.39},"name":"mqtt_consumer","tags":{"topic":"arsip/sensor"},"timestamp":1784081891}
{"fields":{"humidity":55.4,"pressure":1010.39,"temperature":23.35},"name":"mqtt_consumer","tags":{"topic":"arsip/sensor"},"timestamp":1784081896}
{"fields":{"humidity":55.44,"pressure":1010.36,"temperature":23.37},"name":"mqtt_consumer","tags":{"topic":"arsip/sensor"},"timestamp":1784081901}
{"fields":{"humidity":55.36,"pressure":1010.34,"temperature":23.36},"name":"mqtt_consumer","tags":{"topic":"arsip/sensor"},"timestamp":1784081906}
{"fields":{"humidity":55.88,"pressure":1010.34,"temperature":23.34},"name":"mqtt_consumer","tags":{"topic":"arsip/sensor"},"timestamp":1784081911}
{"fields":{"humidity":55.52,"pressure":1010.37,"temperature":23.34},"name":"mqtt_consumer","tags":{"topic":"arsip/sensor"},"timestamp":1784081916}
{"fields":{"humidity":55.02,"pressure":1010.37,"temperature":23.31},"name":"mqtt_consumer","tags":{"topic":"arsip/sensor"},"timestamp":1784081921}
{"fields":{"humidity":55.08,"pressure":1010.39,"temperature":23.29},"name":"mqtt_consumer","tags":{"topic":"arsip/sensor"},"timestamp":1784081926}
{"fields":{"humidity":55.27,"pressure":1010.38,"temperature":23.27},"name":"mqtt_consumer","tags":{"topic":"arsip/sensor"},"timestamp":1784081931}
{"fields":{"humidity":55.11,"pressure":1010.38,"temperature":23.25},"name":"mqtt_consumer","tags":{"topic":"arsip/sensor"},"timestamp":1784081936}
{"fields":{"humidity":55.05,"pressure":1010.39,"temperature":23.26},"name":"mqtt_consumer","tags":{"topic":"arsip/sensor"},"timestamp":1784081941}
{"fields":{"humidity":54.97,"pressure":1010.37,"temperature":23.25},"name":"mqtt_consumer","tags":{"topic":"arsip/sensor"},"timestamp":1784081946}
{"fields":{"humidity":54.96,"pressure":1010.36,"temperature":23.25},"name":"mqtt_consumer","tags":{"topic":"arsip/sensor"},"timestamp":1784081951}
{"fields":{"humidity":55.02,"pressure":1010.39,"temperature":23.25},"name":"mqtt_consumer","tags":{"topic":"arsip/sensor"},"timestamp":1784081956}
{"fields":{"humidity":55.18,"pressure":1010.41,"temperature":23.25},"name":"mqtt_consumer","tags":{"topic":"arsip/sensor"},"timestamp":1784081961}
{"fields":{"humidity":55.29,"pressure":1010.41,"temperature":23.22},"name":"mqtt_consumer","tags":{"topic":"arsip/sensor"},"timestamp":1784081966}
{"fields":{"humidity":55.42,"pressure":1010.39,"temperature":23.2},"name":"mqtt_consumer","tags":{"topic":"arsip/sensor"},"timestamp":1784081971}
{"fields":{"humidity":55.14,"pressure":1010.38,"temperature":23.18},"name":"mqtt_consumer","tags":{"topic":"arsip/sensor"},"timestamp":1784081976}
{"fields":{"humidity":55.02,"pressure":1010.37,"temperature":23.16},"name":"mqtt_consumer","tags":{"topic":"arsip/sensor"},"timestamp":1784081981}
{"fields":{"humidity":56.03,"pressure":1010.37,"temperature":23.19},"name":"mqtt_consumer","tags":{"topic":"arsip/sensor"},"timestamp":1784081986}
{"fields":{"humidity":55.16,"pressure":1010.4,"temperature":23.17},"name":"mqtt_consumer","tags":{"topic":"arsip/sensor"},"timestamp":1784081992}
{"fields":{"humidity":55,"pressure":1010.38,"temperature":23.15},"name":"mqtt_consumer","tags":{"topic":"arsip/sensor"},"timestamp":1784081996}
{"fields":{"humidity":55.1,"pressure":1010.37,"temperature":23.13},"name":"mqtt_consumer","tags":{"topic":"arsip/sensor"},"timestamp":1784082001}
{"fields":{"humidity":55.15,"pressure":1010.38,"temperature":23.13},"name":"mqtt_consumer","tags":{"topic":"arsip/sensor"},"timestamp":1784082006}
{"fields":{"humidity":55.3,"pressure":1010.38,"temperature":23.08},"name":"mqtt_consumer","tags":{"topic":"arsip/sensor"},"timestamp":1784082011}
{"fields":{"humidity":55.31,"pressure":1010.39,"temperature":23.14},"name":"mqtt_consumer","tags":{"topic":"arsip/sensor"},"timestamp":1784082017}
{"fields":{"humidity":55.19,"pressure":1010.39,"temperature":23.14},"name":"mqtt_consumer","tags":{"topic":"arsip/sensor"},"timestamp":1784082021}
{"fields":{"humidity":55.02,"pressure":1010.36,"temperature":23.15},"name":"mqtt_consumer","tags":{"topic":"arsip/sensor"},"timestamp":1784082026}
{"fields":{"humidity":54.89,"pressure":1010.36,"temperature":23.14},"name":"mqtt_consumer","tags":{"topic":"arsip/sensor"},"timestamp":1784082032}
{"fields":{"humidity":54.68,"pressure":1010.36,"temperature":23.11},"name":"mqtt_consumer","tags":{"topic":"arsip/sensor"},"timestamp":1784082036}
{"fields":{"humidity":54.76,"pressure":1010.38,"temperature":23.12},"name":"mqtt_consumer","tags":{"topic":"arsip/sensor"},"timestamp":1784082041}
{"fields":{"humidity":54.79,"pressure":1010.34,"temperature":23.16},"name":"mqtt_consumer","tags":{"topic":"arsip/sensor"},"timestamp":1784082051}
{"fields":{"humidity":54.68,"pressure":1010.35,"temperature":23.15},"name":"mqtt_consumer","tags":{"topic":"arsip/sensor"},"timestamp":1784082056}
{"fields":{"humidity":54.62,"pressure":1010.37,"temperature":23.15},"name":"mqtt_consumer","tags":{"topic":"arsip/sensor"},"timestamp":1784082061}
{"fields":{"humidity":54.43,"pressure":1010.39,"temperature":23.14},"name":"mqtt_consumer","tags":{"topic":"arsip/sensor"},"timestamp":1784082067}
{"fields":{"humidity":54.34,"pressure":1010.38,"temperature":23.15},"name":"mqtt_consumer","tags":{"topic":"arsip/sensor"},"timestamp":1784082071}
{"fields":{"humidity":54.24,"pressure":1010.37,"temperature":23.13},"name":"mqtt_consumer","tags":{"topic":"arsip/sensor"},"timestamp":1784082076}
{"fields":{"humidity":54.28,"pressure":1010.37,"temperature":23.07},"name":"mqtt_consumer","tags":{"topic":"arsip/sensor"},"timestamp":1784082081}
{"fields":{"humidity":54.45,"pressure":1010.37,"temperature":23.01},"name":"mqtt_consumer","tags":{"topic":"arsip/sensor"},"timestamp":1784082087}
{"fields":{"humidity":54.46,"pressure":1010.37,"temperature":22.99},"name":"mqtt_consumer","tags":{"topic":"arsip/sensor"},"timestamp":1784082092}
{"fields":{"humidity":54.51,"pressure":1010.4,"temperature":22.97},"name":"mqtt_consumer","tags":{"topic":"arsip/sensor"},"timestamp":1784082096}
{"fields":{"humidity":54.75,"pressure":1010.37,"temperature":22.96},"name":"mqtt_consumer","tags":{"topic":"arsip/sensor"},"timestamp":1784082101}
{"fields":{"humidity":54.64,"pressure":1010.39,"temperature":22.92},"name":"mqtt_consumer","tags":{"topic":"arsip/sensor"},"timestamp":1784082106}
{"fields":{"humidity":54.86,"pressure":1010.37,"temperature":22.91},"name":"mqtt_consumer","tags":{"topic":"arsip/sensor"},"timestamp":1784082111}
{"fields":{"humidity":55.18,"pressure":1010.36,"temperature":22.91},"name":"mqtt_consumer","tags":{"topic":"arsip/sensor"},"timestamp":1784082116}
{"fields":{"humidity":55.18,"pressure":1010.35,"temperature":22.91},"name":"mqtt_consumer","tags":{"topic":"arsip/sensor"},"timestamp":1784082122}
{"fields":{"humidity":55.08,"pressure":1010.38,"temperature":22.94},"name":"mqtt_consumer","tags":{"topic":"arsip/sensor"},"timestamp":1784082126}
{"fields":{"humidity":55.06,"pressure":1010.38,"temperature":22.94},"name":"mqtt_consumer","tags":{"topic":"arsip/sensor"},"timestamp":1784082131}
{"fields":{"humidity":55.11,"pressure":1010.38,"temperature":22.94},"name":"mqtt_consumer","tags":{"topic":"arsip/sensor"},"timestamp":1784082136}
{"fields":{"humidity":55.33,"pressure":1010.37,"temperature":22.91},"name":"mqtt_consumer","tags":{"topic":"arsip/sensor"},"timestamp":1784082141}
{"fields":{"humidity":55.49,"pressure":1010.37,"temperature":22.92},"name":"mqtt_consumer","tags":{"topic":"arsip/sensor"},"timestamp":1784082146}
{"fields":{"humidity":55.77,"pressure":1010.38,"temperature":22.94},"name":"mqtt_consumer","tags":{"topic":"arsip/sensor"},"timestamp":1784082151}
{"fields":{"humidity":55.85,"pressure":1010.34,"temperature":22.96},"name":"mqtt_consumer","tags":{"topic":"arsip/sensor"},"timestamp":1784082157}
{"fields":{"humidity":56.01,"pressure":1010.34,"temperature":23.02},"name":"mqtt_consumer","tags":{"topic":"arsip/sensor"},"timestamp":1784082162}
{"fields":{"humidity":56,"pressure":1010.37,"temperature":23.06},"name":"mqtt_consumer","tags":{"topic":"arsip/sensor"},"timestamp":1784082166}
{"fields":{"humidity":55.86,"pressure":1010.33,"temperature":23.08},"name":"mqtt_consumer","tags":{"topic":"arsip/sensor"},"timestamp":1784082171}
{"fields":{"humidity":55.72,"pressure":1010.38,"temperature":23.1},"name":"mqtt_consumer","tags":{"topic":"arsip/sensor"},"timestamp":1784082177}
{"fields":{"humidity":55.81,"pressure":1010.37,"temperature":23.11},"name":"mqtt_consumer","tags":{"topic":"arsip/sensor"},"timestamp":1784082181}
{"fields":{"humidity":55.84,"pressure":1010.34,"temperature":23.13},"name":"mqtt_consumer","tags":{"topic":"arsip/sensor"},"timestamp":1784082186}
{"fields":{"humidity":55.81,"pressure":1010.37,"temperature":23.13},"name":"mqtt_consumer","tags":{"topic":"arsip/sensor"},"timestamp":1784082191}
{"fields":{"humidity":55.45,"pressure":1010.39,"temperature":23.1},"name":"mqtt_consumer","tags":{"topic":"arsip/sensor"},"timestamp":1784082197}
{"fields":{"humidity":55.35,"pressure":1010.39,"temperature":23.08},"name":"mqtt_consumer","tags":{"topic":"arsip/sensor"},"timestamp":1784082201}
{"fields":{"humidity":55.26,"pressure":1010.39,"temperature":23.07},"name":"mqtt_consumer","tags":{"topic":"arsip/sensor"},"timestamp":1784082206}
{"fields":{"humidity":55.28,"pressure":1010.37,"temperature":23.09},"name":"mqtt_consumer","tags":{"topic":"arsip/sensor"},"timestamp":1784082211}
{"fields":{"humidity":55.26,"pressure":1010.34,"temperature":23.07},"name":"mqtt_consumer","tags":{"topic":"arsip/sensor"},"timestamp":1784082216}
{"fields":{"humidity":55.4,"pressure":1010.39,"temperature":23.05},"name":"mqtt_consumer","tags":{"topic":"arsip/sensor"},"timestamp":1784082221}
{"fields":{"humidity":55.6,"pressure":1010.39,"temperature":22.98},"name":"mqtt_consumer","tags":{"topic":"arsip/sensor"},"timestamp":1784082226}
{"fields":{"humidity":55.72,"pressure":1010.43,"temperature":22.99},"name":"mqtt_consumer","tags":{"topic":"arsip/sensor"},"timestamp":1784082231}
{"fields":{"humidity":55.84,"pressure":1010.42,"temperature":22.98},"name":"mqtt_consumer","tags":{"topic":"arsip/sensor"},"timestamp":1784082236}
{"fields":{"humidity":55.84,"pressure":1010.4,"temperature":22.98},"name":"mqtt_consumer","tags":{"topic":"arsip/sensor"},"timestamp":1784082241}
{"fields":{"humidity":55.74,"pressure":1010.42,"temperature":22.97},"name":"mqtt_consumer","tags":{"topic":"arsip/sensor"},"timestamp":1784082246}
{"fields":{"humidity":55.87,"pressure":1010.43,"temperature":22.95},"name":"mqtt_consumer","tags":{"topic":"arsip/sensor"},"timestamp":1784082251}
{"fields":{"humidity":55.96,"pressure":1010.41,"temperature":22.96},"name":"mqtt_consumer","tags":{"topic":"arsip/sensor"},"timestamp":1784082256}
{"fields":{"humidity":55.9,"pressure":1010.34,"temperature":23},"name":"mqtt_consumer","tags":{"topic":"arsip/sensor"},"timestamp":1784082261}
{"fields":{"humidity":55.89,"pressure":1010.41,"temperature":23.03},"name":"mqtt_consumer","tags":{"topic":"arsip/sensor"},"timestamp":1784082266}
{"fields":{"humidity":55.7,"pressure":1010.37,"temperature":23.01},"name":"mqtt_consumer","tags":{"topic":"arsip/sensor"},"timestamp":1784082271}
{"fields":{"humidity":56.19,"pressure":1010.36,"temperature":23.02},"name":"mqtt_consumer","tags":{"topic":"arsip/sensor"},"timestamp":1784082277}
{"fields":{"humidity":55.66,"pressure":1010.37,"temperature":23.01},"name":"mqtt_consumer","tags":{"topic":"arsip/sensor"},"timestamp":1784082282}
{"fields":{"humidity":55.46,"pressure":1010.39,"temperature":22.98},"name":"mqtt_consumer","tags":{"topic":"arsip/sensor"},"timestamp":1784082287}
{"fields":{"humidity":55.46,"pressure":1010.38,"temperature":22.98},"name":"mqtt_consumer","tags":{"topic":"arsip/sensor"},"timestamp":1784082292}
{"fields":{"humidity":55.17,"pressure":1010.42,"temperature":22.93},"name":"mqtt_consumer","tags":{"topic":"arsip/sensor"},"timestamp":1784082296}
{"fields":{"humidity":55.32,"pressure":1010.4,"temperature":22.95},"name":"mqtt_consumer","tags":{"topic":"arsip/sensor"},"timestamp":1784082301}
{"fields":{"humidity":55.33,"pressure":1010.38,"temperature":22.98},"name":"mqtt_consumer","tags":{"topic":"arsip/sensor"},"timestamp":1784082306}
{"fields":{"humidity":55.38,"pressure":1010.38,"temperature":22.99},"name":"mqtt_consumer","tags":{"topic":"arsip/sensor"},"timestamp":1784082311}
{"fields":{"humidity":55.15,"pressure":1010.43,"temperature":22.94},"name":"mqtt_consumer","tags":{"topic":"arsip/sensor"},"timestamp":1784082316}
{"fields":{"humidity":55.19,"pressure":1010.44,"temperature":22.91},"name":"mqtt_consumer","tags":{"topic":"arsip/sensor"},"timestamp":1784082322}
{"fields":{"humidity":55.49,"pressure":1010.43,"temperature":22.9},"name":"mqtt_consumer","tags":{"topic":"arsip/sensor"},"timestamp":1784082326}
{"fields":{"humidity":55.38,"pressure":1010.41,"temperature":22.91},"name":"mqtt_consumer","tags":{"topic":"arsip/sensor"},"timestamp":1784082331}
{"fields":{"humidity":55.23,"pressure":1010.42,"temperature":22.88},"name":"mqtt_consumer","tags":{"topic":"arsip/sensor"},"timestamp":1784082336}
{"fields":{"humidity":55.08,"pressure":1010.42,"temperature":22.85},"name":"mqtt_consumer","tags":{"topic":"arsip/sensor"},"timestamp":1784082342}
{"fields":{"humidity":55.09,"pressure":1010.44,"temperature":22.83},"name":"mqtt_consumer","tags":{"topic":"arsip/sensor"},"timestamp":1784082346}
{"fields":{"humidity":55.1,"pressure":1010.46,"temperature":22.8},"name":"mqtt_consumer","tags":{"topic":"arsip/sensor"},"timestamp":1784082351}
{"fields":{"humidity":55.18,"pressure":1010.44,"temperature":22.81},"name":"mqtt_consumer","tags":{"topic":"arsip/sensor"},"timestamp":1784082356}
{"fields":{"humidity":55.02,"pressure":1010.42,"temperature":22.81},"name":"mqtt_consumer","tags":{"topic":"arsip/sensor"},"timestamp":1784082361}
{"fields":{"humidity":55.06,"pressure":1010.45,"temperature":22.81},"name":"mqtt_consumer","tags":{"topic":"arsip/sensor"},"timestamp":1784082366}
{"fields":{"humidity":55.1,"pressure":1010.49,"temperature":22.79},"name":"mqtt_consumer","tags":{"topic":"arsip/sensor"},"timestamp":1784082372}
{"fields":{"humidity":55.22,"pressure":1010.44,"temperature":22.81},"name":"mqtt_consumer","tags":{"topic":"arsip/sensor"},"timestamp":1784082376}
{"fields":{"humidity":55.09,"pressure":1010.47,"temperature":22.82},"name":"mqtt_consumer","tags":{"topic":"arsip/sensor"},"timestamp":1784082381}
{"fields":{"humidity":55.06,"pressure":1010.43,"temperature":22.82},"name":"mqtt_consumer","tags":{"topic":"arsip/sensor"},"timestamp":1784082386}
{"fields":{"humidity":55.25,"pressure":1010.46,"temperature":22.81},"name":"mqtt_consumer","tags":{"topic":"arsip/sensor"},"timestamp":1784082391}
{"fields":{"humidity":55.17,"pressure":1010.45,"temperature":22.79},"name":"mqtt_consumer","tags":{"topic":"arsip/sensor"},"timestamp":1784082396}
{"fields":{"humidity":55.1,"pressure":1010.42,"temperature":22.76},"name":"mqtt_consumer","tags":{"topic":"arsip/sensor"},"timestamp":1784082402}
{"fields":{"humidity":55.13,"pressure":1010.46,"temperature":22.75},"name":"mqtt_consumer","tags":{"topic":"arsip/sensor"},"timestamp":1784082407}
{"fields":{"humidity":55.46,"pressure":1010.43,"temperature":22.75},"name":"mqtt_consumer","tags":{"topic":"arsip/sensor"},"timestamp":1784082411}
{"fields":{"humidity":55.69,"pressure":1010.43,"temperature":22.79},"name":"mqtt_consumer","tags":{"topic":"arsip/sensor"},"timestamp":1784082416}
{"fields":{"humidity":55.95,"pressure":1010.43,"temperature":22.85},"name":"mqtt_consumer","tags":{"topic":"arsip/sensor"},"timestamp":1784082421}
{"fields":{"humidity":55.8,"pressure":1010.41,"temperature":22.9},"name":"mqtt_consumer","tags":{"topic":"arsip/sensor"},"timestamp":1784082426}
{"fields":{"humidity":55.49,"pressure":1010.45,"temperature":22.9},"name":"mqtt_consumer","tags":{"topic":"arsip/sensor"},"timestamp":1784082432}
{"fields":{"humidity":55.31,"pressure":1010.47,"temperature":22.91},"name":"mqtt_consumer","tags":{"topic":"arsip/sensor"},"timestamp":1784082436}
{"fields":{"humidity":55.2,"pressure":1010.45,"temperature":22.92},"name":"mqtt_consumer","tags":{"topic":"arsip/sensor"},"timestamp":1784082442}
{"fields":{"humidity":55.77,"pressure":1010.43,"temperature":22.96},"name":"mqtt_consumer","tags":{"topic":"arsip/sensor"},"timestamp":1784082449}
{"fields":{"humidity":55.43,"pressure":1010.43,"temperature":23},"name":"mqtt_consumer","tags":{"topic":"arsip/sensor"},"timestamp":1784082454}
{"fields":{"humidity":54.93,"pressure":1010.43,"temperature":22.95},"name":"mqtt_consumer","tags":{"topic":"arsip/sensor"},"timestamp":1784082459}
{"fields":{"humidity":54.97,"pressure":1010.41,"temperature":22.95},"name":"mqtt_consumer","tags":{"topic":"arsip/sensor"},"timestamp":1784082464}
{"fields":{"humidity":55.41,"pressure":1010.4,"temperature":22.94},"name":"mqtt_consumer","tags":{"topic":"arsip/sensor"},"timestamp":1784082469}
{"fields":{"humidity":55.32,"pressure":1010.39,"temperature":22.91},"name":"mqtt_consumer","tags":{"topic":"arsip/sensor"},"timestamp":1784082474}
{"fields":{"humidity":55.26,"pressure":1010.42,"temperature":22.94},"name":"mqtt_consumer","tags":{"topic":"arsip/sensor"},"timestamp":1784082479}
{"fields":{"humidity":55.23,"pressure":1010.44,"temperature":22.96},"name":"mqtt_consumer","tags":{"topic":"arsip/sensor"},"timestamp":1784082484}
{"fields":{"humidity":55.11,"pressure":1010.47,"temperature":22.94},"name":"mqtt_consumer","tags":{"topic":"arsip/sensor"},"timestamp":1784082489}
{"fields":{"humidity":54.96,"pressure":1010.43,"temperature":22.96},"name":"mqtt_consumer","tags":{"topic":"arsip/sensor"},"timestamp":1784082494}
{"fields":{"humidity":54.82,"pressure":1010.46,"temperature":22.98},"name":"mqtt_consumer","tags":{"topic":"arsip/sensor"},"timestamp":1784082499}
{"fields":{"humidity":54.73,"pressure":1010.49,"temperature":22.98},"name":"mqtt_consumer","tags":{"topic":"arsip/sensor"},"timestamp":1784082504}
{"fields":{"humidity":54.46,"pressure":1010.44,"temperature":22.93},"name":"mqtt_consumer","tags":{"topic":"arsip/sensor"},"timestamp":1784082509}
{"fields":{"humidity":54.27,"pressure":1010.46,"temperature":22.9},"name":"mqtt_consumer","tags":{"topic":"arsip/sensor"},"timestamp":1784082514}
{"fields":{"humidity":54.07,"pressure":1010.43,"temperature":22.83},"name":"mqtt_consumer","tags":{"topic":"arsip/sensor"},"timestamp":1784082519}
{"fields":{"humidity":54.46,"pressure":1010.44,"temperature":22.8},"name":"mqtt_consumer","tags":{"topic":"arsip/sensor"},"timestamp":1784082524}
{"fields":{"humidity":54.26,"pressure":1010.44,"temperature":22.79},"name":"mqtt_consumer","tags":{"topic":"arsip/sensor"},"timestamp":1784082529}
{"fields":{"humidity":54.3,"pressure":1010.46,"temperature":22.81},"name":"mqtt_consumer","tags":{"topic":"arsip/sensor"},"timestamp":1784082534}
{"fields":{"humidity":54.37,"pressure":1010.43,"temperature":22.81},"name":"mqtt_consumer","tags":{"topic":"arsip/sensor"},"timestamp":1784082539}
{"fields":{"humidity":54.3,"pressure":1010.45,"temperature":22.81},"name":"mqtt_consumer","tags":{"topic":"arsip/sensor"},"timestamp":1784082544}
{"fields":{"humidity":54.09,"pressure":1010.41,"temperature":22.78},"name":"mqtt_consumer","tags":{"topic":"arsip/sensor"},"timestamp":1784082549}
{"fields":{"humidity":54.24,"pressure":1010.4,"temperature":22.79},"name":"mqtt_consumer","tags":{"topic":"arsip/sensor"},"timestamp":1784082554}
{"fields":{"humidity":54.16,"pressure":1010.45,"temperature":22.8},"name":"mqtt_consumer","tags":{"topic":"arsip/sensor"},"timestamp":1784082559}
{"fields":{"humidity":54.51,"pressure":1010.44,"temperature":22.83},"name":"mqtt_consumer","tags":{"topic":"arsip/sensor"},"timestamp":1784082564}
{"fields":{"humidity":54.35,"pressure":1010.43,"temperature":22.87},"name":"mqtt_consumer","tags":{"topic":"arsip/sensor"},"timestamp":1784082569}
{"fields":{"humidity":54.44,"pressure":1010.45,"temperature":22.86},"name":"mqtt_consumer","tags":{"topic":"arsip/sensor"},"timestamp":1784082574}
{"fields":{"humidity":54.18,"pressure":1010.47,"temperature":22.87},"name":"mqtt_consumer","tags":{"topic":"arsip/sensor"},"timestamp":1784082579}
{"fields":{"humidity":54.05,"pressure":1010.46,"temperature":22.86},"name":"mqtt_consumer","tags":{"topic":"arsip/sensor"},"timestamp":1784082584}
{"fields":{"humidity":54.23,"pressure":1010.42,"temperature":22.88},"name":"mqtt_consumer","tags":{"topic":"arsip/sensor"},"timestamp":1784082589}
{"fields":{"humidity":53.9,"pressure":1010.43,"temperature":22.9},"name":"mqtt_consumer","tags":{"topic":"arsip/sensor"},"timestamp":1784082594}
{"fields":{"humidity":53.85,"pressure":1010.42,"temperature":22.9},"name":"mqtt_consumer","tags":{"topic":"arsip/sensor"},"timestamp":1784082599}
{"fields":{"humidity":53.91,"pressure":1010.44,"temperature":22.93},"name":"mqtt_consumer","tags":{"topic":"arsip/sensor"},"timestamp":1784082604}
{"fields":{"humidity":53.69,"pressure":1010.43,"temperature":22.93},"name":"mqtt_consumer","tags":{"topic":"arsip/sensor"},"timestamp":1784082609}
{"fields":{"humidity":53.64,"pressure":1010.42,"temperature":22.92},"name":"mqtt_consumer","tags":{"topic":"arsip/sensor"},"timestamp":1784082614}
{"fields":{"humidity":53.61,"pressure":1010.44,"temperature":22.9},"name":"mqtt_consumer","tags":{"topic":"arsip/sensor"},"timestamp":1784082619}
{"fields":{"humidity":53.94,"temperature":22.82},"name":"mqtt_consumer","tags":{"topic":"arsip/sensor"},"timestamp":1784082689}
{"fields":{"humidity":53.86,"temperature":22.83},"name":"mqtt_consumer","tags":{"topic":"arsip/sensor"},"timestamp":1784082691}
{"fields":{"humidity":53.76,"temperature":22.82},"name":"mqtt_consumer","tags":{"topic":"arsip/sensor"},"timestamp":1784082696}
{"fields":{"humidity":53.74,"temperature":22.8},"name":"mqtt_consumer","tags":{"topic":"arsip/sensor"},"timestamp":1784082701}
{"fields":{"humidity":53.75,"temperature":22.77},"name":"mqtt_consumer","tags":{"topic":"arsip/sensor"},"timestamp":1784082706}
{"fields":{"humidity":53.97,"temperature":22.73},"name":"mqtt_consumer","tags":{"topic":"arsip/sensor"},"timestamp":1784082711}
{"fields":{"humidity":54.12,"temperature":22.66},"name":"mqtt_consumer","tags":{"topic":"arsip/sensor"},"timestamp":1784082716}
{"fields":{"humidity":54.18,"temperature":22.68},"name":"mqtt_consumer","tags":{"topic":"arsip/sensor"},"timestamp":1784082721}
{"fields":{"humidity":54.24,"temperature":22.71},"name":"mqtt_consumer","tags":{"topic":"arsip/sensor"},"timestamp":1784082726}
{"fields":{"humidity":54.07,"temperature":22.72},"name":"mqtt_consumer","tags":{"topic":"arsip/sensor"},"timestamp":1784082731}
{"fields":{"humidity":54.02,"temperature":22.72},"name":"mqtt_consumer","tags":{"topic":"arsip/sensor"},"timestamp":1784082736}
{"fields":{"humidity":54.01,"temperature":22.75},"name":"mqtt_consumer","tags":{"topic":"arsip/sensor"},"timestamp":1784082741}
{"fields":{"humidity":54.02,"temperature":22.77},"name":"mqtt_consumer","tags":{"topic":"arsip/sensor"},"timestamp":1784082746}
{"fields":{"humidity":53.81,"temperature":22.77},"name":"mqtt_consumer","tags":{"topic":"arsip/sensor"},"timestamp":1784082751}
{"fields":{"humidity":53.58,"temperature":22.74},"name":"mqtt_consumer","tags":{"topic":"arsip/sensor"},"timestamp":1784082756}
{"fields":{"humidity":53.52,"temperature":22.7},"name":"mqtt_consumer","tags":{"topic":"arsip/sensor"},"timestamp":1784082761}
{"fields":{"humidity":53.64,"temperature":22.69},"name":"mqtt_consumer","tags":{"topic":"arsip/sensor"},"timestamp":1784082766}
{"fields":{"humidity":53.59,"temperature":22.64},"name":"mqtt_consumer","tags":{"topic":"arsip/sensor"},"timestamp":1784082771}
{"fields":{"humidity":53.76,"temperature":22.61},"name":"mqtt_consumer","tags":{"topic":"arsip/sensor"},"timestamp":1784082776}
{"fields":{"humidity":53.81,"temperature":22.61},"name":"mqtt_consumer","tags":{"topic":"arsip/sensor"},"timestamp":1784082781}
{"fields":{"humidity":54.11,"temperature":22.59},"name":"mqtt_consumer","tags":{"topic":"arsip/sensor"},"timestamp":1784082786}
{"fields":{"humidity":54.18,"temperature":22.58},"name":"mqtt_consumer","tags":{"topic":"arsip/sensor"},"timestamp":1784082791}
{"fields":{"humidity":54.33,"temperature":22.59},"name":"mqtt_consumer","tags":{"topic":"arsip/sensor"},"timestamp":1784082796}
{"fields":{"humidity":54.32,"temperature":22.62},"name":"mqtt_consumer","tags":{"topic":"arsip/sensor"},"timestamp":1784082801}
{"fields":{"humidity":54.21,"temperature":22.66},"name":"mqtt_consumer","tags":{"topic":"arsip/sensor"},"timestamp":1784082806}
{"fields":{"humidity":54.91,"temperature":22.74},"name":"mqtt_consumer","tags":{"topic":"arsip/sensor"},"timestamp":1784082811}
{"fields":{"humidity":55.53,"temperature":22.85},"name":"mqtt_consumer","tags":{"topic":"arsip/sensor"},"timestamp":1784082816}
{"fields":{"humidity":55.24,"temperature":22.93},"name":"mqtt_consumer","tags":{"topic":"arsip/sensor"},"timestamp":1784082821}
{"fields":{"humidity":54.86,"temperature":23.02},"name":"mqtt_consumer","tags":{"topic":"arsip/sensor"},"timestamp":1784082826}
{"fields":{"humidity":54.39,"temperature":23.1},"name":"mqtt_consumer","tags":{"topic":"arsip/sensor"},"timestamp":1784082831}
{"fields":{"humidity":54.3,"temperature":23.2},"name":"mqtt_consumer","tags":{"topic":"arsip/sensor"},"timestamp":1784082836}
{"fields":{"humidity":53.88,"temperature":23.26},"name":"mqtt_consumer","tags":{"topic":"arsip/sensor"},"timestamp":1784082841}
{"fields":{"humidity":54,"temperature":23.34},"name":"mqtt_consumer","tags":{"topic":"arsip/sensor"},"timestamp":1784082846}
{"fields":{"humidity":53.87,"temperature":23.42},"name":"mqtt_consumer","tags":{"topic":"arsip/sensor"},"timestamp":1784082851}
{"fields":{"humidity":53.46,"temperature":23.49},"name":"mqtt_consumer","tags":{"topic":"arsip/sensor"},"timestamp":1784082856}
{"fields":{"humidity":53.22,"temperature":23.5},"name":"mqtt_consumer","tags":{"topic":"arsip/sensor"},"timestamp":1784082861}
{"fields":{"humidity":53.32,"temperature":23.44},"name":"mqtt_consumer","tags":{"topic":"arsip/sensor"},"timestamp":1784082866}
{"fields":{"humidity":53.52,"temperature":23.45},"name":"mqtt_consumer","tags":{"topic":"arsip/sensor"},"timestamp":1784082871}
{"fields":{"humidity":53.88,"temperature":23.48},"name":"mqtt_consumer","tags":{"topic":"arsip/sensor"},"timestamp":1784082876}
{"fields":{"humidity":53.98,"temperature":23.45},"name":"mqtt_consumer","tags":{"topic":"arsip/sensor"},"timestamp":1784082881}
{"fields":{"humidity":54.03,"temperature":23.45},"name":"mqtt_consumer","tags":{"topic":"arsip/sensor"},"timestamp":1784082886}
{"fields":{"humidity":53.77,"temperature":23.46},"name":"mqtt_consumer","tags":{"topic":"arsip/sensor"},"timestamp":1784082891}
{"fields":{"humidity":53.63,"temperature":23.48},"name":"mqtt_consumer","tags":{"topic":"arsip/sensor"},"timestamp":1784082896}
{"fields":{"humidity":53.7,"temperature":23.49},"name":"mqtt_consumer","tags":{"topic":"arsip/sensor"},"timestamp":1784082901}
{"fields":{"humidity":53.75,"temperature":23.5},"name":"mqtt_consumer","tags":{"topic":"arsip/sensor"},"timestamp":1784082906}
{"fields":{"humidity":53.83,"temperature":23.54},"name":"mqtt_consumer","tags":{"topic":"arsip/sensor"},"timestamp":1784082911}
{"fields":{"humidity":53.89,"temperature":23.59},"name":"mqtt_consumer","tags":{"topic":"arsip/sensor"},"timestamp":1784082916}
{"fields":{"humidity":54.05,"temperature":23.6},"name":"mqtt_consumer","tags":{"topic":"arsip/sensor"},"timestamp":1784082921}
{"fields":{"humidity":53.87,"temperature":23.6},"name":"mqtt_consumer","tags":{"topic":"arsip/sensor"},"timestamp":1784082926}
{"fields":{"humidity":53.66,"temperature":23.58},"name":"mqtt_consumer","tags":{"topic":"arsip/sensor"},"timestamp":1784082931}
{"fields":{"humidity":53.56,"temperature":23.58},"name":"mqtt_consumer","tags":{"topic":"arsip/sensor"},"timestamp":1784082936}
{"fields":{"humidity":53.73,"temperature":23.6},"name":"mqtt_consumer","tags":{"topic":"arsip/sensor"},"timestamp":1784082941}
{"fields":{"humidity":53.47,"temperature":23.59},"name":"mqtt_consumer","tags":{"topic":"arsip/sensor"},"timestamp":1784082946}
{"fields":{"humidity":53.38,"temperature":23.58},"name":"mqtt_consumer","tags":{"topic":"arsip/sensor"},"timestamp":1784082951}
{"fields":{"humidity":53.19,"temperature":23.59},"name":"mqtt_consumer","tags":{"topic":"arsip/sensor"},"timestamp":1784082956}
{"fields":{"humidity":53.21,"temperature":23.56},"name":"mqtt_consumer","tags":{"topic":"arsip/sensor"},"timestamp":1784082961}
{"fields":{"humidity":53.29,"temperature":23.55},"name":"mqtt_consumer","tags":{"topic":"arsip/sensor"},"timestamp":1784082966}
{"fields":{"humidity":53.27,"temperature":23.54},"name":"mqtt_consumer","tags":{"topic":"arsip/sensor"},"timestamp":1784082971}
{"fields":{"humidity":53.2,"temperature":23.57},"name":"mqtt_consumer","tags":{"topic":"arsip/sensor"},"timestamp":1784082976}
{"fields":{"humidity":53.08,"temperature":23.56},"name":"mqtt_consumer","tags":{"topic":"arsip/sensor"},"timestamp":1784082981}
{"fields":{"humidity":53.28,"temperature":23.53},"name":"mqtt_consumer","tags":{"topic":"arsip/sensor"},"timestamp":1784082986}
{"fields":{"humidity":53.32,"temperature":23.5},"name":"mqtt_consumer","tags":{"topic":"arsip/sensor"},"timestamp":1784082991}
{"fields":{"humidity":53.27,"temperature":23.5},"name":"mqtt_consumer","tags":{"topic":"arsip/sensor"},"timestamp":1784082996}
{"fields":{"humidity":53.12,"temperature":23.57},"name":"mqtt_consumer","tags":{"topic":"arsip/sensor"},"timestamp":1784083001}
{"fields":{"humidity":52.93,"temperature":23.62},"name":"mqtt_consumer","tags":{"topic":"arsip/sensor"},"timestamp":1784083006}
{"fields":{"humidity":52.86,"temperature":23.61},"name":"mqtt_consumer","tags":{"topic":"arsip/sensor"},"timestamp":1784083011}
{"fields":{"humidity":52.77,"temperature":23.6},"name":"mqtt_consumer","tags":{"topic":"arsip/sensor"},"timestamp":1784083016}
{"fields":{"humidity":52.7,"temperature":23.63},"name":"mqtt_consumer","tags":{"topic":"arsip/sensor"},"timestamp":1784083021}
{"fields":{"humidity":52.6,"temperature":23.63},"name":"mqtt_consumer","tags":{"topic":"arsip/sensor"},"timestamp":1784083026}
{"fields":{"humidity":52.39,"temperature":23.61},"name":"mqtt_consumer","tags":{"topic":"arsip/sensor"},"timestamp":1784083031}
{"fields":{"humidity":52.59,"temperature":23.61},"name":"mqtt_consumer","tags":{"topic":"arsip/sensor"},"timestamp":1784083036}
{"fields":{"humidity":52.47,"temperature":23.59},"name":"mqtt_consumer","tags":{"topic":"arsip/sensor"},"timestamp":1784083041}
{"fields":{"humidity":52.6,"temperature":23.58},"name":"mqtt_consumer","tags":{"topic":"arsip/sensor"},"timestamp":1784083046}
{"fields":{"humidity":52.62,"temperature":23.59},"name":"mqtt_consumer","tags":{"topic":"arsip/sensor"},"timestamp":1784083051}
{"fields":{"humidity":52.48,"temperature":23.57},"name":"mqtt_consumer","tags":{"topic":"arsip/sensor"},"timestamp":1784083056}
{"fields":{"humidity":52.39,"temperature":23.57},"name":"mqtt_consumer","tags":{"topic":"arsip/sensor"},"timestamp":1784083061}
{"fields":{"humidity":52.48,"temperature":23.56},"name":"mqtt_consumer","tags":{"topic":"arsip/sensor"},"timestamp":1784083066}
{"fields":{"humidity":52.68,"temperature":23.58},"name":"mqtt_consumer","tags":{"topic":"arsip/sensor"},"timestamp":1784083071}
{"fields":{"humidity":52.69,"temperature":23.58},"name":"mqtt_consumer","tags":{"topic":"arsip/sensor"},"timestamp":1784083076}
{"fields":{"humidity":52.84,"temperature":23.52},"name":"mqtt_consumer","tags":{"topic":"arsip/sensor"},"timestamp":1784083081}
{"fields":{"humidity":52.89,"temperature":23.53},"name":"mqtt_consumer","tags":{"topic":"arsip/sensor"},"timestamp":1784083086}
{"fields":{"humidity":52.84,"temperature":23.53},"name":"mqtt_consumer","tags":{"topic":"arsip/sensor"},"timestamp":1784083091}
{"fields":{"humidity":52.78,"temperature":23.54},"name":"mqtt_consumer","tags":{"topic":"arsip/sensor"},"timestamp":1784083096}
{"fields":{"humidity":53.2,"temperature":23.57},"name":"mqtt_consumer","tags":{"topic":"arsip/sensor"},"timestamp":1784083101}
{"fields":{"humidity":52.84,"temperature":23.57},"name":"mqtt_consumer","tags":{"topic":"arsip/sensor"},"timestamp":1784083106}
{"fields":{"humidity":52.16,"pressure":1010.3,"temperature":23.19},"name":"mqtt_consumer","tags":{"topic":"arsip/sensor"},"timestamp":1784083590}
{"fields":{"humidity":52.19,"pressure":1010.3,"temperature":23.21},"name":"mqtt_consumer","tags":{"topic":"arsip/sensor"},"timestamp":1784083595}
{"fields":{"humidity":51.87,"pressure":1010.31,"temperature":23.23},"name":"mqtt_consumer","tags":{"topic":"arsip/sensor"},"timestamp":1784083600}
{"fields":{"humidity":51.58,"pressure":1010.31,"temperature":23.24},"name":"mqtt_consumer","tags":{"topic":"arsip/sensor"},"timestamp":1784083605}
{"fields":{"humidity":51.38,"pressure":1010.3,"temperature":23.22},"name":"mqtt_consumer","tags":{"topic":"arsip/sensor"},"timestamp":1784083610}
{"fields":{"humidity":51.24,"pressure":1010.28,"temperature":23.22},"name":"mqtt_consumer","tags":{"topic":"arsip/sensor"},"timestamp":1784083615}
{"fields":{"humidity":51.43,"pressure":1010.26,"temperature":23.24},"name":"mqtt_consumer","tags":{"topic":"arsip/sensor"},"timestamp":1784083620}
{"fields":{"humidity":51.65,"pressure":1010.28,"temperature":23.27},"name":"mqtt_consumer","tags":{"topic":"arsip/sensor"},"timestamp":1784083625}
{"fields":{"humidity":51.31,"pressure":1010.26,"temperature":23.27},"name":"mqtt_consumer","tags":{"topic":"arsip/sensor"},"timestamp":1784083630}
{"fields":{"humidity":51.4,"pressure":1010.26,"temperature":23.26},"name":"mqtt_consumer","tags":{"topic":"arsip/sensor"},"timestamp":1784083635}
{"fields":{"humidity":51.86,"pressure":1010.26,"temperature":23.27},"name":"mqtt_consumer","tags":{"topic":"arsip/sensor"},"timestamp":1784083640}
{"fields":{"humidity":52.15,"pressure":1010.25,"temperature":23.29},"name":"mqtt_consumer","tags":{"topic":"arsip/sensor"},"timestamp":1784083645}
{"fields":{"humidity":52.43,"pressure":1010.24,"temperature":23.31},"name":"mqtt_consumer","tags":{"topic":"arsip/sensor"},"timestamp":1784083650}
{"fields":{"humidity":52.63,"pressure":1010.26,"temperature":23.31},"name":"mqtt_consumer","tags":{"topic":"arsip/sensor"},"timestamp":1784083655}
{"fields":{"humidity":53.1,"pressure":1010.29,"temperature":23.33},"name":"mqtt_consumer","tags":{"topic":"arsip/sensor"},"timestamp":1784083660}
{"fields":{"humidity":53.23,"pressure":1010.23,"temperature":23.31},"name":"mqtt_consumer","tags":{"topic":"arsip/sensor"},"timestamp":1784083665}
{"fields":{"humidity":53.41,"pressure":1010.24,"temperature":23.32},"name":"mqtt_consumer","tags":{"topic":"arsip/sensor"},"timestamp":1784083670}
{"fields":{"humidity":53.27,"pressure":1010.25,"temperature":23.32},"name":"mqtt_consumer","tags":{"topic":"arsip/sensor"},"timestamp":1784083675}
{"fields":{"humidity":53.39,"pressure":1010.26,"temperature":23.32},"name":"mqtt_consumer","tags":{"topic":"arsip/sensor"},"timestamp":1784083680}
{"fields":{"humidity":53.71,"pressure":1010.26,"temperature":23.32},"name":"mqtt_consumer","tags":{"topic":"arsip/sensor"},"timestamp":1784083685}
{"fields":{"humidity":54.24,"pressure":1010.25,"temperature":23.27},"name":"mqtt_consumer","tags":{"topic":"arsip/sensor"},"timestamp":1784083690}
{"fields":{"humidity":54.28,"pressure":1010.23,"temperature":23.27},"name":"mqtt_consumer","tags":{"topic":"arsip/sensor"},"timestamp":1784083695}
{"fields":{"humidity":54.49,"pressure":1010.27,"temperature":23.26},"name":"mqtt_consumer","tags":{"topic":"arsip/sensor"},"timestamp":1784083700}
{"fields":{"humidity":54.37,"pressure":1010.29,"temperature":23.27},"name":"mqtt_consumer","tags":{"topic":"arsip/sensor"},"timestamp":1784083705}
{"fields":{"humidity":54.11,"pressure":1010.24,"temperature":23.27},"name":"mqtt_consumer","tags":{"topic":"arsip/sensor"},"timestamp":1784083710}
{"fields":{"humidity":54.36,"pressure":1010.28,"temperature":23.27},"name":"mqtt_consumer","tags":{"topic":"arsip/sensor"},"timestamp":1784083715}
{"fields":{"humidity":54.47,"pressure":1010.26,"temperature":23.28},"name":"mqtt_consumer","tags":{"topic":"arsip/sensor"},"timestamp":1784083720}
{"fields":{"humidity":54.71,"pressure":1010.29,"temperature":23.29},"name":"mqtt_consumer","tags":{"topic":"arsip/sensor"},"timestamp":1784083725}
{"fields":{"humidity":54.6,"pressure":1010.25,"temperature":23.32},"name":"mqtt_consumer","tags":{"topic":"arsip/sensor"},"timestamp":1784083730}
{"fields":{"humidity":54.48,"pressure":1010.26,"temperature":23.33},"name":"mqtt_consumer","tags":{"topic":"arsip/sensor"},"timestamp":1784083735}
{"fields":{"humidity":54.35,"pressure":1010.27,"temperature":23.32},"name":"mqtt_consumer","tags":{"topic":"arsip/sensor"},"timestamp":1784083740}
{"fields":{"humidity":54.55,"pressure":1010.26,"temperature":23.34},"name":"mqtt_consumer","tags":{"topic":"arsip/sensor"},"timestamp":1784083745}
{"fields":{"humidity":54.35,"pressure":1010.26,"temperature":23.32},"name":"mqtt_consumer","tags":{"topic":"arsip/sensor"},"timestamp":1784083750}
{"fields":{"humidity":54.41,"pressure":1010.23,"temperature":23.33},"name":"mqtt_consumer","tags":{"topic":"arsip/sensor"},"timestamp":1784083755}
{"fields":{"humidity":54.99,"pressure":1010.28,"temperature":23.36},"name":"mqtt_consumer","tags":{"topic":"arsip/sensor"},"timestamp":1784083760}
{"fields":{"humidity":54.78,"pressure":1010.3,"temperature":23.39},"name":"mqtt_consumer","tags":{"topic":"arsip/sensor"},"timestamp":1784083765}
{"fields":{"humidity":54.68,"pressure":1010.31,"temperature":23.42},"name":"mqtt_consumer","tags":{"topic":"arsip/sensor"},"timestamp":1784083770}
{"fields":{"humidity":54.45,"pressure":1010.28,"temperature":23.43},"name":"mqtt_consumer","tags":{"topic":"arsip/sensor"},"timestamp":1784083775}
{"fields":{"humidity":54.25,"pressure":1010.26,"temperature":23.45},"name":"mqtt_consumer","tags":{"topic":"arsip/sensor"},"timestamp":1784083780}
{"fields":{"humidity":53.99,"pressure":1010.29,"temperature":23.41},"name":"mqtt_consumer","tags":{"topic":"arsip/sensor"},"timestamp":1784083785}
{"fields":{"humidity":53.71,"pressure":1010.25,"temperature":23.42},"name":"mqtt_consumer","tags":{"topic":"arsip/sensor"},"timestamp":1784083790}
{"fields":{"humidity":53.78,"pressure":1010.31,"temperature":23.42},"name":"mqtt_consumer","tags":{"topic":"arsip/sensor"},"timestamp":1784083795}
{"fields":{"humidity":53.89,"pressure":1010.25,"temperature":23.39},"name":"mqtt_consumer","tags":{"topic":"arsip/sensor"},"timestamp":1784083800}
{"fields":{"humidity":53.77,"pressure":1010.27,"temperature":23.43},"name":"mqtt_consumer","tags":{"topic":"arsip/sensor"},"timestamp":1784083805}
{"fields":{"humidity":53.86,"pressure":1010.24,"temperature":23.42},"name":"mqtt_consumer","tags":{"topic":"arsip/sensor"},"timestamp":1784083810}
{"fields":{"humidity":53.82,"pressure":1010.26,"temperature":23.4},"name":"mqtt_consumer","tags":{"topic":"arsip/sensor"},"timestamp":1784083815}
{"fields":{"humidity":53.52,"pressure":1010.26,"temperature":23.42},"name":"mqtt_consumer","tags":{"topic":"arsip/sensor"},"timestamp":1784083820}
{"fields":{"humidity":53.47,"pressure":1010.27,"temperature":23.42},"name":"mqtt_consumer","tags":{"topic":"arsip/sensor"},"timestamp":1784083825}
{"fields":{"humidity":53.37,"pressure":1010.27,"temperature":23.41},"name":"mqtt_consumer","tags":{"topic":"arsip/sensor"},"timestamp":1784083830}
{"fields":{"humidity":53.4,"pressure":1010.24,"temperature":23.38},"name":"mqtt_consumer","tags":{"topic":"arsip/sensor"},"timestamp":1784083835}
{"fields":{"humidity":53.27,"pressure":1010.27,"temperature":23.4},"name":"mqtt_consumer","tags":{"topic":"arsip/sensor"},"timestamp":1784083840}
{"fields":{"humidity":53.08,"pressure":1010.27,"temperature":23.38},"name":"mqtt_consumer","tags":{"topic":"arsip/sensor"},"timestamp":1784083845}
{"fields":{"humidity":52.96,"pressure":1010.28,"temperature":23.33},"name":"mqtt_consumer","tags":{"topic":"arsip/sensor"},"timestamp":1784083850}
{"fields":{"humidity":53.15,"pressure":1010.23,"temperature":23.29},"name":"mqtt_consumer","tags":{"topic":"arsip/sensor"},"timestamp":1784083855}
{"fields":{"humidity":53.27,"pressure":1010.28,"temperature":23.32},"name":"mqtt_consumer","tags":{"topic":"arsip/sensor"},"timestamp":1784083860}
{"fields":{"humidity":53.7,"pressure":1010.27,"temperature":23.32},"name":"mqtt_consumer","tags":{"topic":"arsip/sensor"},"timestamp":1784083865}
{"fields":{"humidity":53.87,"pressure":1010.27,"temperature":23.4},"name":"mqtt_consumer","tags":{"topic":"arsip/sensor"},"timestamp":1784083870}
{"fields":{"humidity":53.69,"pressure":1010.25,"temperature":23.47},"name":"mqtt_consumer","tags":{"topic":"arsip/sensor"},"timestamp":1784083875}
{"fields":{"humidity":53.67,"pressure":1010.28,"temperature":23.41},"name":"mqtt_consumer","tags":{"topic":"arsip/sensor"},"timestamp":1784083880}
{"fields":{"humidity":53.78,"pressure":1010.31,"temperature":23.41},"name":"mqtt_consumer","tags":{"topic":"arsip/sensor"},"timestamp":1784083885}
{"fields":{"humidity":53.55,"pressure":1010.22,"temperature":23.37},"name":"mqtt_consumer","tags":{"topic":"arsip/sensor"},"timestamp":1784083890}
{"fields":{"humidity":53.47,"pressure":1010.26,"temperature":23.35},"name":"mqtt_consumer","tags":{"topic":"arsip/sensor"},"timestamp":"2026-07-15 09:51:35"}
{"fields":{"humidity":53.31,"pressure":1010.23,"temperature":23.31},"name":"mqtt_consumer","tags":{"topic":"arsip/sensor"},"timestamp":"2026-07-15 09:51:40"}
{"fields":{"humidity":53.51,"pressure":1010.21,"temperature":23.27},"name":"mqtt_consumer","tags":{"topic":"arsip/sensor"},"timestamp":"2026-07-15 09:51:45"}
{"fields":{"humidity":53.65,"pressure":1010.22,"temperature":23.22},"name":"mqtt_consumer","tags":{"topic":"arsip/sensor"},"timestamp":"2026-07-15 09:51:50"}
{"fields":{"humidity":53.6,"pressure":1010.24,"temperature":23.25},"name":"mqtt_consumer","tags":{"topic":"arsip/sensor"},"timestamp":"2026-07-15 09:51:55"}
{"fields":{"humidity":53.51,"pressure":1010.28,"temperature":23.25},"name":"mqtt_consumer","tags":{"topic":"arsip/sensor"},"timestamp":"2026-07-15 09:52:00"}
{"fields":{"humidity":53.7,"pressure":1010.24,"temperature":23.24},"name":"mqtt_consumer","tags":{"topic":"arsip/sensor"},"timestamp":"2026-07-15 09:52:05"}
{"fields":{"humidity":53.68,"pressure":1010.23,"temperature":23.24},"name":"mqtt_consumer","tags":{"topic":"arsip/sensor"},"timestamp":"2026-07-15 09:52:10"}
{"fields":{"humidity":53.73,"pressure":1010.21,"temperature":23.21},"name":"mqtt_consumer","tags":{"topic":"arsip/sensor"},"timestamp":"2026-07-15 09:52:15"}
{"fields":{"humidity":53.93,"pressure":1010.25,"temperature":23.2},"name":"mqtt_consumer","tags":{"topic":"arsip/sensor"},"timestamp":"2026-07-15 09:52:20"}
{"fields":{"humidity":54.19,"pressure":1010.24,"temperature":23.19},"name":"mqtt_consumer","tags":{"topic":"arsip/sensor"},"timestamp":"2026-07-15 09:52:25"}
{"fields":{"humidity":54.44,"pressure":1010.26,"temperature":23.18},"name":"mqtt_consumer","tags":{"topic":"arsip/sensor"},"timestamp":"2026-07-15 09:52:30"}
{"fields":{"humidity":54.82,"pressure":1010.24,"temperature":23.18},"name":"mqtt_consumer","tags":{"topic":"arsip/sensor"},"timestamp":"2026-07-15 09:52:35"}
{"fields":{"humidity":55,"pressure":1010.26,"temperature":23.2},"name":"mqtt_consumer","tags":{"topic":"arsip/sensor"},"timestamp":"2026-07-15 09:52:40"}
{"fields":{"humidity":54.68,"pressure":1010.25,"temperature":23.23},"name":"mqtt_consumer","tags":{"topic":"arsip/sensor"},"timestamp":"2026-07-15 09:52:45"}
{"fields":{"humidity":54.37,"pressure":1010.26,"temperature":23.22},"name":"mqtt_consumer","tags":{"topic":"arsip/sensor"},"timestamp":"2026-07-15 09:52:50"}
{"fields":{"humidity":54.14,"pressure":1010.23,"temperature":23.22},"name":"mqtt_consumer","tags":{"topic":"arsip/sensor"},"timestamp":"2026-07-15 09:52:55"}
{"fields":{"humidity":54.06,"pressure":1010.28,"temperature":23.18},"name":"mqtt_consumer","tags":{"topic":"arsip/sensor"},"timestamp":"2026-07-15 09:53:00"}
{"fields":{"humidity":54.14,"pressure":1010.25,"temperature":23.18},"name":"mqtt_consumer","tags":{"topic":"arsip/sensor"},"timestamp":"2026-07-15 09:53:05"}
{"fields":{"humidity":54.23,"pressure":1010.26,"temperature":23.17},"name":"mqtt_consumer","tags":{"topic":"arsip/sensor"},"timestamp":"2026-07-15 09:53:10"}
{"fields":{"humidity":54.15,"pressure":1010.27,"temperature":23.11},"name":"mqtt_consumer","tags":{"topic":"arsip/sensor"},"timestamp":"2026-07-15 09:53:15"}
{"fields":{"humidity":54.22,"pressure":1010.26,"temperature":23.1},"name":"mqtt_consumer","tags":{"topic":"arsip/sensor"},"timestamp":"2026-07-15 09:53:20"}
{"fields":{"humidity":54.07,"pressure":1010.26,"temperature":23.11},"name":"mqtt_consumer","tags":{"topic":"arsip/sensor"},"timestamp":"2026-07-15 09:53:25"}
{"fields":{"humidity":55.05,"pressure":1010.28,"temperature":23.17},"name":"mqtt_consumer","tags":{"topic":"arsip/sensor"},"timestamp":"2026-07-15 09:53:30"}
{"fields":{"humidity":55.7,"pressure":1010.27,"temperature":23.25},"name":"mqtt_consumer","tags":{"topic":"arsip/sensor"},"timestamp":"2026-07-15 09:53:35"}
{"fields":{"humidity":55.4,"pressure":1010.26,"temperature":23.27},"name":"mqtt_consumer","tags":{"topic":"arsip/sensor"},"timestamp":"2026-07-15 09:53:40"}
{"fields":{"humidity":54.73,"pressure":1010.28,"temperature":23.27},"name":"mqtt_consumer","tags":{"topic":"arsip/sensor"},"timestamp":"2026-07-15 09:53:45"}
{"fields":{"humidity":55.11,"pressure":1010.26,"temperature":23.31},"name":"mqtt_consumer","tags":{"topic":"arsip/sensor"},"timestamp":"2026-07-15 09:53:50"}
{"fields":{"humidity":54.18,"pressure":1010.29,"temperature":23.31},"name":"mqtt_consumer","tags":{"topic":"arsip/sensor"},"timestamp":"2026-07-15 09:53:55"}
{"fields":{"humidity":54.7,"pressure":1010.28,"temperature":23.34},"name":"mqtt_consumer","tags":{"topic":"arsip/sensor"},"timestamp":"2026-07-15 09:54:00"}
{"fields":{"humidity":54.71,"pressure":1010.25,"temperature":23.36},"name":"mqtt_consumer","tags":{"topic":"arsip/sensor"},"timestamp":"2026-07-15 09:54:05"}
{"fields":{"humidity":54.09,"pressure":1010.28,"temperature":23.36},"name":"mqtt_consumer","tags":{"topic":"arsip/sensor"},"timestamp":"2026-07-15 09:54:10"}
{"fields":{"humidity":54,"pressure":1010.27,"temperature":23.38},"name":"mqtt_consumer","tags":{"topic":"arsip/sensor"},"timestamp":"2026-07-15 09:54:15"}
{"fields":{"humidity":53.28,"pressure":1010.23,"temperature":23.32},"name":"mqtt_consumer","tags":{"topic":"arsip/sensor"},"timestamp":"2026-07-15 09:54:20"}
{"fields":{"humidity":53.07,"pressure":1010.26,"temperature":23.29},"name":"mqtt_consumer","tags":{"topic":"arsip/sensor"},"timestamp":"2026-07-15 09:54:25"}
{"fields":{"humidity":53.46,"pressure":1010.25,"temperature":23.25},"name":"mqtt_consumer","tags":{"topic":"arsip/sensor"},"timestamp":"2026-07-15 09:54:30"}
{"fields":{"humidity":53.37,"pressure":1010.25,"temperature":23.21},"name":"mqtt_consumer","tags":{"topic":"arsip/sensor"},"timestamp":"2026-07-15 09:54:35"}
{"fields":{"humidity":53.26,"pressure":1010.25,"temperature":23.15},"name":"mqtt_consumer","tags":{"topic":"arsip/sensor"},"timestamp":"2026-07-15 09:54:40"}
{"fields":{"humidity":53.39,"pressure":1010.25,"temperature":23.13},"name":"mqtt_consumer","tags":{"topic":"arsip/sensor"},"timestamp":"2026-07-15 09:54:45"}
{"fields":{"humidity":53.58,"pressure":1010.25,"temperature":23.09},"name":"mqtt_consumer","tags":{"topic":"arsip/sensor"},"timestamp":"2026-07-15 09:54:50"}
{"fields":{"humidity":53.28,"pressure":1010.24,"temperature":23.11},"name":"mqtt_consumer","tags":{"topic":"arsip/sensor"},"timestamp":"2026-07-15 09:54:55"}
{"fields":{"humidity":53.13,"pressure":1010.25,"temperature":23.13},"name":"mqtt_consumer","tags":{"topic":"arsip/sensor"},"timestamp":"2026-07-15 09:55:00"}
{"fields":{"humidity":52.97,"pressure":1010.25,"temperature":23.14},"name":"mqtt_consumer","tags":{"topic":"arsip/sensor"},"timestamp":"2026-07-15 09:55:05"}
{"fields":{"humidity":53.21,"pressure":1010.25,"temperature":23.17},"name":"mqtt_consumer","tags":{"topic":"arsip/sensor"},"timestamp":"2026-07-15 09:55:10"}
{"fields":{"humidity":52.81,"pressure":1010.27,"temperature":23.17},"name":"mqtt_consumer","tags":{"topic":"arsip/sensor"},"timestamp":"2026-07-15 09:55:15"}
{"fields":{"humidity":52.98,"pressure":1010.23,"temperature":23.18},"name":"mqtt_consumer","tags":{"topic":"arsip/sensor"},"timestamp":"2026-07-15 09:55:20"}
{"fields":{"humidity":52.82,"pressure":1010.24,"temperature":23.18},"name":"mqtt_consumer","tags":{"topic":"arsip/sensor"},"timestamp":"2026-07-15 09:55:25"}
{"fields":{"humidity":52.55,"pressure":1010.24,"temperature":23.15},"name":"mqtt_consumer","tags":{"topic":"arsip/sensor"},"timestamp":"2026-07-15 09:55:30"}
{"fields":{"humidity":52.47,"pressure":1010.26,"temperature":23.15},"name":"mqtt_consumer","tags":{"topic":"arsip/sensor"},"timestamp":"2026-07-15 09:55:35"}
{"fields":{"humidity":52.28,"pressure":1010.25,"temperature":23.14},"name":"mqtt_consumer","tags":{"topic":"arsip/sensor"},"timestamp":"2026-07-15 09:55:40"}
{"fields":{"humidity":52.1,"pressure":1010.24,"temperature":23.11},"name":"mqtt_consumer","tags":{"topic":"arsip/sensor"},"timestamp":"2026-07-15 09:55:45"}
{"fields":{"humidity":52.2,"pressure":1010.23,"temperature":23.1},"name":"mqtt_consumer","tags":{"topic":"arsip/sensor"},"timestamp":"2026-07-15 09:55:50"}
{"fields":{"humidity":52.34,"pressure":1010.23,"temperature":23.11},"name":"mqtt_consumer","tags":{"topic":"arsip/sensor"},"timestamp":"2026-07-15 09:55:55"}
{"fields":{"humidity":52.17,"pressure":1010.25,"temperature":23.1},"name":"mqtt_consumer","tags":{"topic":"arsip/sensor"},"timestamp":"2026-07-15 09:56:00"}
{"fields":{"humidity":52.38,"pressure":1010.25,"temperature":23.11},"name":"mqtt_consumer","tags":{"topic":"arsip/sensor"},"timestamp":"2026-07-15 09:56:05"}
{"fields":{"humidity":52.24,"pressure":1010.18,"temperature":23.08},"name":"mqtt_consumer","tags":{"topic":"arsip/sensor"},"timestamp":"2026-07-15 09:56:26"}
{"fields":{"humidity":52.34,"pressure":1010.21,"temperature":23.09},"name":"mqtt_consumer","tags":{"topic":"arsip/sensor"},"timestamp":"2026-07-15 09:56:33"}
{"fields":{"humidity":52.16,"pressure":1010.24,"temperature":23.09},"name":"mqtt_consumer","tags":{"topic":"arsip/sensor"},"timestamp":"2026-07-15 09:56:38"}
{"fields":{"humidity":52.26,"pressure":1010.2,"temperature":23.07},"name":"mqtt_consumer","tags":{"topic":"arsip/sensor"},"timestamp":"2026-07-15 09:56:43"}
{"fields":{"humidity":52.26,"pressure":1010.18,"temperature":23.02},"name":"mqtt_consumer","tags":{"topic":"arsip/sensor"},"timestamp":"2026-07-15 09:56:48"}
{"fields":{"humidity":52.32,"pressure":1010.2,"temperature":23.02},"name":"mqtt_consumer","tags":{"topic":"arsip/sensor"},"timestamp":"2026-07-15 09:56:53"}
{"fields":{"humidity":52.2,"pressure":1010.2,"temperature":22.96},"name":"mqtt_consumer","tags":{"topic":"arsip/sensor"},"timestamp":"2026-07-15 09:56:58"}
{"fields":{"humidity":52.38,"pressure":1010.21,"temperature":22.97},"name":"mqtt_consumer","tags":{"topic":"arsip/sensor"},"timestamp":"2026-07-15 09:57:03"}
{"fields":{"humidity":52.48,"pressure":1010.19,"temperature":22.93},"name":"mqtt_consumer","tags":{"topic":"arsip/sensor"},"timestamp":"2026-07-15 09:57:08"}
{"fields":{"humidity":52.58,"pressure":1010.2,"temperature":22.94},"name":"mqtt_consumer","tags":{"topic":"arsip/sensor"},"timestamp":"2026-07-15 09:57:13"}
{"fields":{"humidity":52.56,"pressure":1010.19,"temperature":22.95},"name":"mqtt_consumer","tags":{"topic":"arsip/sensor"},"timestamp":"2026-07-15 09:57:18"}
{"fields":{"humidity":52.35,"pressure":1010.17,"temperature":22.9},"name":"mqtt_consumer","tags":{"topic":"arsip/sensor"},"timestamp":"2026-07-15 09:57:23"}
{"fields":{"humidity":52.28,"pressure":1010.18,"temperature":22.9},"name":"mqtt_consumer","tags":{"topic":"arsip/sensor"},"timestamp":"2026-07-15 09:57:28"}
{"fields":{"humidity":52.44,"pressure":1010.16,"temperature":22.91},"name":"mqtt_consumer","tags":{"topic":"arsip/sensor"},"timestamp":"2026-07-15 09:57:33"}
{"fields":{"humidity":52.57,"pressure":1010.2,"temperature":22.9},"name":"mqtt_consumer","tags":{"topic":"arsip/sensor"},"timestamp":"2026-07-15 09:57:38"}
{"fields":{"humidity":52.78,"pressure":1010.21,"temperature":22.89},"name":"mqtt_consumer","tags":{"topic":"arsip/sensor"},"timestamp":"2026-07-15 09:57:43"}
{"fields":{"humidity":52.86,"pressure":1010.21,"temperature":22.92},"name":"mqtt_consumer","tags":{"topic":"arsip/sensor"},"timestamp":"2026-07-15 09:57:48"}
{"fields":{"humidity":52.97,"pressure":1010.2,"temperature":22.92},"name":"mqtt_consumer","tags":{"topic":"arsip/sensor"},"timestamp":"2026-07-15 09:57:53"}
{"fields":{"humidity":52.94,"pressure":1010.17,"temperature":22.95},"name":"mqtt_consumer","tags":{"topic":"arsip/sensor"},"timestamp":"2026-07-15 09:57:58"}
{"fields":{"humidity":53.11,"pressure":1010.17,"temperature":22.97},"name":"mqtt_consumer","tags":{"topic":"arsip/sensor"},"timestamp":"2026-07-15 09:58:03"}
{"fields":{"humidity":53.13,"pressure":1010.2,"temperature":22.98},"name":"mqtt_consumer","tags":{"topic":"arsip/sensor"},"timestamp":"2026-07-15 09:58:08"}
{"fields":{"humidity":53.19,"pressure":1010.19,"temperature":22.97},"name":"mqtt_consumer","tags":{"topic":"arsip/sensor"},"timestamp":"2026-07-15 09:58:13"}
{"fields":{"humidity":53.21,"pressure":1010.18,"temperature":22.95},"name":"mqtt_consumer","tags":{"topic":"arsip/sensor"},"timestamp":"2026-07-15 09:58:18"}
{"fields":{"humidity":53.07,"pressure":1010.19,"temperature":22.93},"name":"mqtt_consumer","tags":{"topic":"arsip/sensor"},"timestamp":"2026-07-15 09:58:23"}
{"fields":{"humidity":53.03,"pressure":1010.2,"temperature":22.93},"name":"mqtt_consumer","tags":{"topic":"arsip/sensor"},"timestamp":"2026-07-15 09:58:28"}
{"fields":{"humidity":53.06,"pressure":1010.18,"temperature":22.91},"name":"mqtt_consumer","tags":{"topic":"arsip/sensor"},"timestamp":"2026-07-15 09:58:33"}
{"fields":{"humidity":53.09,"pressure":1010.18,"temperature":22.91},"name":"mqtt_consumer","tags":{"topic":"arsip/sensor"},"timestamp":"2026-07-15 09:58:38"}
{"fields":{"humidity":53.08,"pressure":1010.19,"temperature":22.92},"name":"mqtt_consumer","tags":{"topic":"arsip/sensor"},"timestamp":"2026-07-15 09:58:43"}
{"fields":{"humidity":53.05,"pressure":1010.2,"temperature":22.92},"name":"mqtt_consumer","tags":{"topic":"arsip/sensor"},"timestamp":"2026-07-15 09:58:48"}
{"fields":{"humidity":53.18,"pressure":1010.18,"temperature":22.93},"name":"mqtt_consumer","tags":{"topic":"arsip/sensor"},"timestamp":"2026-07-15 09:58:53"}
{"fields":{"humidity":53.31,"pressure":1010.19,"temperature":22.92},"name":"mqtt_consumer","tags":{"topic":"arsip/sensor"},"timestamp":"2026-07-15 09:58:58"}
{"fields":{"humidity":53.36,"pressure":1010.2,"temperature":22.9},"name":"mqtt_consumer","tags":{"topic":"arsip/sensor"},"timestamp":"2026-07-15 09:59:03"}
{"fields":{"humidity":53.48,"pressure":1010.2,"temperature":22.9},"name":"mqtt_consumer","tags":{"topic":"arsip/sensor"},"timestamp":"2026-07-15 09:59:08"}
{"fields":{"humidity":53.44,"pressure":1010.21,"temperature":22.9},"name":"mqtt_consumer","tags":{"topic":"arsip/sensor"},"timestamp":"2026-07-15 09:59:13"}
{"fields":{"humidity":53.34,"pressure":1010.2,"temperature":22.89},"name":"mqtt_consumer","tags":{"topic":"arsip/sensor"},"timestamp":"2026-07-15 09:59:18"}
{"fields":{"humidity":53.38,"pressure":1010.22,"temperature":22.93},"name":"mqtt_consumer","tags":{"topic":"arsip/sensor"},"timestamp":"2026-07-15 09:59:23"}
{"fields":{"humidity":53.31,"pressure":1010.22,"temperature":22.93},"name":"mqtt_consumer","tags":{"topic":"arsip/sensor"},"timestamp":"2026-07-15 09:59:28"}
{"fields":{"humidity":53.35,"pressure":1010.21,"temperature":22.94},"name":"mqtt_consumer","tags":{"topic":"arsip/sensor"},"timestamp":"2026-07-15 09:59:33"}
{"fields":{"humidity":53.29,"pressure":1010.2,"temperature":22.96},"name":"mqtt_consumer","tags":{"topic":"arsip/sensor"},"timestamp":"2026-07-15 09:59:38"}
{"fields":{"humidity":53.08,"pressure":1010.21,"temperature":22.96},"name":"mqtt_consumer","tags":{"topic":"arsip/sensor"},"timestamp":"2026-07-15 09:59:43"}
{"fields":{"humidity":52.98,"pressure":1010.2,"temperature":22.98},"name":"mqtt_consumer","tags":{"topic":"arsip/sensor"},"timestamp":"2026-07-15 09:59:48"}
{"fields":{"humidity":53.02,"pressure":1010.21,"temperature":22.99},"name":"mqtt_consumer","tags":{"topic":"arsip/sensor"},"timestamp":"2026-07-15 09:59:53"}
{"fields":{"humidity":52.96,"pressure":1010.21,"temperature":23.01},"name":"mqtt_consumer","tags":{"topic":"arsip/sensor"},"timestamp":"2026-07-15 09:59:58"}
{"fields":{"humidity":53.18,"pressure":1010.21,"temperature":23.02},"name":"mqtt_consumer","tags":{"topic":"arsip/sensor"},"timestamp":"2026-07-15 10:00:03"}
{"fields":{"humidity":53,"pressure":1010.25,"temperature":23.1},"name":"mqtt_consumer","tags":{"topic":"arsip/sensor"},"timestamp":"2026-07-15 10:00:08"}
{"fields":{"humidity":52.58,"pressure":1010.26,"temperature":23.12},"name":"mqtt_consumer","tags":{"topic":"arsip/sensor"},"timestamp":"2026-07-15 10:00:13"}
{"fields":{"humidity":52.48,"pressure":1010.23,"temperature":23.12},"name":"mqtt_consumer","tags":{"topic":"arsip/sensor"},"timestamp":"2026-07-15 10:00:18"}
{"fields":{"humidity":52.29,"pressure":1010.22,"temperature":23.12},"name":"mqtt_consumer","tags":{"topic":"arsip/sensor"},"timestamp":"2026-07-15 10:00:23"}
{"fields":{"humidity":51.98,"pressure":1010.23,"temperature":23.11},"name":"mqtt_consumer","tags":{"topic":"arsip/sensor"},"timestamp":"2026-07-15 10:00:28"}
{"fields":{"humidity":51.91,"pressure":1010.23,"temperature":23.1},"name":"mqtt_consumer","tags":{"topic":"arsip/sensor"},"timestamp":"2026-07-15 10:00:33"}
{"fields":{"humidity":52.11,"pressure":1010.22,"temperature":23.11},"name":"mqtt_consumer","tags":{"topic":"arsip/sensor"},"timestamp":"2026-07-15 10:00:38"}
{"fields":{"humidity":51.89,"pressure":1010.27,"temperature":23.14},"name":"mqtt_consumer","tags":{"topic":"arsip/sensor"},"timestamp":"2026-07-15 10:00:43"}
{"fields":{"humidity":51.81,"pressure":1010.22,"temperature":23.13},"name":"mqtt_consumer","tags":{"topic":"arsip/sensor"},"timestamp":"2026-07-15 10:00:48"}
{"fields":{"humidity":51.54,"pressure":1010.21,"temperature":23.13},"name":"mqtt_consumer","tags":{"topic":"arsip/sensor"},"timestamp":"2026-07-15 10:00:53"}
{"fields":{"humidity":51.53,"pressure":1010.25,"temperature":23.14},"name":"mqtt_consumer","tags":{"topic":"arsip/sensor"},"timestamp":"2026-07-15 10:00:58"}
{"fields":{"humidity":51.68,"pressure":1010.26,"temperature":23.14},"name":"mqtt_consumer","tags":{"topic":"arsip/sensor"},"timestamp":"2026-07-15 10:01:03"}
{"fields":{"humidity":51.52,"pressure":1010.27,"temperature":23.13},"name":"mqtt_consumer","tags":{"topic":"arsip/sensor"},"timestamp":"2026-07-15 10:01:08"}
{"fields":{"humidity":51.57,"pressure":1010.24,"temperature":23.09},"name":"mqtt_consumer","tags":{"topic":"arsip/sensor"},"timestamp":"2026-07-15 10:01:13"}
{"fields":{"humidity":51.46,"pressure":1010.24,"temperature":23.09},"name":"mqtt_consumer","tags":{"topic":"arsip/sensor"},"timestamp":"2026-07-15 10:01:18"}
{"fields":{"humidity":51.61,"pressure":1010.22,"temperature":23.12},"name":"mqtt_consumer","tags":{"topic":"arsip/sensor"},"timestamp":"2026-07-15 10:01:23"}
{"fields":{"humidity":51.58,"pressure":1010.24,"temperature":23.14},"name":"mqtt_consumer","tags":{"topic":"arsip/sensor"},"timestamp":"2026-07-15 10:01:28"}
{"fields":{"humidity":51.53,"pressure":1010.24,"temperature":23.15},"name":"mqtt_consumer","tags":{"topic":"arsip/sensor"},"timestamp":"2026-07-15 10:01:33"}
{"fields":{"humidity":51.27,"pressure":1010.24,"temperature":23.11},"name":"mqtt_consumer","tags":{"topic":"arsip/sensor"},"timestamp":"2026-07-15 10:01:38"}
{"fields":{"humidity":51.17,"pressure":1010.21,"temperature":23.11},"name":"mqtt_consumer","tags":{"topic":"arsip/sensor"},"timestamp":"2026-07-15 10:01:43"}
{"fields":{"humidity":51.15,"pressure":1010.24,"temperature":23.11},"name":"mqtt_consumer","tags":{"topic":"arsip/sensor"},"timestamp":"2026-07-15 10:01:48"}
{"fields":{"humidity":50.97,"pressure":1010.23,"temperature":23.09},"name":"mqtt_consumer","tags":{"topic":"arsip/sensor"},"timestamp":"2026-07-15 10:01:53"}
{"fields":{"humidity":50.8,"pressure":1010.23,"temperature":23.06},"name":"mqtt_consumer","tags":{"topic":"arsip/sensor"},"timestamp":"2026-07-15 10:01:58"}
{"fields":{"humidity":51.07,"pressure":1010.21,"temperature":23.04},"name":"mqtt_consumer","tags":{"topic":"arsip/sensor"},"timestamp":"2026-07-15 10:02:03"}
{"fields":{"humidity":50.95,"pressure":1010.19,"temperature":23.01},"name":"mqtt_consumer","tags":{"topic":"arsip/sensor"},"timestamp":"2026-07-15 10:02:08"}
{"fields":{"humidity":51.31,"pressure":1010.22,"temperature":22.97},"name":"mqtt_consumer","tags":{"topic":"arsip/sensor"},"timestamp":"2026-07-15 10:02:13"}
{"fields":{"humidity":51.23,"pressure":1010.24,"temperature":22.93},"name":"mqtt_consumer","tags":{"topic":"arsip/sensor"},"timestamp":"2026-07-15 10:02:18"}
{"fields":{"humidity":51.31,"pressure":1010.2,"temperature":22.93},"name":"mqtt_consumer","tags":{"topic":"arsip/sensor"},"timestamp":"2026-07-15 10:02:23"}
{"fields":{"humidity":51.47,"pressure":1010.2,"temperature":22.95},"name":"mqtt_consumer","tags":{"topic":"arsip/sensor"},"timestamp":"2026-07-15 10:02:28"}
{"fields":{"humidity":51.59,"pressure":1010.18,"temperature":22.98},"name":"mqtt_consumer","tags":{"topic":"arsip/sensor"},"timestamp":"2026-07-15 10:02:33"}
{"fields":{"humidity":51.99,"pressure":1010.18,"temperature":23},"name":"mqtt_consumer","tags":{"topic":"arsip/sensor"},"timestamp":"2026-07-15 10:02:38"}
{"fields":{"humidity":52.28,"pressure":1010.18,"temperature":23.01},"name":"mqtt_consumer","tags":{"topic":"arsip/sensor"},"timestamp":"2026-07-15 10:02:43"}
{"fields":{"humidity":52.56,"pressure":1010.19,"temperature":23.01},"name":"mqtt_consumer","tags":{"topic":"arsip/sensor"},"timestamp":"2026-07-15 10:02:48"}
{"fields":{"humidity":52.41,"pressure":1010.16,"temperature":23.01},"name":"mqtt_consumer","tags":{"topic":"arsip/sensor"},"timestamp":"2026-07-15 10:02:53"}
{"fields":{"humidity":52.29,"pressure":1010.19,"temperature":23.02},"name":"mqtt_consumer","tags":{"topic":"arsip/sensor"},"timestamp":"2026-07-15 10:02:58"}
{"fields":{"humidity":52.19,"pressure":1010.21,"temperature":22.99},"name":"mqtt_consumer","tags":{"topic":"arsip/sensor"},"timestamp":"2026-07-15 10:03:03"}
{"fields":{"humidity":52.07,"pressure":1010.2,"temperature":22.96},"name":"mqtt_consumer","tags":{"topic":"arsip/sensor"},"timestamp":"2026-07-15 10:03:08"}
{"fields":{"humidity":52.17,"pressure":1010.18,"temperature":22.96},"name":"mqtt_consumer","tags":{"topic":"arsip/sensor"},"timestamp":"2026-07-15 10:03:13"}
{"fields":{"humidity":52.46,"pressure":1010.21,"temperature":22.98},"name":"mqtt_consumer","tags":{"topic":"arsip/sensor"},"timestamp":"2026-07-15 10:03:18"}
{"fields":{"humidity":52.28,"pressure":1010.2,"temperature":22.96},"name":"mqtt_consumer","tags":{"topic":"arsip/sensor"},"timestamp":"2026-07-15 10:03:23"}
{"fields":{"humidity":52.08,"pressure":1010.21,"temperature":22.94},"name":"mqtt_consumer","tags":{"topic":"arsip/sensor"},"timestamp":"2026-07-15 10:03:28"}
{"fields":{"humidity":52.02,"pressure":1010.18,"temperature":22.92},"name":"mqtt_consumer","tags":{"topic":"arsip/sensor"},"timestamp":"2026-07-15 10:03:33"}
{"fields":{"humidity":52,"pressure":1010.2,"temperature":22.89},"name":"mqtt_consumer","tags":{"topic":"arsip/sensor"},"timestamp":"2026-07-15 10:03:38"}
{"fields":{"humidity":52.08,"pressure":1010.24,"temperature":22.87},"name":"mqtt_consumer","tags":{"topic":"arsip/sensor"},"timestamp":"2026-07-15 10:03:43"}
{"fields":{"humidity":52.06,"pressure":1010.2,"temperature":22.9},"name":"mqtt_consumer","tags":{"topic":"arsip/sensor"},"timestamp":"2026-07-15 10:03:48"}
{"fields":{"humidity":51.79,"pressure":1010.22,"temperature":22.9},"name":"mqtt_consumer","tags":{"topic":"arsip/sensor"},"timestamp":"2026-07-15 10:03:53"}
{"fields":{"humidity":51.74,"pressure":1010.23,"temperature":22.82},"name":"mqtt_consumer","tags":{"topic":"arsip/sensor"},"timestamp":"2026-07-15 03:04:03"}
{"fields":{"humidity":51.83,"pressure":1010.22,"temperature":22.82},"name":"mqtt_consumer","tags":{"topic":"arsip/sensor"},"timestamp":"2026-07-15 03:04:08"}
{"fields":{"humidity":51.82,"pressure":1010.22,"temperature":22.83},"name":"mqtt_consumer","tags":{"topic":"arsip/sensor"},"timestamp":"2026-07-15 03:04:13"}
{"fields":{"humidity":51.84,"pressure":1010.22,"temperature":22.79},"name":"mqtt_consumer","tags":{"topic":"arsip/sensor"},"timestamp":"2026-07-15 03:04:18"}
{"fields":{"humidity":51.85,"pressure":1010.19,"temperature":22.81},"name":"mqtt_consumer","tags":{"topic":"arsip/sensor"},"timestamp":"2026-07-15 03:04:23"}
{"fields":{"humidity":51.95,"pressure":1010.18,"temperature":22.79},"name":"mqtt_consumer","tags":{"topic":"arsip/sensor"},"timestamp":"2026-07-15 03:04:28"}
{"fields":{"humidity":52.09,"pressure":1010.2,"temperature":22.81},"name":"mqtt_consumer","tags":{"topic":"arsip/sensor"},"timestamp":"2026-07-15 03:04:33"}
{"fields":{"humidity":52.06,"pressure":1010.23,"temperature":22.81},"name":"mqtt_consumer","tags":{"topic":"arsip/sensor"},"timestamp":"2026-07-15 03:04:38"}
{"fields":{"humidity":52.06,"pressure":1010.2,"temperature":22.79},"name":"mqtt_consumer","tags":{"topic":"arsip/sensor"},"timestamp":"2026-07-15 03:04:43"}
{"fields":{"humidity":52.04,"pressure":1010.21,"temperature":22.77},"name":"mqtt_consumer","tags":{"topic":"arsip/sensor"},"timestamp":"2026-07-15 03:04:48"}
{"fields":{"humidity":52.12,"pressure":1010.22,"temperature":22.76},"name":"mqtt_consumer","tags":{"topic":"arsip/sensor"},"timestamp":"2026-07-15 03:04:53"}
{"fields":{"humidity":52.1,"pressure":1010.21,"temperature":22.74},"name":"mqtt_consumer","tags":{"topic":"arsip/sensor"},"timestamp":"2026-07-15 03:04:58"}
{"fields":{"humidity":52.09,"pressure":1010.21,"temperature":22.74},"name":"mqtt_consumer","tags":{"topic":"arsip/sensor"},"timestamp":"2026-07-15 03:05:03"}
{"fields":{"humidity":52.1,"pressure":1010.2,"temperature":22.73},"name":"mqtt_consumer","tags":{"topic":"arsip/sensor"},"timestamp":"2026-07-15 03:05:08"}
{"fields":{"humidity":52.08,"pressure":1010.2,"temperature":22.75},"name":"mqtt_consumer","tags":{"topic":"arsip/sensor"},"timestamp":"2026-07-15 03:05:13"}
{"fields":{"humidity":51.94,"pressure":1010.17,"temperature":22.7},"name":"mqtt_consumer","tags":{"topic":"arsip/sensor"},"timestamp":"2026-07-15 03:05:18"}
{"fields":{"humidity":52.15,"pressure":1010.22,"temperature":22.68},"name":"mqtt_consumer","tags":{"topic":"arsip/sensor"},"timestamp":"2026-07-15 03:05:23"}
{"fields":{"humidity":52.24,"pressure":1010.22,"temperature":22.69},"name":"mqtt_consumer","tags":{"topic":"arsip/sensor"},"timestamp":"2026-07-15 03:05:28"}
{"fields":{"humidity":52.42,"pressure":1010.21,"temperature":22.73},"name":"mqtt_consumer","tags":{"topic":"arsip/sensor"},"timestamp":"2026-07-15 03:05:33"}
{"fields":{"humidity":52.33,"pressure":1010.22,"temperature":22.75},"name":"mqtt_consumer","tags":{"topic":"arsip/sensor"},"timestamp":"2026-07-15 03:05:38"}
{"fields":{"humidity":52.3,"pressure":1010.22,"temperature":22.74},"name":"mqtt_consumer","tags":{"topic":"arsip/sensor"},"timestamp":"2026-07-15 03:05:43"}
{"fields":{"humidity":52.48,"pressure":1010.21,"temperature":22.76},"name":"mqtt_consumer","tags":{"topic":"arsip/sensor"},"timestamp":"2026-07-15 03:05:48"}
{"fields":{"humidity":52.57,"pressure":1010.21,"temperature":22.74},"name":"mqtt_consumer","tags":{"topic":"arsip/sensor"},"timestamp":"2026-07-15 03:05:53"}
{"fields":{"humidity":52.66,"pressure":1010.22,"temperature":22.74},"name":"mqtt_consumer","tags":{"topic":"arsip/sensor"},"timestamp":"2026-07-15 03:05:58"}
{"fields":{"humidity":52.73,"pressure":1010.18,"temperature":22.74},"name":"mqtt_consumer","tags":{"topic":"arsip/sensor"},"timestamp":"2026-07-15 03:06:03"}
{"fields":{"humidity":52.95,"pressure":1010.24,"temperature":22.76},"name":"mqtt_consumer","tags":{"topic":"arsip/sensor"},"timestamp":"2026-07-15 03:06:08"}
{"fields":{"humidity":52.93,"pressure":1010.22,"temperature":22.77},"name":"mqtt_consumer","tags":{"topic":"arsip/sensor"},"timestamp":"2026-07-15 03:06:13"}
{"fields":{"humidity":53.26,"pressure":1010.24,"temperature":22.78},"name":"mqtt_consumer","tags":{"topic":"arsip/sensor"},"timestamp":"2026-07-15 03:06:18"}
{"fields":{"humidity":53.76,"pressure":1010.22,"temperature":22.77},"name":"mqtt_consumer","tags":{"topic":"arsip/sensor"},"timestamp":"2026-07-15 03:06:23"}
{"fields":{"humidity":54.41,"pressure":1010.24,"temperature":22.77},"name":"mqtt_consumer","tags":{"topic":"arsip/sensor"},"timestamp":"2026-07-15 03:06:28"}
{"fields":{"humidity":54.77,"pressure":1010.27,"temperature":22.77},"name":"mqtt_consumer","tags":{"topic":"arsip/sensor"},"timestamp":"2026-07-15 03:06:33"}
{"fields":{"humidity":54.9,"pressure":1010.26,"temperature":22.76},"name":"mqtt_consumer","tags":{"topic":"arsip/sensor"},"timestamp":"2026-07-15 03:06:38"}
{"fields":{"humidity":54.73,"pressure":1010.27,"temperature":22.78},"name":"mqtt_consumer","tags":{"topic":"arsip/sensor"},"timestamp":"2026-07-15 03:06:43"}
{"fields":{"humidity":54.4,"pressure":1010.29,"temperature":22.78},"name":"mqtt_consumer","tags":{"topic":"arsip/sensor"},"timestamp":"2026-07-15 03:06:48"}
{"fields":{"humidity":54.17,"pressure":1010.28,"temperature":22.79},"name":"mqtt_consumer","tags":{"topic":"arsip/sensor"},"timestamp":"2026-07-15 03:06:53"}
{"fields":{"humidity":53.77,"pressure":1010.27,"temperature":22.78},"name":"mqtt_consumer","tags":{"topic":"arsip/sensor"},"timestamp":"2026-07-15 03:06:58"}
{"fields":{"humidity":53.56,"pressure":1010.24,"temperature":22.78},"name":"mqtt_consumer","tags":{"topic":"arsip/sensor"},"timestamp":"2026-07-15 03:07:03"}
{"fields":{"humidity":53.41,"pressure":1010.23,"temperature":22.78},"name":"mqtt_consumer","tags":{"topic":"arsip/sensor"},"timestamp":"2026-07-15 03:07:08"}
{"fields":{"humidity":53.32,"pressure":1010.23,"temperature":22.8},"name":"mqtt_consumer","tags":{"topic":"arsip/sensor"},"timestamp":"2026-07-15 03:07:13"}
{"fields":{"humidity":53.23,"pressure":1010.24,"temperature":22.81},"name":"mqtt_consumer","tags":{"topic":"arsip/sensor"},"timestamp":"2026-07-15 03:07:18"}
{"fields":{"humidity":53.21,"pressure":1010.22,"temperature":22.79},"name":"mqtt_consumer","tags":{"topic":"arsip/sensor"},"timestamp":"2026-07-15 03:07:23"}
{"fields":{"humidity":52.99,"pressure":1010.25,"temperature":22.79},"name":"mqtt_consumer","tags":{"topic":"arsip/sensor"},"timestamp":"2026-07-15 03:07:28"}
{"fields":{"humidity":52.84,"pressure":1010.27,"temperature":22.8},"name":"mqtt_consumer","tags":{"topic":"arsip/sensor"},"timestamp":"2026-07-15 03:07:33"}
{"fields":{"humidity":52.74,"pressure":1010.25,"temperature":22.81},"name":"mqtt_consumer","tags":{"topic":"arsip/sensor"},"timestamp":"2026-07-15 03:07:38"}
{"fields":{"humidity":52.56,"pressure":1010.24,"temperature":22.8},"name":"mqtt_consumer","tags":{"topic":"arsip/sensor"},"timestamp":"2026-07-15 03:07:43"}
{"fields":{"humidity":52.41,"pressure":1010.25,"temperature":22.78},"name":"mqtt_consumer","tags":{"topic":"arsip/sensor"},"timestamp":"2026-07-15 03:07:48"}
{"fields":{"humidity":52.4,"pressure":1010.24,"temperature":22.77},"name":"mqtt_consumer","tags":{"topic":"arsip/sensor"},"timestamp":"2026-07-15 03:07:53"}
{"fields":{"humidity":52.54,"pressure":1010.21,"temperature":22.78},"name":"mqtt_consumer","tags":{"topic":"arsip/sensor"},"timestamp":"2026-07-15 03:07:58"}
{"fields":{"humidity":52.63,"pressure":1010.23,"temperature":22.77},"name":"mqtt_consumer","tags":{"topic":"arsip/sensor"},"timestamp":"2026-07-15 03:08:03"}
{"fields":{"humidity":52.72,"pressure":1010.22,"temperature":22.76},"name":"mqtt_consumer","tags":{"topic":"arsip/sensor"},"timestamp":"2026-07-15 03:08:08"}
{"fields":{"humidity":52.86,"pressure":1010.2,"temperature":22.75},"name":"mqtt_consumer","tags":{"topic":"arsip/sensor"},"timestamp":"2026-07-15 03:08:13"}
{"fields":{"humidity":52.97,"pressure":1010.23,"temperature":22.76},"name":"mqtt_consumer","tags":{"topic":"arsip/sensor"},"timestamp":"2026-07-15 03:08:18"}
{"fields":{"humidity":52.86,"pressure":1010.24,"temperature":22.76},"name":"mqtt_consumer","tags":{"topic":"arsip/sensor"},"timestamp":"2026-07-15 03:08:23"}
{"fields":{"humidity":52.74,"pressure":1010.21,"temperature":22.74},"name":"mqtt_consumer","tags":{"topic":"arsip/sensor"},"timestamp":"2026-07-15 03:08:28"}
{"fields":{"humidity":52.6,"pressure":1010.22,"temperature":22.73},"name":"mqtt_consumer","tags":{"topic":"arsip/sensor"},"timestamp":"2026-07-15 03:08:33"}
{"fields":{"humidity":52.61,"pressure":1010.21,"temperature":22.73},"name":"mqtt_consumer","tags":{"topic":"arsip/sensor"},"timestamp":"2026-07-15 03:08:38"}
{"fields":{"humidity":52.75,"pressure":1010.25,"temperature":22.72},"name":"mqtt_consumer","tags":{"topic":"arsip/sensor"},"timestamp":"2026-07-15 03:08:43"}
{"fields":{"humidity":52.82,"pressure":1010.24,"temperature":22.75},"name":"mqtt_consumer","tags":{"topic":"arsip/sensor"},"timestamp":"2026-07-15 03:08:48"}
{"fields":{"humidity":52.83,"pressure":1010.25,"temperature":22.73},"name":"mqtt_consumer","tags":{"topic":"arsip/sensor"},"timestamp":"2026-07-15 03:08:53"}
{"fields":{"humidity":52.69,"pressure":1010.22,"temperature":22.71},"name":"mqtt_consumer","tags":{"topic":"arsip/sensor"},"timestamp":"2026-07-15 03:08:58"}
{"fields":{"humidity":52.79,"pressure":1010.25,"temperature":22.73},"name":"mqtt_consumer","tags":{"topic":"arsip/sensor"},"timestamp":"2026-07-15 03:09:03"}
{"fields":{"humidity":52.64,"pressure":1010.27,"temperature":22.73},"name":"mqtt_consumer","tags":{"topic":"arsip/sensor"},"timestamp":"2026-07-15 03:09:08"}
{"fields":{"humidity":52.45,"pressure":1010.26,"temperature":22.71},"name":"mqtt_consumer","tags":{"topic":"arsip/sensor"},"timestamp":"2026-07-15 03:09:13"}
{"fields":{"humidity":52.46,"pressure":1010.22,"temperature":22.67},"name":"mqtt_consumer","tags":{"topic":"arsip/sensor"},"timestamp":"2026-07-15 03:09:18"}
{"fields":{"humidity":52.46,"pressure":1010.25,"temperature":22.67},"name":"mqtt_consumer","tags":{"topic":"arsip/sensor"},"timestamp":"2026-07-15 03:09:23"}
{"fields":{"humidity":52.54,"pressure":1010.25,"temperature":22.68},"name":"mqtt_consumer","tags":{"topic":"arsip/sensor"},"timestamp":"2026-07-15 03:09:28"}
{"fields":{"humidity":52.31,"pressure":1010.26,"temperature":22.64},"name":"mqtt_consumer","tags":{"topic":"arsip/sensor"},"timestamp":"2026-07-15 03:09:33"}
{"fields":{"humidity":52.35,"pressure":1010.23,"temperature":22.6},"name":"mqtt_consumer","tags":{"topic":"arsip/sensor"},"timestamp":"2026-07-15 03:09:38"}
{"fields":{"humidity":52.4,"pressure":1010.24,"temperature":22.58},"name":"mqtt_consumer","tags":{"topic":"arsip/sensor"},"timestamp":"2026-07-15 03:09:43"}
{"fields":{"humidity":52.22,"pressure":1010.25,"temperature":22.61},"name":"mqtt_consumer","tags":{"topic":"arsip/sensor"},"timestamp":"2026-07-15 03:09:53"}
{"fields":{"humidity":52.19,"pressure":1010.25,"temperature":22.6},"name":"mqtt_consumer","tags":{"topic":"arsip/sensor"},"timestamp":"2026-07-15 03:09:58"}
{"fields":{"humidity":52.17,"pressure":1010.27,"temperature":22.57},"name":"mqtt_consumer","tags":{"topic":"arsip/sensor"},"timestamp":"2026-07-15 03:10:03"}
{"fields":{"humidity":52.25,"pressure":1010.24,"temperature":22.54},"name":"mqtt_consumer","tags":{"topic":"arsip/sensor"},"timestamp":"2026-07-15 03:10:08"}
{"fields":{"humidity":52.54,"pressure":1010.25,"temperature":22.57},"name":"mqtt_consumer","tags":{"topic":"arsip/sensor"},"timestamp":"2026-07-15 03:10:13"}
{"fields":{"humidity":52.67,"pressure":1010.24,"temperature":22.54},"name":"mqtt_consumer","tags":{"topic":"arsip/sensor"},"timestamp":"2026-07-15 03:10:18"}
{"fields":{"humidity":52.81,"pressure":1010.22,"temperature":22.55},"name":"mqtt_consumer","tags":{"topic":"arsip/sensor"},"timestamp":"2026-07-15 03:10:23"}
{"fields":{"humidity":52.87,"pressure":1010.22,"temperature":22.56},"name":"mqtt_consumer","tags":{"topic":"arsip/sensor"},"timestamp":"2026-07-15 03:10:28"}
{"fields":{"humidity":52.85,"pressure":1010.23,"temperature":22.55},"name":"mqtt_consumer","tags":{"topic":"arsip/sensor"},"timestamp":"2026-07-15 03:10:33"}
{"fields":{"humidity":52.83,"pressure":1010.23,"temperature":22.57},"name":"mqtt_consumer","tags":{"topic":"arsip/sensor"},"timestamp":"2026-07-15 03:10:38"}
{"fields":{"humidity":52.78,"pressure":1010.22,"temperature":22.57},"name":"mqtt_consumer","tags":{"topic":"arsip/sensor"},"timestamp":"2026-07-15 03:10:43"}
{"fields":{"humidity":52.87,"pressure":1010.21,"temperature":22.6},"name":"mqtt_consumer","tags":{"topic":"arsip/sensor"},"timestamp":"2026-07-15 03:10:48"}
{"fields":{"humidity":53.01,"pressure":1010.25,"temperature":22.57},"name":"mqtt_consumer","tags":{"topic":"arsip/sensor"},"timestamp":"2026-07-15 03:10:53"}
{"fields":{"humidity":53.23,"pressure":1010.25,"temperature":22.59},"name":"mqtt_consumer","tags":{"topic":"arsip/sensor"},"timestamp":"2026-07-15 03:10:58"}
{"fields":{"humidity":53.23,"pressure":1010.2,"temperature":22.59},"name":"mqtt_consumer","tags":{"topic":"arsip/sensor"},"timestamp":"2026-07-15 03:11:03"}
{"fields":{"humidity":53.27,"pressure":1010.2,"temperature":22.6},"name":"mqtt_consumer","tags":{"topic":"arsip/sensor"},"timestamp":"2026-07-15 03:11:08"}
{"fields":{"humidity":53.48,"pressure":1010.23,"temperature":22.61},"name":"mqtt_consumer","tags":{"topic":"arsip/sensor"},"timestamp":"2026-07-15 03:11:13"}
{"fields":{"humidity":53.71,"pressure":1010.22,"temperature":22.64},"name":"mqtt_consumer","tags":{"topic":"arsip/sensor"},"timestamp":"2026-07-15 03:11:18"}
{"fields":{"humidity":53.63,"pressure":1010.24,"temperature":22.66},"name":"mqtt_consumer","tags":{"topic":"arsip/sensor"},"timestamp":"2026-07-15 03:11:23"}
{"fields":{"humidity":53.53,"pressure":1010.23,"temperature":22.67},"name":"mqtt_consumer","tags":{"topic":"arsip/sensor"},"timestamp":"2026-07-15 03:11:28"}
{"fields":{"humidity":53.43,"pressure":1010.23,"temperature":22.69},"name":"mqtt_consumer","tags":{"topic":"arsip/sensor"},"timestamp":"2026-07-15 03:11:33"}
{"fields":{"humidity":53.34,"pressure":1010.23,"temperature":22.73},"name":"mqtt_consumer","tags":{"topic":"arsip/sensor"},"timestamp":"2026-07-15 03:11:38"}
{"fields":{"humidity":53.38,"pressure":1010.24,"temperature":22.72},"name":"mqtt_consumer","tags":{"topic":"arsip/sensor"},"timestamp":"2026-07-15 03:11:43"}
{"fields":{"humidity":53.22,"pressure":1010.2,"temperature":22.72},"name":"mqtt_consumer","tags":{"topic":"arsip/sensor"},"timestamp":"2026-07-15 03:11:48"}
{"fields":{"humidity":53.17,"pressure":1010.19,"temperature":22.73},"name":"mqtt_consumer","tags":{"topic":"arsip/sensor"},"timestamp":"2026-07-15 03:11:53"}
{"fields":{"humidity":53.15,"pressure":1010.18,"temperature":22.74},"name":"mqtt_consumer","tags":{"topic":"arsip/sensor"},"timestamp":"2026-07-15 03:11:58"}
{"fields":{"humidity":53.05,"pressure":1010.22,"temperature":22.77},"name":"mqtt_consumer","tags":{"topic":"arsip/sensor"},"timestamp":"2026-07-15 03:12:03"}
{"fields":{"humidity":53.02,"pressure":1010.21,"temperature":22.78},"name":"mqtt_consumer","tags":{"topic":"arsip/sensor"},"timestamp":"2026-07-15 03:12:08"}
{"fields":{"humidity":52.97,"pressure":1010.21,"temperature":22.79},"name":"mqtt_consumer","tags":{"topic":"arsip/sensor"},"timestamp":"2026-07-15 03:12:13"}
{"fields":{"humidity":52.9,"pressure":1010.25,"temperature":22.82},"name":"mqtt_consumer","tags":{"topic":"arsip/sensor"},"timestamp":"2026-07-15 03:12:18"}
{"fields":{"humidity":52.84,"pressure":1010.22,"temperature":22.82},"name":"mqtt_consumer","tags":{"topic":"arsip/sensor"},"timestamp":"2026-07-15 03:12:23"}
{"fields":{"humidity":52.73,"pressure":1010.2,"temperature":22.82},"name":"mqtt_consumer","tags":{"topic":"arsip/sensor"},"timestamp":"2026-07-15 03:12:28"}
{"fields":{"humidity":52.58,"pressure":1010.24,"temperature":22.81},"name":"mqtt_consumer","tags":{"topic":"arsip/sensor"},"timestamp":"2026-07-15 03:12:33"}
{"fields":{"humidity":52.64,"pressure":1010.2,"temperature":22.82},"name":"mqtt_consumer","tags":{"topic":"arsip/sensor"},"timestamp":"2026-07-15 03:12:38"}
{"fields":{"humidity":52.78,"pressure":1010.23,"temperature":22.81},"name":"mqtt_consumer","tags":{"topic":"arsip/sensor"},"timestamp":"2026-07-15 03:12:43"}
{"fields":{"humidity":61.57,"pressure":1011.17,"temperature":23.49},"name":"mqtt_consumer","tags":{"topic":"arsip/sensor"},"timestamp":"2026-07-16 03:10:47"}
{"fields":{"humidity":61.48,"pressure":1011.17,"temperature":23.47},"name":"mqtt_consumer","tags":{"topic":"arsip/sensor"},"timestamp":"2026-07-16 03:10:53"}
{"fields":{"humidity":61.61,"pressure":1011.24,"temperature":23.48},"name":"mqtt_consumer","tags":{"topic":"arsip/sensor"},"timestamp":"2026-07-16 03:10:57"}
{"fields":{"humidity":61.61,"pressure":1011.19,"temperature":23.47},"name":"mqtt_consumer","tags":{"topic":"arsip/sensor"},"timestamp":"2026-07-16 03:11:02"}
{"fields":{"humidity":61.53,"pressure":1011.19,"temperature":23.46},"name":"mqtt_consumer","tags":{"topic":"arsip/sensor"},"timestamp":"2026-07-16 03:11:07"}
{"fields":{"humidity":61.54,"pressure":1011.19,"temperature":23.46},"name":"mqtt_consumer","tags":{"topic":"arsip/sensor"},"timestamp":"2026-07-16 03:11:12"}
{"fields":{"humidity":61.49,"pressure":1011.18,"temperature":23.45},"name":"mqtt_consumer","tags":{"topic":"arsip/sensor"},"timestamp":"2026-07-16 03:11:17"}
{"fields":{"humidity":61.57,"pressure":1011.19,"temperature":23.45},"name":"mqtt_consumer","tags":{"topic":"arsip/sensor"},"timestamp":"2026-07-16 03:11:22"}
{"fields":{"humidity":61.49,"pressure":1011.19,"temperature":23.44},"name":"mqtt_consumer","tags":{"topic":"arsip/sensor"},"timestamp":"2026-07-16 03:11:28"}
{"fields":{"humidity":61.51,"pressure":1011.2,"temperature":23.44},"name":"mqtt_consumer","tags":{"topic":"arsip/sensor"},"timestamp":"2026-07-16 03:11:33"}
{"fields":{"humidity":61.37,"pressure":1011.19,"temperature":23.43},"name":"mqtt_consumer","tags":{"topic":"arsip/sensor"},"timestamp":"2026-07-16 03:11:38"}
{"fields":{"humidity":61.33,"pressure":1011.2,"temperature":23.42},"name":"mqtt_consumer","tags":{"topic":"arsip/sensor"},"timestamp":"2026-07-16 03:11:43"}
{"fields":{"humidity":61.35,"pressure":1011.16,"temperature":23.4},"name":"mqtt_consumer","tags":{"topic":"arsip/sensor"},"timestamp":"2026-07-16 03:11:48"}
{"fields":{"humidity":61.47,"pressure":1011.15,"temperature":23.4},"name":"mqtt_consumer","tags":{"topic":"arsip/sensor"},"timestamp":"2026-07-16 03:11:53"}
{"fields":{"humidity":61.38,"pressure":1011.2,"temperature":23.4},"name":"mqtt_consumer","tags":{"topic":"arsip/sensor"},"timestamp":"2026-07-16 03:11:58"}
{"fields":{"humidity":61.4,"pressure":1011.2,"temperature":23.41},"name":"mqtt_consumer","tags":{"topic":"arsip/sensor"},"timestamp":"2026-07-16 03:12:03"}
{"fields":{"humidity":61.48,"pressure":1011.18,"temperature":23.41},"name":"mqtt_consumer","tags":{"topic":"arsip/sensor"},"timestamp":"2026-07-16 03:12:08"}
{"fields":{"humidity":61.5,"pressure":1011.18,"temperature":23.38},"name":"mqtt_consumer","tags":{"topic":"arsip/sensor"},"timestamp":"2026-07-16 03:12:28"}
{"fields":{"humidity":61.53,"pressure":1011.18,"temperature":23.38},"name":"mqtt_consumer","tags":{"topic":"arsip/sensor"},"timestamp":"2026-07-16 03:12:33"}
{"fields":{"humidity":61.41,"pressure":1011.18,"temperature":23.36},"name":"mqtt_consumer","tags":{"topic":"arsip/sensor"},"timestamp":"2026-07-16 03:12:38"}
{"fields":{"humidity":62.26,"pressure":1011.2,"temperature":23.36},"name":"mqtt_consumer","tags":{"topic":"arsip/sensor"},"timestamp":"2026-07-16 03:12:43"}
{"fields":{"humidity":62.25,"pressure":1011.17,"temperature":23.37},"name":"mqtt_consumer","tags":{"topic":"arsip/sensor"},"timestamp":"2026-07-16 03:12:48"}
{"fields":{"humidity":61.98,"pressure":1011.21,"temperature":23.35},"name":"mqtt_consumer","tags":{"topic":"arsip/sensor"},"timestamp":"2026-07-16 03:12:53"}
{"fields":{"humidity":61.94,"pressure":1011.15,"temperature":23.35},"name":"mqtt_consumer","tags":{"topic":"arsip/sensor"},"timestamp":"2026-07-16 03:12:58"}
{"fields":{"humidity":61.81,"pressure":1011.18,"temperature":23.33},"name":"mqtt_consumer","tags":{"topic":"arsip/sensor"},"timestamp":"2026-07-16 03:13:03"}
{"fields":{"humidity":61.69,"pressure":1011.17,"temperature":23.33},"name":"mqtt_consumer","tags":{"topic":"arsip/sensor"},"timestamp":"2026-07-16 03:13:08"}
{"fields":{"humidity":61.75,"pressure":1011.17,"temperature":23.33},"name":"mqtt_consumer","tags":{"topic":"arsip/sensor"},"timestamp":"2026-07-16 03:13:13"}
{"fields":{"humidity":61.64,"pressure":1011.14,"temperature":23.33},"name":"mqtt_consumer","tags":{"topic":"arsip/sensor"},"timestamp":"2026-07-16 03:13:18"}
{"fields":{"humidity":61.57,"pressure":1011.17,"temperature":23.31},"name":"mqtt_consumer","tags":{"topic":"arsip/sensor"},"timestamp":"2026-07-16 03:13:23"}
{"fields":{"humidity":61.64,"pressure":1011.16,"temperature":23.31},"name":"mqtt_consumer","tags":{"topic":"arsip/sensor"},"timestamp":"2026-07-16 03:13:29"}
{"fields":{"humidity":61.49,"pressure":1011.16,"temperature":23.29},"name":"mqtt_consumer","tags":{"topic":"arsip/sensor"},"timestamp":"2026-07-16 03:13:33"}
{"fields":{"humidity":61.59,"pressure":1011.15,"temperature":23.27},"name":"mqtt_consumer","tags":{"topic":"arsip/sensor"},"timestamp":"2026-07-16 03:13:39"}
{"fields":{"humidity":61.73,"pressure":1011.17,"temperature":23.28},"name":"mqtt_consumer","tags":{"topic":"arsip/sensor"},"timestamp":"2026-07-16 03:13:44"}
{"fields":{"humidity":61.78,"pressure":1011.18,"temperature":23.3},"name":"mqtt_consumer","tags":{"topic":"arsip/sensor"},"timestamp":"2026-07-16 03:13:49"}
{"fields":{"humidity":61.74,"pressure":1011.23,"temperature":23.31},"name":"mqtt_consumer","tags":{"topic":"arsip/sensor"},"timestamp":"2026-07-16 03:13:54"}
{"fields":{"humidity":61.69,"pressure":1011.16,"temperature":23.31},"name":"mqtt_consumer","tags":{"topic":"arsip/sensor"},"timestamp":"2026-07-16 03:13:59"}
{"fields":{"humidity":61.73,"pressure":1011.15,"temperature":23.3},"name":"mqtt_consumer","tags":{"topic":"arsip/sensor"},"timestamp":"2026-07-16 03:14:04"}
{"fields":{"humidity":61.67,"pressure":1011.14,"temperature":23.3},"name":"mqtt_consumer","tags":{"topic":"arsip/sensor"},"timestamp":"2026-07-16 03:14:09"}
{"fields":{"humidity":61.67,"pressure":1011.12,"temperature":23.29},"name":"mqtt_consumer","tags":{"topic":"arsip/sensor"},"timestamp":"2026-07-16 03:14:14"}
{"fields":{"humidity":61.78,"pressure":1011.13,"temperature":23.29},"name":"mqtt_consumer","tags":{"topic":"arsip/sensor"},"timestamp":"2026-07-16 03:14:19"}
{"fields":{"humidity":62,"pressure":1011.13,"temperature":23.28},"name":"mqtt_consumer","tags":{"topic":"arsip/sensor"},"timestamp":"2026-07-16 03:14:24"}
{"fields":{"humidity":62.16,"pressure":1011.12,"temperature":23.3},"name":"mqtt_consumer","tags":{"topic":"arsip/sensor"},"timestamp":"2026-07-16 03:14:29"}
{"fields":{"humidity":62.26,"pressure":1011.1,"temperature":23.31},"name":"mqtt_consumer","tags":{"topic":"arsip/sensor"},"timestamp":"2026-07-16 03:14:34"}
{"fields":{"humidity":62.42,"pressure":1011.12,"temperature":23.32},"name":"mqtt_consumer","tags":{"topic":"arsip/sensor"},"timestamp":"2026-07-16 03:14:39"}
{"fields":{"humidity":62.51,"pressure":1011.09,"temperature":23.31},"name":"mqtt_consumer","tags":{"topic":"arsip/sensor"},"timestamp":"2026-07-16 03:14:44"}
{"fields":{"humidity":62.31,"pressure":1011.11,"temperature":23.3},"name":"mqtt_consumer","tags":{"topic":"arsip/sensor"},"timestamp":"2026-07-16 03:14:49"}
{"fields":{"humidity":62.33,"pressure":1011.14,"temperature":23.3},"name":"mqtt_consumer","tags":{"topic":"arsip/sensor"},"timestamp":"2026-07-16 03:14:55"}
{"fields":{"humidity":62.47,"pressure":1011.11,"temperature":23.3},"name":"mqtt_consumer","tags":{"topic":"arsip/sensor"},"timestamp":"2026-07-16 03:15:00"}
{"fields":{"humidity":62.62,"pressure":1011.11,"temperature":23.32},"name":"mqtt_consumer","tags":{"topic":"arsip/sensor"},"timestamp":"2026-07-16 03:15:05"}
{"fields":{"humidity":62.52,"pressure":1011.13,"temperature":23.31},"name":"mqtt_consumer","tags":{"topic":"arsip/sensor"},"timestamp":"2026-07-16 03:15:10"}
{"fields":{"humidity":62.6,"pressure":1011.1,"temperature":23.32},"name":"mqtt_consumer","tags":{"topic":"arsip/sensor"},"timestamp":"2026-07-16 03:15:15"}
{"fields":{"humidity":62.72,"pressure":1011.11,"temperature":23.32},"name":"mqtt_consumer","tags":{"topic":"arsip/sensor"},"timestamp":"2026-07-16 03:15:20"}
{"fields":{"humidity":62.86,"pressure":1011.09,"temperature":23.3},"name":"mqtt_consumer","tags":{"topic":"arsip/sensor"},"timestamp":"2026-07-16 03:15:25"}
{"fields":{"humidity":62.77,"pressure":1011.09,"temperature":23.3},"name":"mqtt_consumer","tags":{"topic":"arsip/sensor"},"timestamp":"2026-07-16 03:15:30"}
{"fields":{"humidity":62.74,"pressure":1011.1,"temperature":23.3},"name":"mqtt_consumer","tags":{"topic":"arsip/sensor"},"timestamp":"2026-07-16 03:15:35"}
{"fields":{"humidity":62.85,"pressure":1011.11,"temperature":23.31},"name":"mqtt_consumer","tags":{"topic":"arsip/sensor"},"timestamp":"2026-07-16 03:15:40"}
{"fields":{"humidity":63.03,"pressure":1011.1,"temperature":23.31},"name":"mqtt_consumer","tags":{"topic":"arsip/sensor"},"timestamp":"2026-07-16 03:15:45"}
{"fields":{"humidity":63.16,"pressure":1011.12,"temperature":23.33},"name":"mqtt_consumer","tags":{"topic":"arsip/sensor"},"timestamp":"2026-07-16 03:15:50"}
{"fields":{"humidity":63.27,"pressure":1011.13,"temperature":23.34},"name":"mqtt_consumer","tags":{"topic":"arsip/sensor"},"timestamp":"2026-07-16 03:15:55"}
{"fields":{"humidity":63.4,"pressure":1011.14,"temperature":23.35},"name":"mqtt_consumer","tags":{"topic":"arsip/sensor"},"timestamp":"2026-07-16 03:16:00"}
{"fields":{"humidity":63.27,"pressure":1011.11,"temperature":23.35},"name":"mqtt_consumer","tags":{"topic":"arsip/sensor"},"timestamp":"2026-07-16 03:16:05"}
{"fields":{"humidity":63.11,"pressure":1011.1,"temperature":23.34},"name":"mqtt_consumer","tags":{"topic":"arsip/sensor"},"timestamp":"2026-07-16 03:16:10"}
{"fields":{"humidity":63.04,"pressure":1011.09,"temperature":23.35},"name":"mqtt_consumer","tags":{"topic":"arsip/sensor"},"timestamp":"2026-07-16 03:16:16"}
{"fields":{"humidity":63.06,"pressure":1011.11,"temperature":23.34},"name":"mqtt_consumer","tags":{"topic":"arsip/sensor"},"timestamp":"2026-07-16 03:16:21"}
{"fields":{"humidity":63.1,"pressure":1011.08,"temperature":23.34},"name":"mqtt_consumer","tags":{"topic":"arsip/sensor"},"timestamp":"2026-07-16 03:16:26"}
{"fields":{"humidity":63.14,"pressure":1011.13,"temperature":23.36},"name":"mqtt_consumer","tags":{"topic":"arsip/sensor"},"timestamp":"2026-07-16 03:16:31"}
{"fields":{"humidity":63.14,"pressure":1011.09,"temperature":23.37},"name":"mqtt_consumer","tags":{"topic":"arsip/sensor"},"timestamp":"2026-07-16 03:16:36"}
{"fields":{"humidity":63.17,"pressure":1011.09,"temperature":23.37},"name":"mqtt_consumer","tags":{"topic":"arsip/sensor"},"timestamp":"2026-07-16 03:16:41"}
{"fields":{"humidity":63.26,"pressure":1011.15,"temperature":23.39},"name":"mqtt_consumer","tags":{"topic":"arsip/sensor"},"timestamp":"2026-07-16 03:16:46"}
{"fields":{"humidity":63.27,"pressure":1011.15,"temperature":23.4},"name":"mqtt_consumer","tags":{"topic":"arsip/sensor"},"timestamp":"2026-07-16 03:16:51"}
{"fields":{"humidity":63.35,"pressure":1011.14,"temperature":23.42},"name":"mqtt_consumer","tags":{"topic":"arsip/sensor"},"timestamp":"2026-07-16 03:16:56"}
{"fields":{"humidity":63.33,"pressure":1011.14,"temperature":23.42},"name":"mqtt_consumer","tags":{"topic":"arsip/sensor"},"timestamp":"2026-07-16 03:17:01"}
{"fields":{"humidity":63.23,"pressure":1011.13,"temperature":23.44},"name":"mqtt_consumer","tags":{"topic":"arsip/sensor"},"timestamp":"2026-07-16 03:17:06"}
{"fields":{"humidity":63.05,"pressure":1011.15,"temperature":23.44},"name":"mqtt_consumer","tags":{"topic":"arsip/sensor"},"timestamp":"2026-07-16 03:17:11"}
{"fields":{"humidity":62.95,"pressure":1011.13,"temperature":23.44},"name":"mqtt_consumer","tags":{"topic":"arsip/sensor"},"timestamp":"2026-07-16 03:17:16"}
{"fields":{"humidity":63.1,"pressure":1011.15,"temperature":23.46},"name":"mqtt_consumer","tags":{"topic":"arsip/sensor"},"timestamp":"2026-07-16 03:17:21"}
{"fields":{"humidity":62.93,"pressure":1011.14,"temperature":23.45},"name":"mqtt_consumer","tags":{"topic":"arsip/sensor"},"timestamp":"2026-07-16 03:17:26"}
{"fields":{"humidity":62.96,"pressure":1011.13,"temperature":23.45},"name":"mqtt_consumer","tags":{"topic":"arsip/sensor"},"timestamp":"2026-07-16 03:17:32"}
{"fields":{"humidity":62.97,"pressure":1011.13,"temperature":23.46},"name":"mqtt_consumer","tags":{"topic":"arsip/sensor"},"timestamp":"2026-07-16 03:17:37"}
{"fields":{"humidity":62.91,"pressure":1011.15,"temperature":23.45},"name":"mqtt_consumer","tags":{"topic":"arsip/sensor"},"timestamp":"2026-07-16 03:17:42"}
{"fields":{"humidity":62.8,"pressure":1011.18,"temperature":23.45},"name":"mqtt_consumer","tags":{"topic":"arsip/sensor"},"timestamp":"2026-07-16 03:17:47"}
{"fields":{"humidity":62.84,"pressure":1011.18,"temperature":23.44},"name":"mqtt_consumer","tags":{"topic":"arsip/sensor"},"timestamp":"2026-07-16 03:17:52"}
{"fields":{"humidity":62.72,"pressure":1011.18,"temperature":23.44},"name":"mqtt_consumer","tags":{"topic":"arsip/sensor"},"timestamp":"2026-07-16 03:17:57"}
{"fields":{"humidity":62.8,"pressure":1011.13,"temperature":23.44},"name":"mqtt_consumer","tags":{"topic":"arsip/sensor"},"timestamp":"2026-07-16 03:18:02"}
{"fields":{"humidity":62.66,"pressure":1011.14,"temperature":23.43},"name":"mqtt_consumer","tags":{"topic":"arsip/sensor"},"timestamp":"2026-07-16 03:18:07"}
{"fields":{"humidity":62.69,"pressure":1011.14,"temperature":23.44},"name":"mqtt_consumer","tags":{"topic":"arsip/sensor"},"timestamp":"2026-07-16 03:18:12"}
{"fields":{"humidity":62.59,"pressure":1011.13,"temperature":23.44},"name":"mqtt_consumer","tags":{"topic":"arsip/sensor"},"timestamp":"2026-07-16 03:18:17"}
{"fields":{"humidity":62.47,"pressure":1011.12,"temperature":23.43},"name":"mqtt_consumer","tags":{"topic":"arsip/sensor"},"timestamp":"2026-07-16 03:18:22"}
{"fields":{"humidity":62.45,"pressure":1011.09,"temperature":23.42},"name":"mqtt_consumer","tags":{"topic":"arsip/sensor"},"timestamp":"2026-07-16 03:18:27"}
{"fields":{"humidity":62.49,"pressure":1011.12,"temperature":23.42},"name":"mqtt_consumer","tags":{"topic":"arsip/sensor"},"timestamp":"2026-07-16 03:18:32"}
{"fields":{"humidity":62.53,"pressure":1011.12,"temperature":23.41},"name":"mqtt_consumer","tags":{"topic":"arsip/sensor"},"timestamp":"2026-07-16 03:18:37"}
{"fields":{"humidity":62.6,"pressure":1011.14,"temperature":23.4},"name":"mqtt_consumer","tags":{"topic":"arsip/sensor"},"timestamp":"2026-07-16 03:18:42"}
{"fields":{"humidity":62.81,"pressure":1011.1,"temperature":23.42},"name":"mqtt_consumer","tags":{"topic":"arsip/sensor"},"timestamp":"2026-07-16 03:18:47"}
{"fields":{"humidity":62.84,"pressure":1011.07,"temperature":23.43},"name":"mqtt_consumer","tags":{"topic":"arsip/sensor"},"timestamp":"2026-07-16 03:18:53"}
{"fields":{"humidity":62.91,"pressure":1011.05,"temperature":23.43},"name":"mqtt_consumer","tags":{"topic":"arsip/sensor"},"timestamp":"2026-07-16 03:18:58"}
{"fields":{"humidity":62.93,"pressure":1011.07,"temperature":23.44},"name":"mqtt_consumer","tags":{"topic":"arsip/sensor"},"timestamp":"2026-07-16 03:19:03"}
{"fields":{"humidity":62.8,"pressure":1011.04,"temperature":23.43},"name":"mqtt_consumer","tags":{"topic":"arsip/sensor"},"timestamp":"2026-07-16 03:19:08"}
{"fields":{"humidity":62.75,"pressure":1011.03,"temperature":23.43},"name":"mqtt_consumer","tags":{"topic":"arsip/sensor"},"timestamp":"2026-07-16 03:19:13"}
{"fields":{"humidity":62.84,"pressure":1011.08,"temperature":23.44},"name":"mqtt_consumer","tags":{"topic":"arsip/sensor"},"timestamp":"2026-07-16 03:19:18"}
{"fields":{"humidity":62.92,"pressure":1011.06,"temperature":23.45},"name":"mqtt_consumer","tags":{"topic":"arsip/sensor"},"timestamp":"2026-07-16 03:19:23"}
{"fields":{"humidity":62.82,"pressure":1011.01,"temperature":23.45},"name":"mqtt_consumer","tags":{"topic":"arsip/sensor"},"timestamp":"2026-07-16 03:19:28"}
{"fields":{"humidity":62.84,"pressure":1011.03,"temperature":23.45},"name":"mqtt_consumer","tags":{"topic":"arsip/sensor"},"timestamp":"2026-07-16 03:19:33"}
{"fields":{"humidity":62.8,"pressure":1011.01,"temperature":23.45},"name":"mqtt_consumer","tags":{"topic":"arsip/sensor"},"timestamp":"2026-07-16 03:19:38"}
{"fields":{"humidity":62.71,"pressure":1011.02,"temperature":23.44},"name":"mqtt_consumer","tags":{"topic":"arsip/sensor"},"timestamp":"2026-07-16 03:19:43"}
{"fields":{"humidity":62.57,"pressure":1011.01,"temperature":23.44},"name":"mqtt_consumer","tags":{"topic":"arsip/sensor"},"timestamp":"2026-07-16 03:19:48"}
{"fields":{"humidity":62.37,"pressure":1010.98,"temperature":23.43},"name":"mqtt_consumer","tags":{"topic":"arsip/sensor"},"timestamp":"2026-07-16 03:19:53"}
{"fields":{"humidity":62.29,"pressure":1011.04,"temperature":23.42},"name":"mqtt_consumer","tags":{"topic":"arsip/sensor"},"timestamp":"2026-07-16 03:19:58"}
{"fields":{"humidity":62.11,"pressure":1011.03,"temperature":23.41},"name":"mqtt_consumer","tags":{"topic":"arsip/sensor"},"timestamp":"2026-07-16 03:20:03"}
{"fields":{"humidity":62.04,"pressure":1011.04,"temperature":23.4},"name":"mqtt_consumer","tags":{"topic":"arsip/sensor"},"timestamp":"2026-07-16 03:20:09"}
{"fields":{"humidity":62.13,"pressure":1010.99,"temperature":23.4},"name":"mqtt_consumer","tags":{"topic":"arsip/sensor"},"timestamp":"2026-07-16 03:20:14"}
{"fields":{"humidity":62.12,"pressure":1010.96,"temperature":23.39},"name":"mqtt_consumer","tags":{"topic":"arsip/sensor"},"timestamp":"2026-07-16 03:20:19"}
{"fields":{"humidity":62.16,"pressure":1011.01,"temperature":23.4},"name":"mqtt_consumer","tags":{"topic":"arsip/sensor"},"timestamp":"2026-07-16 03:20:24"}
{"fields":{"humidity":62,"pressure":1011,"temperature":23.4},"name":"mqtt_consumer","tags":{"topic":"arsip/sensor"},"timestamp":"2026-07-16 03:20:29"}
{"fields":{"humidity":62.16,"pressure":1011.01,"temperature":23.39},"name":"mqtt_consumer","tags":{"topic":"arsip/sensor"},"timestamp":"2026-07-16 03:20:34"}
{"fields":{"humidity":62.2,"pressure":1011.03,"temperature":23.39},"name":"mqtt_consumer","tags":{"topic":"arsip/sensor"},"timestamp":"2026-07-16 03:20:39"}
{"fields":{"humidity":61.87,"pressure":1011.01,"temperature":23.37},"name":"mqtt_consumer","tags":{"topic":"arsip/sensor"},"timestamp":"2026-07-16 03:20:44"}
{"fields":{"humidity":61.92,"pressure":1011.01,"temperature":23.38},"name":"mqtt_consumer","tags":{"topic":"arsip/sensor"},"timestamp":"2026-07-16 03:20:49"}
{"fields":{"humidity":61.93,"pressure":1011.04,"temperature":23.37},"name":"mqtt_consumer","tags":{"topic":"arsip/sensor"},"timestamp":"2026-07-16 03:20:54"}
{"fields":{"humidity":61.95,"pressure":1011.01,"temperature":23.36},"name":"mqtt_consumer","tags":{"topic":"arsip/sensor"},"timestamp":"2026-07-16 03:20:59"}
{"fields":{"humidity":61.85,"pressure":1010.98,"temperature":23.36},"name":"mqtt_consumer","tags":{"topic":"arsip/sensor"},"timestamp":"2026-07-16 03:21:04"}
{"fields":{"humidity":61.69,"pressure":1010.99,"temperature":23.34},"name":"mqtt_consumer","tags":{"topic":"arsip/sensor"},"timestamp":"2026-07-16 03:21:09"}
{"fields":{"humidity":56.18,"pressure":1010.85,"temperature":236.71},"name":"mqtt_consumer","tags":{"topic":"arsip/sensor"},"timestamp":"2026-07-16 03:29:19"}
{"fields":{"humidity":56.21,"pressure":1010.82,"temperature":236.71},"name":"mqtt_consumer","tags":{"topic":"arsip/sensor"},"timestamp":"2026-07-16 03:29:25"}
{"fields":{"humidity":56.26,"pressure":1010.79,"temperature":236.61},"name":"mqtt_consumer","tags":{"topic":"arsip/sensor"},"timestamp":"2026-07-16 03:29:30"}
{"fields":{"humidity":56.32,"pressure":1010.79,"temperature":236.61},"name":"mqtt_consumer","tags":{"topic":"arsip/sensor"},"timestamp":"2026-07-16 03:29:35"}
{"fields":{"humidity":56.41,"pressure":1010.8,"temperature":236.71},"name":"mqtt_consumer","tags":{"topic":"arsip/sensor"},"timestamp":"2026-07-16 03:29:40"}
{"fields":{"humidity":56.47,"pressure":1010.81,"temperature":236.81},"name":"mqtt_consumer","tags":{"topic":"arsip/sensor"},"timestamp":"2026-07-16 03:29:45"}
{"fields":{"humidity":56.25,"pressure":1010.79,"temperature":236.71},"name":"mqtt_consumer","tags":{"topic":"arsip/sensor"},"timestamp":"2026-07-16 03:29:50"}
{"fields":{"humidity":56.03,"pressure":1010.84,"temperature":23.62},"name":"mqtt_consumer","tags":{"topic":"arsip/sensor"},"timestamp":"2026-07-16 03:30:14"}
{"fields":{"humidity":56.05,"pressure":1010.85,"temperature":23.63},"name":"mqtt_consumer","tags":{"topic":"arsip/sensor"},"timestamp":"2026-07-16 03:30:19"}
{"fields":{"humidity":55.91,"pressure":1010.84,"temperature":23.62},"name":"mqtt_consumer","tags":{"topic":"arsip/sensor"},"timestamp":"2026-07-16 03:30:24"}
{"fields":{"humidity":55.9,"pressure":1010.84,"temperature":23.6},"name":"mqtt_consumer","tags":{"topic":"arsip/sensor"},"timestamp":"2026-07-16 03:30:29"}
{"fields":{"humidity":55.89,"pressure":1010.83,"temperature":23.6},"name":"mqtt_consumer","tags":{"topic":"arsip/sensor"},"timestamp":"2026-07-16 03:30:34"}
{"fields":{"humidity":55.89,"pressure":1010.81,"temperature":23.59},"name":"mqtt_consumer","tags":{"topic":"arsip/sensor"},"timestamp":"2026-07-16 03:30:39"}
{"fields":{"humidity":55.86,"pressure":1010.79,"temperature":23.59},"name":"mqtt_consumer","tags":{"topic":"arsip/sensor"},"timestamp":"2026-07-16 03:30:44"}
{"fields":{"humidity":55.96,"pressure":1010.8,"temperature":23.59},"name":"mqtt_consumer","tags":{"topic":"arsip/sensor"},"timestamp":"2026-07-16 03:30:49"}
{"fields":{"humidity":56.02,"pressure":1010.83,"temperature":23.6},"name":"mqtt_consumer","tags":{"topic":"arsip/sensor"},"timestamp":"2026-07-16 03:30:54"}
{"fields":{"humidity":56.14,"pressure":1010.79,"temperature":23.59},"name":"mqtt_consumer","tags":{"topic":"arsip/sensor"},"timestamp":"2026-07-16 03:30:59"}
{"fields":{"humidity":56.29,"pressure":1010.85,"temperature":23.6},"name":"mqtt_consumer","tags":{"topic":"arsip/sensor"},"timestamp":"2026-07-16 03:31:04"}
{"fields":{"humidity":56.29,"pressure":1010.86,"temperature":23.61},"name":"mqtt_consumer","tags":{"topic":"arsip/sensor"},"timestamp":"2026-07-16 03:31:09"}
{"fields":{"humidity":56.4,"pressure":1010.83,"temperature":23.63},"name":"mqtt_consumer","tags":{"topic":"arsip/sensor"},"timestamp":"2026-07-16 03:31:14"}
{"fields":{"humidity":56.39,"pressure":1010.85,"temperature":23.63},"name":"mqtt_consumer","tags":{"topic":"arsip/sensor"},"timestamp":"2026-07-16 03:31:20"}
{"fields":{"humidity":56.48,"pressure":1010.82,"temperature":23.64},"name":"mqtt_consumer","tags":{"topic":"arsip/sensor"},"timestamp":"2026-07-16 03:31:25"}
{"fields":{"humidity":56.24,"pressure":1010.81,"temperature":23.64},"name":"mqtt_consumer","tags":{"topic":"arsip/sensor"},"timestamp":"2026-07-16 03:31:30"}
{"fields":{"humidity":56.16,"pressure":1010.78,"temperature":23.64},"name":"mqtt_consumer","tags":{"topic":"arsip/sensor"},"timestamp":"2026-07-16 03:31:35"}
{"fields":{"humidity":56.1,"pressure":1010.79,"temperature":23.63},"name":"mqtt_consumer","tags":{"topic":"arsip/sensor"},"timestamp":"2026-07-16 03:31:40"}
{"fields":{"humidity":56.11,"pressure":1010.77,"temperature":23.63},"name":"mqtt_consumer","tags":{"topic":"arsip/sensor"},"timestamp":"2026-07-16 03:31:45"}
{"fields":{"humidity":56.26,"pressure":1010.77,"temperature":23.64},"name":"mqtt_consumer","tags":{"topic":"arsip/sensor"},"timestamp":"2026-07-16 03:31:50"}
{"fields":{"humidity":56.2,"pressure":1010.77,"temperature":23.64},"name":"mqtt_consumer","tags":{"topic":"arsip/sensor"},"timestamp":"2026-07-16 03:31:55"}
{"fields":{"humidity":56.15,"pressure":1010.77,"temperature":23.63},"name":"mqtt_consumer","tags":{"topic":"arsip/sensor"},"timestamp":"2026-07-16 03:32:00"}
{"fields":{"humidity":67.02,"pressure":1010.72,"temperature":26.77},"name":"mqtt_consumer","tags":{"topic":"arsip/sensor"},"timestamp":"2026-07-16 03:33:17"}
{"fields":{"humidity":67.14,"pressure":1010.71,"temperature":26.77},"name":"mqtt_consumer","tags":{"topic":"arsip/sensor"},"timestamp":"2026-07-16 03:33:23"}
{"fields":{"humidity":67.22,"pressure":1010.71,"temperature":26.79},"name":"mqtt_consumer","tags":{"topic":"arsip/sensor"},"timestamp":"2026-07-16 03:33:28"}
{"fields":{"humidity":67.25,"pressure":1010.69,"temperature":26.8},"name":"mqtt_consumer","tags":{"topic":"arsip/sensor"},"timestamp":"2026-07-16 03:33:33"}
{"fields":{"humidity":67.24,"pressure":1010.73,"temperature":26.81},"name":"mqtt_consumer","tags":{"topic":"arsip/sensor"},"timestamp":"2026-07-16 03:33:38"}
{"fields":{"humidity":67.25,"pressure":1010.72,"temperature":26.81},"name":"mqtt_consumer","tags":{"topic":"arsip/sensor"},"timestamp":"2026-07-16 03:33:43"}
{"fields":{"humidity":67.28,"pressure":1010.72,"temperature":26.82},"name":"mqtt_consumer","tags":{"topic":"arsip/sensor"},"timestamp":"2026-07-16 03:33:48"}
{"fields":{"humidity":67.38,"pressure":1010.76,"temperature":26.83},"name":"mqtt_consumer","tags":{"topic":"arsip/sensor"},"timestamp":"2026-07-16 03:33:53"}
{"fields":{"humidity":67.36,"pressure":1010.78,"temperature":26.83},"name":"mqtt_consumer","tags":{"topic":"arsip/sensor"},"timestamp":"2026-07-16 03:33:58"}
{"fields":{"humidity":67.5,"pressure":1010.73,"temperature":26.84},"name":"mqtt_consumer","tags":{"topic":"arsip/sensor"},"timestamp":"2026-07-16 03:34:03"}
{"fields":{"humidity":67.53,"pressure":1010.75,"temperature":26.85},"name":"mqtt_consumer","tags":{"topic":"arsip/sensor"},"timestamp":"2026-07-16 03:34:08"}
{"fields":{"humidity":67.6,"pressure":1010.74,"temperature":26.86},"name":"mqtt_consumer","tags":{"topic":"arsip/sensor"},"timestamp":"2026-07-16 03:34:13"}
{"fields":{"humidity":67.57,"pressure":1010.79,"temperature":26.88},"name":"mqtt_consumer","tags":{"topic":"arsip/sensor"},"timestamp":"2026-07-16 03:34:18"}
{"fields":{"humidity":67.47,"pressure":1010.76,"temperature":26.86},"name":"mqtt_consumer","tags":{"topic":"arsip/sensor"},"timestamp":"2026-07-16 03:34:23"}
{"fields":{"humidity":67.46,"pressure":1010.75,"temperature":26.88},"name":"mqtt_consumer","tags":{"topic":"arsip/sensor"},"timestamp":"2026-07-16 03:34:28"}
{"fields":{"humidity":67.5,"pressure":1010.76,"temperature":26.89},"name":"mqtt_consumer","tags":{"topic":"arsip/sensor"},"timestamp":"2026-07-16 03:34:33"}
{"fields":{"humidity":67.62,"pressure":1010.73,"temperature":26.9},"name":"mqtt_consumer","tags":{"topic":"arsip/sensor"},"timestamp":"2026-07-16 03:34:38"}
{"fields":{"humidity":67.52,"pressure":1010.73,"temperature":26.91},"name":"mqtt_consumer","tags":{"topic":"arsip/sensor"},"timestamp":"2026-07-16 03:34:43"}
{"fields":{"humidity":67.36,"pressure":1010.76,"temperature":26.9},"name":"mqtt_consumer","tags":{"topic":"arsip/sensor"},"timestamp":"2026-07-16 03:34:49"}
{"fields":{"humidity":67.46,"pressure":1010.69,"temperature":26.91},"name":"mqtt_consumer","tags":{"topic":"arsip/sensor"},"timestamp":"2026-07-16 03:34:54"}
{"fields":{"humidity":67.39,"pressure":1010.74,"temperature":26.9},"name":"mqtt_consumer","tags":{"topic":"arsip/sensor"},"timestamp":"2026-07-16 03:34:59"}
{"fields":{"humidity":57.58,"pressure":1010.71,"temperature":26.88},"name":"mqtt_consumer","tags":{"topic":"arsip/sensor"},"timestamp":"2026-07-16 03:35:38"}
{"fields":{"humidity":57.49,"pressure":1010.7,"temperature":26.87},"name":"mqtt_consumer","tags":{"topic":"arsip/sensor"},"timestamp":"2026-07-16 03:35:43"}
{"fields":{"humidity":57.49,"pressure":1010.71,"temperature":26.87},"name":"mqtt_consumer","tags":{"topic":"arsip/sensor"},"timestamp":"2026-07-16 03:35:49"}
{"fields":{"humidity":57.48,"pressure":1010.71,"temperature":26.87},"name":"mqtt_consumer","tags":{"topic":"arsip/sensor"},"timestamp":"2026-07-16 03:35:54"}
{"fields":{"humidity":57.48,"pressure":1010.66,"temperature":26.87},"name":"mqtt_consumer","tags":{"topic":"arsip/sensor"},"timestamp":"2026-07-16 03:35:59"}
{"fields":{"humidity":57.57,"pressure":1010.68,"temperature":26.9},"name":"mqtt_consumer","tags":{"topic":"arsip/sensor"},"timestamp":"2026-07-16 03:36:04"}
{"fields":{"humidity":57.42,"pressure":1010.65,"temperature":26.88},"name":"mqtt_consumer","tags":{"topic":"arsip/sensor"},"timestamp":"2026-07-16 03:36:09"}
{"fields":{"humidity":57.52,"pressure":1010.68,"temperature":26.88},"name":"mqtt_consumer","tags":{"topic":"arsip/sensor"},"timestamp":"2026-07-16 03:36:14"}
{"fields":{"humidity":57.59,"pressure":1010.67,"temperature":26.9},"name":"mqtt_consumer","tags":{"topic":"arsip/sensor"},"timestamp":"2026-07-16 03:36:19"}
{"fields":{"humidity":57.54,"pressure":1010.67,"temperature":23.97},"name":"mqtt_consumer","tags":{"topic":"arsip/sensor"},"timestamp":"2026-07-16 03:37:38"}
{"fields":{"humidity":57.5,"pressure":1010.63,"temperature":23.96},"name":"mqtt_consumer","tags":{"topic":"arsip/sensor"},"timestamp":"2026-07-16 03:37:44"}
{"fields":{"humidity":57.39,"pressure":1010.6,"temperature":23.95},"name":"mqtt_consumer","tags":{"topic":"arsip/sensor"},"timestamp":"2026-07-16 03:37:48"}
{"fields":{"humidity":57.43,"pressure":1010.67,"temperature":23.95},"name":"mqtt_consumer","tags":{"topic":"arsip/sensor"},"timestamp":"2026-07-16 03:37:54"}
{"fields":{"humidity":57.44,"pressure":1010.62,"temperature":23.95},"name":"mqtt_consumer","tags":{"topic":"arsip/sensor"},"timestamp":"2026-07-16 03:37:59"}
{"fields":{"humidity":57.56,"pressure":1010.63,"temperature":23.96},"name":"mqtt_consumer","tags":{"topic":"arsip/sensor"},"timestamp":"2026-07-16 03:38:04"}
{"fields":{"humidity":57.69,"pressure":1010.59,"temperature":23.96},"name":"mqtt_consumer","tags":{"topic":"arsip/sensor"},"timestamp":"2026-07-16 03:38:09"}
{"fields":{"humidity":57.72,"pressure":1010.6,"temperature":23.97},"name":"mqtt_consumer","tags":{"topic":"arsip/sensor"},"timestamp":"2026-07-16 03:38:14"}
{"fields":{"humidity":57.82,"pressure":1010.61,"temperature":23.98},"name":"mqtt_consumer","tags":{"topic":"arsip/sensor"},"timestamp":"2026-07-16 03:38:19"}
{"fields":{"humidity":57.23,"pressure":1010.6,"temperature":24.23},"name":"mqtt_consumer","tags":{"topic":"arsip/sensor"},"timestamp":"2026-07-16 03:39:35"}
{"fields":{"humidity":57.1,"pressure":1010.6,"temperature":24.21},"name":"mqtt_consumer","tags":{"topic":"arsip/sensor"},"timestamp":"2026-07-16 03:39:40"}
{"fields":{"humidity":57.09,"pressure":1010.6,"temperature":24.19},"name":"mqtt_consumer","tags":{"topic":"arsip/sensor"},"timestamp":"2026-07-16 03:39:45"}
{"fields":{"humidity":57.26,"pressure":1010.6,"temperature":24.17},"name":"mqtt_consumer","tags":{"topic":"arsip/sensor"},"timestamp":"2026-07-16 03:39:50"}
{"fields":{"humidity":57.46,"pressure":1010.63,"temperature":24.17},"name":"mqtt_consumer","tags":{"topic":"arsip/sensor"},"timestamp":"2026-07-16 03:39:56"}
{"fields":{"humidity":57.51,"pressure":1010.59,"temperature":24.17},"name":"mqtt_consumer","tags":{"topic":"arsip/sensor"},"timestamp":"2026-07-16 03:40:01"}
{"fields":{"humidity":57.38,"pressure":1010.59,"temperature":24.17},"name":"mqtt_consumer","tags":{"topic":"arsip/sensor"},"timestamp":"2026-07-16 03:40:06"}
{"fields":{"humidity":57.38,"pressure":1010.61,"temperature":24.17},"name":"mqtt_consumer","tags":{"topic":"arsip/sensor"},"timestamp":"2026-07-16 03:40:11"}
{"fields":{"humidity":57.85,"pressure":1010.53,"temperature":24.09},"name":"mqtt_consumer","tags":{"topic":"arsip/sensor"},"timestamp":"2026-07-16 03:41:29"}
{"fields":{"humidity":57.76,"pressure":1010.56,"temperature":24.08},"name":"mqtt_consumer","tags":{"topic":"arsip/sensor"},"timestamp":"2026-07-16 03:41:34"}
{"fields":{"humidity":57.76,"pressure":1010.58,"temperature":24.08},"name":"mqtt_consumer","tags":{"topic":"arsip/sensor"},"timestamp":"2026-07-16 03:41:39"}
{"fields":{"humidity":57.58,"pressure":1010.55,"temperature":24.06},"name":"mqtt_consumer","tags":{"topic":"arsip/sensor"},"timestamp":"2026-07-16 03:41:44"}
{"fields":{"humidity":57.71,"pressure":1010.54,"temperature":24.06},"name":"mqtt_consumer","tags":{"topic":"arsip/sensor"},"timestamp":"2026-07-16 03:41:49"}
{"fields":{"humidity":57.73,"pressure":1010.54,"temperature":24.06},"name":"mqtt_consumer","tags":{"topic":"arsip/sensor"},"timestamp":"2026-07-16 03:41:54"}
{"fields":{"humidity":57.82,"pressure":1010.56,"temperature":24.07},"name":"mqtt_consumer","tags":{"topic":"arsip/sensor"},"timestamp":"2026-07-16 03:41:59"}
{"fields":{"humidity":57.76,"pressure":1010.53,"temperature":24.07},"name":"mqtt_consumer","tags":{"topic":"arsip/sensor"},"timestamp":"2026-07-16 03:42:04"}
{"fields":{"humidity":57.59,"pressure":1010.55,"temperature":24.05},"name":"mqtt_consumer","tags":{"topic":"arsip/sensor"},"timestamp":"2026-07-16 03:42:09"}
{"fields":{"humidity":57.54,"pressure":1010.56,"temperature":24.04},"name":"mqtt_consumer","tags":{"topic":"arsip/sensor"},"timestamp":"2026-07-16 03:42:14"}
{"fields":{"humidity":57.45,"pressure":1010.56,"temperature":24.03},"name":"mqtt_consumer","tags":{"topic":"arsip/sensor"},"timestamp":"2026-07-16 03:42:20"}
{"fields":{"humidity":57.51,"pressure":1010.51,"temperature":24.03},"name":"mqtt_consumer","tags":{"topic":"arsip/sensor"},"timestamp":"2026-07-16 03:42:25"}
{"fields":{"humidity":57.63,"pressure":1010.51,"temperature":24.03},"name":"mqtt_consumer","tags":{"topic":"arsip/sensor"},"timestamp":"2026-07-16 03:42:30"}
{"fields":{"humidity":57.83,"pressure":1010.51,"temperature":24.04},"name":"mqtt_consumer","tags":{"topic":"arsip/sensor"},"timestamp":"2026-07-16 03:42:35"}
{"fields":{"humidity":57.9,"pressure":1010.54,"temperature":24.05},"name":"mqtt_consumer","tags":{"topic":"arsip/sensor"},"timestamp":"2026-07-16 03:42:40"}
{"fields":{"humidity":57.98,"pressure":1010.52,"temperature":24.08},"name":"mqtt_consumer","tags":{"topic":"arsip/sensor"},"timestamp":"2026-07-16 03:42:45"}
{"fields":{"humidity":57.76,"pressure":1010.52,"temperature":24.07},"name":"mqtt_consumer","tags":{"topic":"arsip/sensor"},"timestamp":"2026-07-16 03:42:50"}
{"fields":{"humidity":57.73,"pressure":1010.49,"temperature":24.06},"name":"mqtt_consumer","tags":{"topic":"arsip/sensor"},"timestamp":"2026-07-16 03:42:55"}
{"fields":{"humidity":57.83,"pressure":1010.51,"temperature":24.06},"name":"mqtt_consumer","tags":{"topic":"arsip/sensor"},"timestamp":"2026-07-16 03:43:00"}
{"fields":{"humidity":57.91,"pressure":1010.55,"temperature":24.08},"name":"mqtt_consumer","tags":{"topic":"arsip/sensor"},"timestamp":"2026-07-16 03:43:05"}
{"fields":{"humidity":57.86,"pressure":1010.54,"temperature":24.09},"name":"mqtt_consumer","tags":{"topic":"arsip/sensor"},"timestamp":"2026-07-16 03:43:10"}
{"fields":{"humidity":57.83,"pressure":1010.54,"temperature":24.09},"name":"mqtt_consumer","tags":{"topic":"arsip/sensor"},"timestamp":"2026-07-16 03:43:15"}
{"fields":{"humidity":57.86,"pressure":1010.52,"temperature":24.1},"name":"mqtt_consumer","tags":{"topic":"arsip/sensor"},"timestamp":"2026-07-16 03:43:20"}
{"fields":{"humidity":57.93,"pressure":1010.58,"temperature":24.05},"name":"mqtt_consumer","tags":{"topic":"arsip/sensor"},"timestamp":"2026-07-16 03:44:37"}
{"fields":{"humidity":57.95,"pressure":1010.57,"temperature":24.04},"name":"mqtt_consumer","tags":{"topic":"arsip/sensor"},"timestamp":"2026-07-16 03:44:43"}
{"fields":{"humidity":58.09,"pressure":1010.6,"temperature":24.04},"name":"mqtt_consumer","tags":{"topic":"arsip/sensor"},"timestamp":"2026-07-16 03:44:48"}
{"fields":{"humidity":58.07,"pressure":1010.57,"temperature":24.04},"name":"mqtt_consumer","tags":{"topic":"arsip/sensor"},"timestamp":"2026-07-16 03:44:53"}
{"fields":{"humidity":58.15,"pressure":1010.6,"temperature":24.03},"name":"mqtt_consumer","tags":{"topic":"arsip/sensor"},"timestamp":"2026-07-16 03:44:58"}
{"fields":{"humidity":58.13,"pressure":1010.59,"temperature":24.04},"name":"mqtt_consumer","tags":{"topic":"arsip/sensor"},"timestamp":"2026-07-16 03:45:03"}
{"fields":{"humidity":58.12,"pressure":1010.61,"temperature":24.02},"name":"mqtt_consumer","tags":{"topic":"arsip/sensor"},"timestamp":"2026-07-16 03:45:08"}
{"fields":{"humidity":58.22,"pressure":1010.61,"temperature":24.04},"name":"mqtt_consumer","tags":{"topic":"arsip/sensor"},"timestamp":"2026-07-16 03:45:13"}
{"fields":{"humidity":58.17,"pressure":1010.61,"temperature":24.03},"name":"mqtt_consumer","tags":{"topic":"arsip/sensor"},"timestamp":"2026-07-16 03:45:18"}
{"fields":{"humidity":58.13,"pressure":1010.58,"temperature":24.03},"name":"mqtt_consumer","tags":{"topic":"arsip/sensor"},"timestamp":"2026-07-16 03:45:23"}
{"fields":{"humidity":58.02,"pressure":1010.58,"temperature":24.04},"name":"mqtt_consumer","tags":{"topic":"arsip/sensor"},"timestamp":"2026-07-16 03:45:28"}
{"fields":{"humidity":58.02,"pressure":1010.57,"temperature":24.04},"name":"mqtt_consumer","tags":{"topic":"arsip/sensor"},"timestamp":"2026-07-16 03:45:33"}
{"fields":{"humidity":57.9,"pressure":1010.56,"temperature":24.04},"name":"mqtt_consumer","tags":{"topic":"arsip/sensor"},"timestamp":"2026-07-16 03:45:38"}
{"fields":{"humidity":58.11,"pressure":1010.59,"temperature":24.03},"name":"mqtt_consumer","tags":{"topic":"arsip/sensor"},"timestamp":"2026-07-16 03:46:04"}
{"fields":{"humidity":58.06,"pressure":1010.61,"temperature":24.02},"name":"mqtt_consumer","tags":{"topic":"arsip/sensor"},"timestamp":"2026-07-16 03:46:09"}
{"fields":{"humidity":58.01,"pressure":1010.59,"temperature":24.01},"name":"mqtt_consumer","tags":{"topic":"arsip/sensor"},"timestamp":"2026-07-16 03:46:14"}
{"fields":{"humidity":55.48,"pressure":1009.91,"temperature":25.86},"name":"mqtt_consumer","tags":{"topic":"arsip/sensor"},"timestamp":"2026-07-20 02:05:25"}
{"fields":{"humidity":55.37,"pressure":1009.92,"temperature":25.87},"name":"mqtt_consumer","tags":{"topic":"arsip/sensor"},"timestamp":"2026-07-20 02:05:28"}
{"fields":{"humidity":55.37,"pressure":1009.94,"temperature":25.88},"name":"mqtt_consumer","tags":{"topic":"arsip/sensor"},"timestamp":"2026-07-20 02:05:31"}
{"fields":{"humidity":55.36,"pressure":1009.9,"temperature":25.89},"name":"mqtt_consumer","tags":{"topic":"arsip/sensor"},"timestamp":"2026-07-20 02:05:34"}
{"fields":{"humidity":55.36,"pressure":1009.91,"temperature":25.9},"name":"mqtt_consumer","tags":{"topic":"arsip/sensor"},"timestamp":"2026-07-20 02:05:37"}
{"fields":{"humidity":55.38,"pressure":1009.87,"temperature":25.91},"name":"mqtt_consumer","tags":{"topic":"arsip/sensor"},"timestamp":"2026-07-20 02:05:40"}
{"fields":{"humidity":55.17,"pressure":1009.92,"temperature":25.9},"name":"mqtt_consumer","tags":{"topic":"arsip/sensor"},"timestamp":"2026-07-20 02:05:43"}
{"fields":{"humidity":55.54,"pressure":1009.9,"temperature":25.9},"name":"mqtt_consumer","tags":{"topic":"arsip/sensor"},"timestamp":"2026-07-20 02:05:46"}
{"fields":{"humidity":55.78,"pressure":1009.92,"temperature":25.92},"name":"mqtt_consumer","tags":{"topic":"arsip/sensor"},"timestamp":"2026-07-20 02:05:49"}
{"fields":{"humidity":55.55,"pressure":1009.92,"temperature":25.93},"name":"mqtt_consumer","tags":{"topic":"arsip/sensor"},"timestamp":"2026-07-20 02:05:52"}
{"fields":{"humidity":55.41,"pressure":1009.91,"temperature":25.94},"name":"mqtt_consumer","tags":{"topic":"arsip/sensor"},"timestamp":"2026-07-20 02:05:55"}
{"fields":{"humidity":55.35,"pressure":1009.88,"temperature":25.95},"name":"mqtt_consumer","tags":{"topic":"arsip/sensor"},"timestamp":"2026-07-20 02:05:58"}
{"fields":{"humidity":55.48,"pressure":1009.94,"temperature":25.95},"name":"mqtt_consumer","tags":{"topic":"arsip/sensor"},"timestamp":"2026-07-20 02:06:01"}
{"fields":{"humidity":55.41,"pressure":1009.92,"temperature":25.94},"name":"mqtt_consumer","tags":{"topic":"arsip/sensor"},"timestamp":"2026-07-20 02:06:04"}
{"fields":{"humidity":55.88,"pressure":1009.9,"temperature":25.94},"name":"mqtt_consumer","tags":{"topic":"arsip/sensor"},"timestamp":"2026-07-20 02:06:07"}
{"fields":{"humidity":55.61,"pressure":1009.93,"temperature":25.93},"name":"mqtt_consumer","tags":{"topic":"arsip/sensor"},"timestamp":"2026-07-20 02:06:10"}
{"fields":{"humidity":103.4,"pressure":-218.84,"temperature":185.66},"name":"mqtt_consumer","tags":{"topic":"arsip/sensor"},"timestamp":"2026-07-20 02:06:34"}
{"fields":{"humidity":103.4,"pressure":-218.84,"temperature":185.66},"name":"mqtt_consumer","tags":{"topic":"arsip/sensor"},"timestamp":"2026-07-20 02:06:37"}
{"fields":{"humidity":103.4,"pressure":-218.84,"temperature":185.66},"name":"mqtt_consumer","tags":{"topic":"arsip/sensor"},"timestamp":"2026-07-20 02:06:40"}
{"fields":{"humidity":103.4,"pressure":-218.84,"temperature":185.66},"name":"mqtt_consumer","tags":{"topic":"arsip/sensor"},"timestamp":"2026-07-20 02:06:43"}
{"fields":{"humidity":103.4,"pressure":-218.84,"temperature":185.66},"name":"mqtt_consumer","tags":{"topic":"arsip/sensor"},"timestamp":"2026-07-20 02:06:46"}
{"fields":{"humidity":103.4,"pressure":-218.84,"temperature":185.66},"name":"mqtt_consumer","tags":{"topic":"arsip/sensor"},"timestamp":"2026-07-20 02:06:49"}
{"fields":{"humidity":103.4,"pressure":-218.84,"temperature":185.66},"name":"mqtt_consumer","tags":{"topic":"arsip/sensor"},"timestamp":"2026-07-20 02:06:52"}
{"fields":{"humidity":103.4,"pressure":-218.84,"temperature":185.66},"name":"mqtt_consumer","tags":{"topic":"arsip/sensor"},"timestamp":"2026-07-20 02:06:55"}
{"fields":{"humidity":103.4,"pressure":-218.84,"temperature":185.66},"name":"mqtt_consumer","tags":{"topic":"arsip/sensor"},"timestamp":"2026-07-20 02:06:58"}
{"fields":{"humidity":103.4,"pressure":-218.84,"temperature":185.66},"name":"mqtt_consumer","tags":{"topic":"arsip/sensor"},"timestamp":"2026-07-20 02:07:01"}
{"fields":{"humidity":103.4,"pressure":-218.84,"temperature":185.66},"name":"mqtt_consumer","tags":{"topic":"arsip/sensor"},"timestamp":"2026-07-20 02:07:04"}
{"fields":{"humidity":103.4,"pressure":-218.84,"temperature":185.66},"name":"mqtt_consumer","tags":{"topic":"arsip/sensor"},"timestamp":"2026-07-20 02:07:07"}
{"fields":{"humidity":103.4,"pressure":-218.84,"temperature":185.66},"name":"mqtt_consumer","tags":{"topic":"arsip/sensor"},"timestamp":"2026-07-20 02:07:10"}
{"fields":{"humidity":103.4,"pressure":-218.84,"temperature":185.66},"name":"mqtt_consumer","tags":{"topic":"arsip/sensor"},"timestamp":"2026-07-20 02:07:13"}
{"fields":{"humidity":92.07,"pressure":659.1,"temperature":23.38},"name":"mqtt_consumer","tags":{"topic":"arsip/sensor"},"timestamp":"2026-07-20 02:07:16"}
{"fields":{"humidity":92.07,"pressure":659.1,"temperature":23.38},"name":"mqtt_consumer","tags":{"topic":"arsip/sensor"},"timestamp":"2026-07-20 02:07:19"}
{"fields":{"humidity":92.07,"pressure":659.1,"temperature":23.38},"name":"mqtt_consumer","tags":{"topic":"arsip/sensor"},"timestamp":"2026-07-20 02:07:22"}
{"fields":{"humidity":92.07,"pressure":659.1,"temperature":23.38},"name":"mqtt_consumer","tags":{"topic":"arsip/sensor"},"timestamp":"2026-07-20 02:07:25"}
{"fields":{"humidity":92.07,"pressure":659.1,"temperature":23.38},"name":"mqtt_consumer","tags":{"topic":"arsip/sensor"},"timestamp":"2026-07-20 02:07:28"}
{"fields":{"humidity":53.42,"pressure":1009.88,"temperature":26.44},"name":"mqtt_consumer","tags":{"topic":"arsip/sensor"},"timestamp":"2026-07-20 02:07:40"}
{"fields":{"humidity":53.45,"pressure":1009.91,"temperature":26.39},"name":"mqtt_consumer","tags":{"topic":"arsip/sensor"},"timestamp":"2026-07-20 02:07:43"}
{"fields":{"humidity":53.67,"pressure":1009.86,"temperature":26.28},"name":"mqtt_consumer","tags":{"topic":"arsip/sensor"},"timestamp":"2026-07-20 02:07:46"}
{"fields":{"humidity":54.14,"pressure":1009.87,"temperature":26.25},"name":"mqtt_consumer","tags":{"topic":"arsip/sensor"},"timestamp":"2026-07-20 02:07:49"}
{"fields":{"humidity":54.11,"pressure":1009.88,"temperature":26.17},"name":"mqtt_consumer","tags":{"topic":"arsip/sensor"},"timestamp":"2026-07-20 02:07:52"}
{"fields":{"humidity":54.43,"pressure":1009.89,"temperature":26.17},"name":"mqtt_consumer","tags":{"topic":"arsip/sensor"},"timestamp":"2026-07-20 02:07:55"}
{"fields":{"humidity":55.25,"pressure":1009.87,"temperature":26.14},"name":"mqtt_consumer","tags":{"topic":"arsip/sensor"},"timestamp":"2026-07-20 02:07:58"}
{"fields":{"humidity":55.36,"pressure":1009.89,"temperature":26.13},"name":"mqtt_consumer","tags":{"topic":"arsip/sensor"},"timestamp":"2026-07-20 02:08:01"}
{"fields":{"humidity":54.86,"pressure":1009.89,"temperature":26.12},"name":"mqtt_consumer","tags":{"topic":"arsip/sensor"},"timestamp":"2026-07-20 02:08:04"}
{"fields":{"humidity":54.64,"pressure":1009.88,"temperature":26.06},"name":"mqtt_consumer","tags":{"topic":"arsip/sensor"},"timestamp":"2026-07-20 02:08:07"}
{"fields":{"humidity":54.63,"pressure":1009.93,"temperature":25.97},"name":"mqtt_consumer","tags":{"topic":"arsip/sensor"},"timestamp":"2026-07-20 02:08:10"}
{"fields":{"humidity":54.92,"pressure":1009.9,"temperature":25.97},"name":"mqtt_consumer","tags":{"topic":"arsip/sensor"},"timestamp":"2026-07-20 02:08:13"}
{"fields":{"humidity":54.99,"pressure":1009.9,"temperature":25.95},"name":"mqtt_consumer","tags":{"topic":"arsip/sensor"},"timestamp":"2026-07-20 02:08:16"}
{"fields":{"humidity":55.07,"pressure":1009.92,"temperature":25.9},"name":"mqtt_consumer","tags":{"topic":"arsip/sensor"},"timestamp":"2026-07-20 02:08:19"}
{"fields":{"humidity":55.15,"pressure":1009.92,"temperature":25.83},"name":"mqtt_consumer","tags":{"topic":"arsip/sensor"},"timestamp":"2026-07-20 02:08:22"}
{"fields":{"humidity":55.27,"pressure":1009.92,"temperature":25.81},"name":"mqtt_consumer","tags":{"topic":"arsip/sensor"},"timestamp":"2026-07-20 02:08:25"}
{"fields":{"humidity":55.36,"pressure":1009.91,"temperature":25.78},"name":"mqtt_consumer","tags":{"topic":"arsip/sensor"},"timestamp":"2026-07-20 02:08:28"}
{"fields":{"humidity":55.38,"pressure":1009.92,"temperature":25.71},"name":"mqtt_consumer","tags":{"topic":"arsip/sensor"},"timestamp":"2026-07-20 02:08:31"}
{"fields":{"humidity":55.65,"pressure":1009.9,"temperature":25.71},"name":"mqtt_consumer","tags":{"topic":"arsip/sensor"},"timestamp":"2026-07-20 02:08:34"}
{"fields":{"humidity":55.72,"pressure":1009.91,"temperature":25.71},"name":"mqtt_consumer","tags":{"topic":"arsip/sensor"},"timestamp":"2026-07-20 02:08:37"}
{"fields":{"humidity":55.66,"pressure":1009.92,"temperature":25.62},"name":"mqtt_consumer","tags":{"topic":"arsip/sensor"},"timestamp":"2026-07-20 02:08:40"}
{"fields":{"humidity":55.84,"pressure":1009.91,"temperature":25.55},"name":"mqtt_consumer","tags":{"topic":"arsip/sensor"},"timestamp":"2026-07-20 02:08:43"}
{"fields":{"humidity":55.82,"pressure":1009.88,"temperature":25.48},"name":"mqtt_consumer","tags":{"topic":"arsip/sensor"},"timestamp":"2026-07-20 02:08:46"}
{"fields":{"humidity":55.92,"pressure":1009.9,"temperature":25.53},"name":"mqtt_consumer","tags":{"topic":"arsip/sensor"},"timestamp":"2026-07-20 02:08:49"}
{"fields":{"humidity":56.05,"pressure":1009.93,"temperature":25.55},"name":"mqtt_consumer","tags":{"topic":"arsip/sensor"},"timestamp":"2026-07-20 02:08:52"}
{"fields":{"humidity":56.14,"pressure":1009.89,"temperature":25.52},"name":"mqtt_consumer","tags":{"topic":"arsip/sensor"},"timestamp":"2026-07-20 02:08:55"}
{"fields":{"humidity":56.14,"pressure":1009.9,"temperature":25.56},"name":"mqtt_consumer","tags":{"topic":"arsip/sensor"},"timestamp":"2026-07-20 02:08:58"}
{"fields":{"humidity":56.24,"pressure":1009.89,"temperature":25.61},"name":"mqtt_consumer","tags":{"topic":"arsip/sensor"},"timestamp":"2026-07-20 02:09:01"}
{"fields":{"humidity":56.27,"pressure":1009.88,"temperature":25.62},"name":"mqtt_consumer","tags":{"topic":"arsip/sensor"},"timestamp":"2026-07-20 02:09:04"}
{"fields":{"humidity":56.24,"pressure":1009.88,"temperature":25.63},"name":"mqtt_consumer","tags":{"topic":"arsip/sensor"},"timestamp":"2026-07-20 02:09:07"}
{"fields":{"humidity":56.27,"pressure":1009.88,"temperature":25.63},"name":"mqtt_consumer","tags":{"topic":"arsip/sensor"},"timestamp":"2026-07-20 02:09:10"}
{"fields":{"humidity":56.25,"pressure":1009.88,"temperature":25.62},"name":"mqtt_consumer","tags":{"topic":"arsip/sensor"},"timestamp":"2026-07-20 02:09:13"}
{"fields":{"humidity":56.16,"pressure":1009.89,"temperature":25.59},"name":"mqtt_consumer","tags":{"topic":"arsip/sensor"},"timestamp":"2026-07-20 02:09:16"}
{"fields":{"humidity":56.19,"pressure":1009.87,"temperature":25.58},"name":"mqtt_consumer","tags":{"topic":"arsip/sensor"},"timestamp":"2026-07-20 02:09:19"}
{"fields":{"humidity":56.25,"pressure":1009.87,"temperature":25.51},"name":"mqtt_consumer","tags":{"topic":"arsip/sensor"},"timestamp":"2026-07-20 02:09:22"}
{"fields":{"humidity":56.24,"pressure":1009.89,"temperature":25.47},"name":"mqtt_consumer","tags":{"topic":"arsip/sensor"},"timestamp":"2026-07-20 02:09:25"}
{"fields":{"humidity":56.21,"pressure":1009.85,"temperature":25.42},"name":"mqtt_consumer","tags":{"topic":"arsip/sensor"},"timestamp":"2026-07-20 02:09:28"}
{"fields":{"humidity":56.41,"pressure":1009.87,"temperature":25.42},"name":"mqtt_consumer","tags":{"topic":"arsip/sensor"},"timestamp":"2026-07-20 02:09:31"}
{"fields":{"humidity":56.4,"pressure":1009.88,"temperature":25.44},"name":"mqtt_consumer","tags":{"topic":"arsip/sensor"},"timestamp":"2026-07-20 02:09:34"}
{"fields":{"humidity":56.4,"pressure":1009.87,"temperature":25.42},"name":"mqtt_consumer","tags":{"topic":"arsip/sensor"},"timestamp":"2026-07-20 02:09:37"}
{"fields":{"humidity":56.41,"pressure":1009.87,"temperature":25.45},"name":"mqtt_consumer","tags":{"topic":"arsip/sensor"},"timestamp":"2026-07-20 02:09:40"}
{"fields":{"humidity":56.36,"pressure":1009.86,"temperature":25.46},"name":"mqtt_consumer","tags":{"topic":"arsip/sensor"},"timestamp":"2026-07-20 02:09:43"}
{"fields":{"humidity":56.24,"pressure":1009.88,"temperature":25.46},"name":"mqtt_consumer","tags":{"topic":"arsip/sensor"},"timestamp":"2026-07-20 02:09:46"}
{"fields":{"humidity":56.15,"pressure":1009.87,"temperature":25.48},"name":"mqtt_consumer","tags":{"topic":"arsip/sensor"},"timestamp":"2026-07-20 02:09:49"}
{"fields":{"humidity":56.01,"pressure":1009.87,"temperature":25.45},"name":"mqtt_consumer","tags":{"topic":"arsip/sensor"},"timestamp":"2026-07-20 02:09:52"}
{"fields":{"humidity":55.84,"pressure":1009.89,"temperature":25.37},"name":"mqtt_consumer","tags":{"topic":"arsip/sensor"},"timestamp":"2026-07-20 02:09:55"}
{"fields":{"humidity":55.93,"pressure":1009.86,"temperature":25.29},"name":"mqtt_consumer","tags":{"topic":"arsip/sensor"},"timestamp":"2026-07-20 02:09:58"}
{"fields":{"humidity":56.15,"pressure":1009.89,"temperature":25.28},"name":"mqtt_consumer","tags":{"topic":"arsip/sensor"},"timestamp":"2026-07-20 02:10:01"}
{"fields":{"humidity":56.17,"pressure":1009.91,"temperature":25.28},"name":"mqtt_consumer","tags":{"topic":"arsip/sensor"},"timestamp":"2026-07-20 02:10:04"}
{"fields":{"humidity":56.17,"pressure":1009.88,"temperature":25.29},"name":"mqtt_consumer","tags":{"topic":"arsip/sensor"},"timestamp":"2026-07-20 02:10:07"}
{"fields":{"humidity":56.36,"pressure":1009.89,"temperature":25.3},"name":"mqtt_consumer","tags":{"topic":"arsip/sensor"},"timestamp":"2026-07-20 02:10:10"}
{"fields":{"humidity":56.34,"pressure":1009.86,"temperature":25.29},"name":"mqtt_consumer","tags":{"topic":"arsip/sensor"},"timestamp":"2026-07-20 02:10:13"}
{"fields":{"humidity":56.53,"pressure":1009.88,"temperature":25.32},"name":"mqtt_consumer","tags":{"topic":"arsip/sensor"},"timestamp":"2026-07-20 02:10:16"}
{"fields":{"humidity":56.54,"pressure":1009.88,"temperature":25.33},"name":"mqtt_consumer","tags":{"topic":"arsip/sensor"},"timestamp":"2026-07-20 02:10:19"}
{"fields":{"humidity":56.53,"pressure":1009.89,"temperature":25.33},"name":"mqtt_consumer","tags":{"topic":"arsip/sensor"},"timestamp":"2026-07-20 02:10:22"}
{"fields":{"humidity":56.42,"pressure":1009.85,"temperature":25.33},"name":"mqtt_consumer","tags":{"topic":"arsip/sensor"},"timestamp":"2026-07-20 02:10:25"}
{"fields":{"humidity":56.34,"pressure":1009.89,"temperature":25.31},"name":"mqtt_consumer","tags":{"topic":"arsip/sensor"},"timestamp":"2026-07-20 02:10:28"}
{"fields":{"humidity":56.37,"pressure":1009.86,"temperature":25.28},"name":"mqtt_consumer","tags":{"topic":"arsip/sensor"},"timestamp":"2026-07-20 02:10:31"}
{"fields":{"humidity":56.49,"pressure":1009.88,"temperature":25.27},"name":"mqtt_consumer","tags":{"topic":"arsip/sensor"},"timestamp":"2026-07-20 02:10:34"}
{"fields":{"humidity":56.52,"pressure":1009.91,"temperature":25.26},"name":"mqtt_consumer","tags":{"topic":"arsip/sensor"},"timestamp":"2026-07-20 02:10:37"}
{"fields":{"humidity":56.47,"pressure":1009.87,"temperature":25.22},"name":"mqtt_consumer","tags":{"topic":"arsip/sensor"},"timestamp":"2026-07-20 02:10:40"}
{"fields":{"humidity":56.6,"pressure":1009.93,"temperature":25.18},"name":"mqtt_consumer","tags":{"topic":"arsip/sensor"},"timestamp":"2026-07-20 02:10:43"}
{"fields":{"humidity":56.64,"pressure":1009.9,"temperature":25.17},"name":"mqtt_consumer","tags":{"topic":"arsip/sensor"},"timestamp":"2026-07-20 02:10:46"}
{"fields":{"humidity":56.68,"pressure":1009.88,"temperature":25.16},"name":"mqtt_consumer","tags":{"topic":"arsip/sensor"},"timestamp":"2026-07-20 02:10:49"}
{"fields":{"humidity":56.6,"pressure":1009.93,"temperature":25.09},"name":"mqtt_consumer","tags":{"topic":"arsip/sensor"},"timestamp":"2026-07-20 02:10:52"}
{"fields":{"humidity":56.7,"pressure":1009.89,"temperature":25.05},"name":"mqtt_consumer","tags":{"topic":"arsip/sensor"},"timestamp":"2026-07-20 02:10:55"}
{"fields":{"humidity":56.77,"pressure":1009.89,"temperature":25.04},"name":"mqtt_consumer","tags":{"topic":"arsip/sensor"},"timestamp":"2026-07-20 02:10:58"}
{"fields":{"humidity":56.83,"pressure":1009.88,"temperature":25.05},"name":"mqtt_consumer","tags":{"topic":"arsip/sensor"},"timestamp":"2026-07-20 02:11:01"}
{"fields":{"humidity":56.8,"pressure":1009.93,"temperature":25.05},"name":"mqtt_consumer","tags":{"topic":"arsip/sensor"},"timestamp":"2026-07-20 02:11:04"}
{"fields":{"humidity":56.82,"pressure":1009.89,"temperature":25.01},"name":"mqtt_consumer","tags":{"topic":"arsip/sensor"},"timestamp":"2026-07-20 02:11:07"}
{"fields":{"humidity":56.84,"pressure":1009.91,"temperature":25},"name":"mqtt_consumer","tags":{"topic":"arsip/sensor"},"timestamp":"2026-07-20 02:11:10"}
{"fields":{"humidity":57.12,"pressure":1009.89,"temperature":25.04},"name":"mqtt_consumer","tags":{"topic":"arsip/sensor"},"timestamp":"2026-07-20 02:11:13"}
{"fields":{"humidity":57.01,"pressure":1009.88,"temperature":25.02},"name":"mqtt_consumer","tags":{"topic":"arsip/sensor"},"timestamp":"2026-07-20 02:11:16"}
{"fields":{"humidity":56.86,"pressure":1009.89,"temperature":25.01},"name":"mqtt_consumer","tags":{"topic":"arsip/sensor"},"timestamp":"2026-07-20 02:11:19"}
{"fields":{"humidity":56.81,"pressure":1009.91,"temperature":25},"name":"mqtt_consumer","tags":{"topic":"arsip/sensor"},"timestamp":"2026-07-20 02:11:22"}
{"fields":{"humidity":56.86,"pressure":1009.87,"temperature":25.01},"name":"mqtt_consumer","tags":{"topic":"arsip/sensor"},"timestamp":"2026-07-20 02:11:25"}
{"fields":{"humidity":56.89,"pressure":1009.86,"temperature":24.99},"name":"mqtt_consumer","tags":{"topic":"arsip/sensor"},"timestamp":"2026-07-20 02:11:28"}
{"fields":{"humidity":57,"pressure":1009.89,"temperature":24.96},"name":"mqtt_consumer","tags":{"topic":"arsip/sensor"},"timestamp":"2026-07-20 02:11:31"}
{"fields":{"humidity":56.86,"pressure":1009.88,"temperature":24.93},"name":"mqtt_consumer","tags":{"topic":"arsip/sensor"},"timestamp":"2026-07-20 02:11:34"}
{"fields":{"humidity":56.79,"pressure":1009.85,"temperature":24.92},"name":"mqtt_consumer","tags":{"topic":"arsip/sensor"},"timestamp":"2026-07-20 02:11:37"}
{"fields":{"humidity":56.91,"pressure":1009.87,"temperature":24.93},"name":"mqtt_consumer","tags":{"topic":"arsip/sensor"},"timestamp":"2026-07-20 02:11:40"}
{"fields":{"humidity":56.93,"pressure":1009.87,"temperature":24.98},"name":"mqtt_consumer","tags":{"topic":"arsip/sensor"},"timestamp":"2026-07-20 02:11:43"}
{"fields":{"humidity":56.99,"pressure":1009.86,"temperature":24.98},"name":"mqtt_consumer","tags":{"topic":"arsip/sensor"},"timestamp":"2026-07-20 02:11:46"}
{"fields":{"humidity":56.92,"pressure":1009.9,"temperature":24.98},"name":"mqtt_consumer","tags":{"topic":"arsip/sensor"},"timestamp":"2026-07-20 02:11:49"}
{"fields":{"humidity":56.82,"pressure":1009.91,"temperature":24.99},"name":"mqtt_consumer","tags":{"topic":"arsip/sensor"},"timestamp":"2026-07-20 02:11:52"}
{"fields":{"humidity":56.89,"pressure":1009.9,"temperature":24.98},"name":"mqtt_consumer","tags":{"topic":"arsip/sensor"},"timestamp":"2026-07-20 02:11:55"}
{"fields":{"humidity":56.8,"pressure":1009.9,"temperature":24.94},"name":"mqtt_consumer","tags":{"topic":"arsip/sensor"},"timestamp":"2026-07-20 02:11:58"}
{"fields":{"humidity":57.06,"pressure":1009.89,"temperature":24.94},"name":"mqtt_consumer","tags":{"topic":"arsip/sensor"},"timestamp":"2026-07-20 02:12:01"}
{"fields":{"humidity":57.27,"pressure":1009.89,"temperature":24.95},"name":"mqtt_consumer","tags":{"topic":"arsip/sensor"},"timestamp":"2026-07-20 02:12:04"}
{"fields":{"humidity":57.13,"pressure":1009.9,"temperature":24.94},"name":"mqtt_consumer","tags":{"topic":"arsip/sensor"},"timestamp":"2026-07-20 02:12:07"}
{"fields":{"humidity":57.04,"pressure":1009.89,"temperature":24.92},"name":"mqtt_consumer","tags":{"topic":"arsip/sensor"},"timestamp":"2026-07-20 02:12:10"}
{"fields":{"humidity":57.2,"pressure":1009.93,"temperature":24.93},"name":"mqtt_consumer","tags":{"topic":"arsip/sensor"},"timestamp":"2026-07-20 02:12:13"}
{"fields":{"humidity":57.24,"pressure":1009.93,"temperature":24.91},"name":"mqtt_consumer","tags":{"topic":"arsip/sensor"},"timestamp":"2026-07-20 02:12:16"}
{"fields":{"humidity":57.27,"pressure":1009.89,"temperature":24.94},"name":"mqtt_consumer","tags":{"topic":"arsip/sensor"},"timestamp":"2026-07-20 02:12:19"}
{"fields":{"humidity":57.3,"pressure":1009.9,"temperature":24.95},"name":"mqtt_consumer","tags":{"topic":"arsip/sensor"},"timestamp":"2026-07-20 02:12:22"}
{"fields":{"humidity":57.32,"pressure":1009.94,"temperature":24.97},"name":"mqtt_consumer","tags":{"topic":"arsip/sensor"},"timestamp":"2026-07-20 02:12:25"}
{"fields":{"humidity":57.23,"pressure":1009.88,"temperature":24.98},"name":"mqtt_consumer","tags":{"topic":"arsip/sensor"},"timestamp":"2026-07-20 02:12:28"}
{"fields":{"humidity":57.23,"pressure":1009.9,"temperature":24.97},"name":"mqtt_consumer","tags":{"topic":"arsip/sensor"},"timestamp":"2026-07-20 02:12:31"}
{"fields":{"humidity":57.21,"pressure":1009.84,"temperature":25.01},"name":"mqtt_consumer","tags":{"topic":"arsip/sensor"},"timestamp":"2026-07-20 02:12:34"}
{"fields":{"humidity":57.24,"pressure":1009.92,"temperature":25.06},"name":"mqtt_consumer","tags":{"topic":"arsip/sensor"},"timestamp":"2026-07-20 02:12:37"}
{"fields":{"humidity":57.05,"pressure":1009.86,"temperature":25.02},"name":"mqtt_consumer","tags":{"topic":"arsip/sensor"},"timestamp":"2026-07-20 02:12:40"}
{"fields":{"humidity":57.13,"pressure":1009.88,"temperature":25.02},"name":"mqtt_consumer","tags":{"topic":"arsip/sensor"},"timestamp":"2026-07-20 02:12:43"}
{"fields":{"humidity":57.25,"pressure":1009.92,"temperature":25.01},"name":"mqtt_consumer","tags":{"topic":"arsip/sensor"},"timestamp":"2026-07-20 02:12:46"}
{"fields":{"humidity":57.27,"pressure":1009.87,"temperature":25.01},"name":"mqtt_consumer","tags":{"topic":"arsip/sensor"},"timestamp":"2026-07-20 02:12:49"}
{"fields":{"humidity":57.16,"pressure":1009.9,"temperature":25.01},"name":"mqtt_consumer","tags":{"topic":"arsip/sensor"},"timestamp":"2026-07-20 02:12:52"}
{"fields":{"humidity":57.13,"pressure":1009.9,"temperature":25},"name":"mqtt_consumer","tags":{"topic":"arsip/sensor"},"timestamp":"2026-07-20 02:12:55"}
{"fields":{"humidity":57.23,"pressure":1009.88,"temperature":24.99},"name":"mqtt_consumer","tags":{"topic":"arsip/sensor"},"timestamp":"2026-07-20 02:12:58"}
{"fields":{"humidity":57.29,"pressure":1009.86,"temperature":25.02},"name":"mqtt_consumer","tags":{"topic":"arsip/sensor"},"timestamp":"2026-07-20 02:13:01"}
{"fields":{"humidity":57.28,"pressure":1009.87,"temperature":25.04},"name":"mqtt_consumer","tags":{"topic":"arsip/sensor"},"timestamp":"2026-07-20 02:13:04"}
{"fields":{"humidity":57.4,"pressure":1009.91,"temperature":25.07},"name":"mqtt_consumer","tags":{"topic":"arsip/sensor"},"timestamp":"2026-07-20 02:13:07"}
{"fields":{"humidity":57.26,"pressure":1009.89,"temperature":25.02},"name":"mqtt_consumer","tags":{"topic":"arsip/sensor"},"timestamp":"2026-07-20 02:13:10"}
{"fields":{"humidity":57.21,"pressure":1009.87,"temperature":25.03},"name":"mqtt_consumer","tags":{"topic":"arsip/sensor"},"timestamp":"2026-07-20 02:13:13"}
{"fields":{"humidity":57.2,"pressure":1009.88,"temperature":24.99},"name":"mqtt_consumer","tags":{"topic":"arsip/sensor"},"timestamp":"2026-07-20 02:13:16"}
{"fields":{"humidity":57.24,"pressure":1009.9,"temperature":24.97},"name":"mqtt_consumer","tags":{"topic":"arsip/sensor"},"timestamp":"2026-07-20 02:13:19"}
{"fields":{"humidity":57.3,"pressure":1009.91,"temperature":24.96},"name":"mqtt_consumer","tags":{"topic":"arsip/sensor"},"timestamp":"2026-07-20 02:13:22"}
{"fields":{"humidity":57.22,"pressure":1009.87,"temperature":24.96},"name":"mqtt_consumer","tags":{"topic":"arsip/sensor"},"timestamp":"2026-07-20 02:13:25"}
{"fields":{"humidity":57.29,"pressure":1009.89,"temperature":24.96},"name":"mqtt_consumer","tags":{"topic":"arsip/sensor"},"timestamp":"2026-07-20 02:13:28"}
{"fields":{"humidity":57.46,"pressure":1009.86,"temperature":24.97},"name":"mqtt_consumer","tags":{"topic":"arsip/sensor"},"timestamp":"2026-07-20 02:13:31"}
{"fields":{"humidity":57.5,"pressure":1009.89,"temperature":24.98},"name":"mqtt_consumer","tags":{"topic":"arsip/sensor"},"timestamp":"2026-07-20 02:13:34"}
{"fields":{"humidity":57.6,"pressure":1009.88,"temperature":25},"name":"mqtt_consumer","tags":{"topic":"arsip/sensor"},"timestamp":"2026-07-20 02:13:37"}
{"fields":{"humidity":57.54,"pressure":1009.91,"temperature":24.96},"name":"mqtt_consumer","tags":{"topic":"arsip/sensor"},"timestamp":"2026-07-20 02:13:40"}
{"fields":{"humidity":57.66,"pressure":1009.87,"temperature":24.99},"name":"mqtt_consumer","tags":{"topic":"arsip/sensor"},"timestamp":"2026-07-20 02:13:43"}
{"fields":{"humidity":57.54,"pressure":1009.87,"temperature":24.98},"name":"mqtt_consumer","tags":{"topic":"arsip/sensor"},"timestamp":"2026-07-20 02:13:46"}
{"fields":{"humidity":57.83,"pressure":1009.88,"temperature":24.99},"name":"mqtt_consumer","tags":{"topic":"arsip/sensor"},"timestamp":"2026-07-20 02:13:49"}
{"fields":{"humidity":57.79,"pressure":1009.9,"temperature":24.96},"name":"mqtt_consumer","tags":{"topic":"arsip/sensor"},"timestamp":"2026-07-20 02:13:52"}
{"fields":{"humidity":57.84,"pressure":1009.9,"temperature":24.95},"name":"mqtt_consumer","tags":{"topic":"arsip/sensor"},"timestamp":"2026-07-20 02:13:55"}
{"fields":{"humidity":57.64,"pressure":1009.92,"temperature":24.93},"name":"mqtt_consumer","tags":{"topic":"arsip/sensor"},"timestamp":"2026-07-20 02:13:58"}
{"fields":{"humidity":57.75,"pressure":1009.87,"temperature":24.94},"name":"mqtt_consumer","tags":{"topic":"arsip/sensor"},"timestamp":"2026-07-20 02:14:01"}
{"fields":{"humidity":57.8,"pressure":1009.88,"temperature":24.96},"name":"mqtt_consumer","tags":{"topic":"arsip/sensor"},"timestamp":"2026-07-20 02:14:04"}
{"fields":{"humidity":57.95,"pressure":1009.91,"temperature":24.96},"name":"mqtt_consumer","tags":{"topic":"arsip/sensor"},"timestamp":"2026-07-20 02:14:07"}
{"fields":{"humidity":57.89,"pressure":1009.91,"temperature":24.96},"name":"mqtt_consumer","tags":{"topic":"arsip/sensor"},"timestamp":"2026-07-20 02:14:10"}
{"fields":{"humidity":57.81,"pressure":1009.86,"temperature":24.99},"name":"mqtt_consumer","tags":{"topic":"arsip/sensor"},"timestamp":"2026-07-20 02:14:13"}
{"fields":{"humidity":57.92,"pressure":1009.88,"temperature":25},"name":"mqtt_consumer","tags":{"topic":"arsip/sensor"},"timestamp":"2026-07-20 02:14:16"}
{"fields":{"humidity":57.98,"pressure":1009.91,"temperature":25.01},"name":"mqtt_consumer","tags":{"topic":"arsip/sensor"},"timestamp":"2026-07-20 02:14:19"}
{"fields":{"humidity":57.79,"pressure":1009.87,"temperature":24.98},"name":"mqtt_consumer","tags":{"topic":"arsip/sensor"},"timestamp":"2026-07-20 02:14:22"}
{"fields":{"humidity":57.89,"pressure":1009.89,"temperature":24.99},"name":"mqtt_consumer","tags":{"topic":"arsip/sensor"},"timestamp":"2026-07-20 02:14:25"}
{"fields":{"humidity":57.88,"pressure":1009.89,"temperature":24.97},"name":"mqtt_consumer","tags":{"topic":"arsip/sensor"},"timestamp":"2026-07-20 02:14:28"}
{"fields":{"humidity":57.89,"pressure":1009.86,"temperature":24.99},"name":"mqtt_consumer","tags":{"topic":"arsip/sensor"},"timestamp":"2026-07-20 02:14:31"}
{"fields":{"humidity":57.74,"pressure":1009.89,"temperature":25.01},"name":"mqtt_consumer","tags":{"topic":"arsip/sensor"},"timestamp":"2026-07-20 02:14:34"}
{"fields":{"humidity":57.77,"pressure":1009.87,"temperature":24.97},"name":"mqtt_consumer","tags":{"topic":"arsip/sensor"},"timestamp":"2026-07-20 02:14:37"}
{"fields":{"humidity":57.87,"pressure":1009.89,"temperature":24.99},"name":"mqtt_consumer","tags":{"topic":"arsip/sensor"},"timestamp":"2026-07-20 02:14:40"}
{"fields":{"humidity":57.89,"pressure":1009.88,"temperature":24.98},"name":"mqtt_consumer","tags":{"topic":"arsip/sensor"},"timestamp":"2026-07-20 02:14:43"}
{"fields":{"humidity":57.87,"pressure":1009.88,"temperature":25.01},"name":"mqtt_consumer","tags":{"topic":"arsip/sensor"},"timestamp":"2026-07-20 02:14:46"}
{"fields":{"humidity":57.86,"pressure":1009.87,"temperature":25.03},"name":"mqtt_consumer","tags":{"topic":"arsip/sensor"},"timestamp":"2026-07-20 02:14:49"}
{"fields":{"humidity":57.85,"pressure":1009.89,"temperature":25.05},"name":"mqtt_consumer","tags":{"topic":"arsip/sensor"},"timestamp":"2026-07-20 02:14:52"}
{"fields":{"humidity":57.75,"pressure":1009.86,"temperature":25.04},"name":"mqtt_consumer","tags":{"topic":"arsip/sensor"},"timestamp":"2026-07-20 02:14:55"}
{"fields":{"humidity":57.6,"pressure":1009.87,"temperature":25},"name":"mqtt_consumer","tags":{"topic":"arsip/sensor"},"timestamp":"2026-07-20 02:14:58"}
{"fields":{"humidity":57.5,"pressure":1009.9,"temperature":25.01},"name":"mqtt_consumer","tags":{"topic":"arsip/sensor"},"timestamp":"2026-07-20 02:15:01"}
{"fields":{"humidity":57.67,"pressure":1009.89,"temperature":24.99},"name":"mqtt_consumer","tags":{"topic":"arsip/sensor"},"timestamp":"2026-07-20 02:15:04"}
{"fields":{"humidity":57.66,"pressure":1009.89,"temperature":24.99},"name":"mqtt_consumer","tags":{"topic":"arsip/sensor"},"timestamp":"2026-07-20 02:15:07"}
{"fields":{"humidity":57.68,"pressure":1009.86,"temperature":25},"name":"mqtt_consumer","tags":{"topic":"arsip/sensor"},"timestamp":"2026-07-20 02:15:10"}
{"fields":{"humidity":57.75,"pressure":1009.87,"temperature":25.01},"name":"mqtt_consumer","tags":{"topic":"arsip/sensor"},"timestamp":"2026-07-20 02:15:13"}
{"fields":{"humidity":57.9,"pressure":1009.88,"temperature":25.02},"name":"mqtt_consumer","tags":{"topic":"arsip/sensor"},"timestamp":"2026-07-20 02:15:16"}
{"fields":{"humidity":58.02,"pressure":1009.87,"temperature":25.04},"name":"mqtt_consumer","tags":{"topic":"arsip/sensor"},"timestamp":"2026-07-20 02:15:19"}
{"fields":{"humidity":58.15,"pressure":1009.87,"temperature":25.06},"name":"mqtt_consumer","tags":{"topic":"arsip/sensor"},"timestamp":"2026-07-20 02:15:22"}
{"fields":{"humidity":58,"pressure":1009.89,"temperature":25.03},"name":"mqtt_consumer","tags":{"topic":"arsip/sensor"},"timestamp":"2026-07-20 02:15:25"}
{"fields":{"humidity":57.91,"pressure":1009.88,"temperature":25.02},"name":"mqtt_consumer","tags":{"topic":"arsip/sensor"},"timestamp":"2026-07-20 02:15:28"}
{"fields":{"humidity":58,"pressure":1009.84,"temperature":25.02},"name":"mqtt_consumer","tags":{"topic":"arsip/sensor"},"timestamp":"2026-07-20 02:15:31"}
{"fields":{"humidity":57.9,"pressure":1009.86,"temperature":25.04},"name":"mqtt_consumer","tags":{"topic":"arsip/sensor"},"timestamp":"2026-07-20 02:15:34"}
{"fields":{"humidity":57.81,"pressure":1009.86,"temperature":25.07},"name":"mqtt_consumer","tags":{"topic":"arsip/sensor"},"timestamp":"2026-07-20 02:15:37"}
{"fields":{"humidity":58.13,"pressure":1009.86,"temperature":25.09},"name":"mqtt_consumer","tags":{"topic":"arsip/sensor"},"timestamp":"2026-07-20 02:15:40"}
{"fields":{"humidity":57.98,"pressure":1009.88,"temperature":25.09},"name":"mqtt_consumer","tags":{"topic":"arsip/sensor"},"timestamp":"2026-07-20 02:15:43"}
{"fields":{"humidity":57.89,"pressure":1009.85,"temperature":25.06},"name":"mqtt_consumer","tags":{"topic":"arsip/sensor"},"timestamp":"2026-07-20 02:15:46"}
{"fields":{"humidity":57.89,"pressure":1009.84,"temperature":25.03},"name":"mqtt_consumer","tags":{"topic":"arsip/sensor"},"timestamp":"2026-07-20 02:15:49"}
{"fields":{"humidity":57.86,"pressure":1009.86,"temperature":25.01},"name":"mqtt_consumer","tags":{"topic":"arsip/sensor"},"timestamp":"2026-07-20 02:15:52"}
{"fields":{"humidity":57.83,"pressure":1009.88,"temperature":24.98},"name":"mqtt_consumer","tags":{"topic":"arsip/sensor"},"timestamp":"2026-07-20 02:15:55"}
{"fields":{"humidity":57.87,"pressure":1009.86,"temperature":24.99},"name":"mqtt_consumer","tags":{"topic":"arsip/sensor"},"timestamp":"2026-07-20 02:15:58"}
{"fields":{"humidity":57.79,"pressure":1009.85,"temperature":24.95},"name":"mqtt_consumer","tags":{"topic":"arsip/sensor"},"timestamp":"2026-07-20 02:16:01"}
{"fields":{"humidity":57.77,"pressure":1009.86,"temperature":24.95},"name":"mqtt_consumer","tags":{"topic":"arsip/sensor"},"timestamp":"2026-07-20 02:16:04"}
{"fields":{"humidity":57.78,"pressure":1009.82,"temperature":24.97},"name":"mqtt_consumer","tags":{"topic":"arsip/sensor"},"timestamp":"2026-07-20 02:16:07"}
{"fields":{"humidity":57.84,"pressure":1009.85,"temperature":24.98},"name":"mqtt_consumer","tags":{"topic":"arsip/sensor"},"timestamp":"2026-07-20 02:16:10"}
{"fields":{"humidity":57.73,"pressure":1009.87,"temperature":24.95},"name":"mqtt_consumer","tags":{"topic":"arsip/sensor"},"timestamp":"2026-07-20 02:16:13"}
{"fields":{"humidity":57.76,"pressure":1009.86,"temperature":24.96},"name":"mqtt_consumer","tags":{"topic":"arsip/sensor"},"timestamp":"2026-07-20 02:16:16"}
{"fields":{"humidity":57.74,"pressure":1009.85,"temperature":24.95},"name":"mqtt_consumer","tags":{"topic":"arsip/sensor"},"timestamp":"2026-07-20 02:16:19"}
{"fields":{"humidity":57.77,"pressure":1009.85,"temperature":24.96},"name":"mqtt_consumer","tags":{"topic":"arsip/sensor"},"timestamp":"2026-07-20 02:16:22"}
{"fields":{"humidity":57.78,"pressure":1009.86,"temperature":24.96},"name":"mqtt_consumer","tags":{"topic":"arsip/sensor"},"timestamp":"2026-07-20 02:16:25"}
{"fields":{"humidity":57.59,"pressure":1009.83,"temperature":24.93},"name":"mqtt_consumer","tags":{"topic":"arsip/sensor"},"timestamp":"2026-07-20 02:16:28"}
{"fields":{"humidity":57.58,"pressure":1009.86,"temperature":24.9},"name":"mqtt_consumer","tags":{"topic":"arsip/sensor"},"timestamp":"2026-07-20 02:16:31"}
{"fields":{"humidity":57.62,"pressure":1009.84,"temperature":24.86},"name":"mqtt_consumer","tags":{"topic":"arsip/sensor"},"timestamp":"2026-07-20 02:16:34"}
{"fields":{"humidity":57.65,"pressure":1009.85,"temperature":24.87},"name":"mqtt_consumer","tags":{"topic":"arsip/sensor"},"timestamp":"2026-07-20 02:16:37"}
{"fields":{"humidity":57.62,"pressure":1009.83,"temperature":24.87},"name":"mqtt_consumer","tags":{"topic":"arsip/sensor"},"timestamp":"2026-07-20 02:16:40"}
{"fields":{"humidity":57.77,"pressure":1009.84,"temperature":24.88},"name":"mqtt_consumer","tags":{"topic":"arsip/sensor"},"timestamp":"2026-07-20 02:16:43"}
{"fields":{"humidity":57.75,"pressure":1009.86,"temperature":24.84},"name":"mqtt_consumer","tags":{"topic":"arsip/sensor"},"timestamp":"2026-07-20 02:16:46"}
{"fields":{"humidity":57.79,"pressure":1009.85,"temperature":24.85},"name":"mqtt_consumer","tags":{"topic":"arsip/sensor"},"timestamp":"2026-07-20 02:16:49"}
{"fields":{"humidity":57.77,"pressure":1009.83,"temperature":24.85},"name":"mqtt_consumer","tags":{"topic":"arsip/sensor"},"timestamp":"2026-07-20 02:16:52"}
{"fields":{"humidity":57.77,"pressure":1009.83,"temperature":24.88},"name":"mqtt_consumer","tags":{"topic":"arsip/sensor"},"timestamp":"2026-07-20 02:16:55"}
{"fields":{"humidity":57.89,"pressure":1009.83,"temperature":24.91},"name":"mqtt_consumer","tags":{"topic":"arsip/sensor"},"timestamp":"2026-07-20 02:16:58"}
{"fields":{"humidity":57.79,"pressure":1009.83,"temperature":24.92},"name":"mqtt_consumer","tags":{"topic":"arsip/sensor"},"timestamp":"2026-07-20 02:17:01"}
{"fields":{"humidity":57.68,"pressure":1009.84,"temperature":24.88},"name":"mqtt_consumer","tags":{"topic":"arsip/sensor"},"timestamp":"2026-07-20 02:17:04"}
{"fields":{"humidity":57.67,"pressure":1009.85,"temperature":24.85},"name":"mqtt_consumer","tags":{"topic":"arsip/sensor"},"timestamp":"2026-07-20 02:17:07"}
{"fields":{"humidity":57.67,"pressure":1009.85,"temperature":24.85},"name":"mqtt_consumer","tags":{"topic":"arsip/sensor"},"timestamp":"2026-07-20 02:17:10"}
{"fields":{"humidity":57.69,"pressure":1009.82,"temperature":24.85},"name":"mqtt_consumer","tags":{"topic":"arsip/sensor"},"timestamp":"2026-07-20 02:17:13"}
{"fields":{"humidity":57.57,"pressure":1009.81,"temperature":24.79},"name":"mqtt_consumer","tags":{"topic":"arsip/sensor"},"timestamp":"2026-07-20 02:17:16"}
{"fields":{"humidity":57.68,"pressure":1009.83,"temperature":24.76},"name":"mqtt_consumer","tags":{"topic":"arsip/sensor"},"timestamp":"2026-07-20 02:17:19"}
{"fields":{"humidity":57.64,"pressure":1009.83,"temperature":24.73},"name":"mqtt_consumer","tags":{"topic":"arsip/sensor"},"timestamp":"2026-07-20 02:17:22"}
{"fields":{"humidity":57.71,"pressure":1009.86,"temperature":24.73},"name":"mqtt_consumer","tags":{"topic":"arsip/sensor"},"timestamp":"2026-07-20 02:17:25"}
{"fields":{"humidity":57.68,"pressure":1009.83,"temperature":24.73},"name":"mqtt_consumer","tags":{"topic":"arsip/sensor"},"timestamp":"2026-07-20 02:17:28"}
{"fields":{"humidity":57.86,"pressure":1009.82,"temperature":24.76},"name":"mqtt_consumer","tags":{"topic":"arsip/sensor"},"timestamp":"2026-07-20 02:17:31"}
{"fields":{"humidity":57.82,"pressure":1009.82,"temperature":24.77},"name":"mqtt_consumer","tags":{"topic":"arsip/sensor"},"timestamp":"2026-07-20 02:17:34"}
{"fields":{"humidity":57.91,"pressure":1009.86,"temperature":24.78},"name":"mqtt_consumer","tags":{"topic":"arsip/sensor"},"timestamp":"2026-07-20 02:17:37"}
{"fields":{"humidity":57.87,"pressure":1009.85,"temperature":24.8},"name":"mqtt_consumer","tags":{"topic":"arsip/sensor"},"timestamp":"2026-07-20 02:17:40"}
{"fields":{"humidity":57.83,"pressure":1009.84,"temperature":24.79},"name":"mqtt_consumer","tags":{"topic":"arsip/sensor"},"timestamp":"2026-07-20 02:17:43"}
{"fields":{"humidity":57.94,"pressure":1009.81,"temperature":24.81},"name":"mqtt_consumer","tags":{"topic":"arsip/sensor"},"timestamp":"2026-07-20 02:17:46"}
{"fields":{"humidity":58.09,"pressure":1009.84,"temperature":24.84},"name":"mqtt_consumer","tags":{"topic":"arsip/sensor"},"timestamp":"2026-07-20 02:17:49"}
{"fields":{"humidity":58.01,"pressure":1009.85,"temperature":24.84},"name":"mqtt_consumer","tags":{"topic":"arsip/sensor"},"timestamp":"2026-07-20 02:17:52"}
{"fields":{"humidity":58.09,"pressure":1009.83,"temperature":24.87},"name":"mqtt_consumer","tags":{"topic":"arsip/sensor"},"timestamp":"2026-07-20 02:17:55"}
{"fields":{"humidity":58,"pressure":1009.81,"temperature":24.86},"name":"mqtt_consumer","tags":{"topic":"arsip/sensor"},"timestamp":"2026-07-20 02:17:58"}
{"fields":{"humidity":57.79,"pressure":1009.82,"temperature":24.82},"name":"mqtt_consumer","tags":{"topic":"arsip/sensor"},"timestamp":"2026-07-20 02:18:01"}
{"fields":{"humidity":57.79,"pressure":1009.83,"temperature":24.83},"name":"mqtt_consumer","tags":{"topic":"arsip/sensor"},"timestamp":"2026-07-20 02:18:04"}
{"fields":{"humidity":57.68,"pressure":1009.85,"temperature":24.81},"name":"mqtt_consumer","tags":{"topic":"arsip/sensor"},"timestamp":"2026-07-20 02:18:07"}
{"fields":{"humidity":57.83,"pressure":1009.84,"temperature":24.84},"name":"mqtt_consumer","tags":{"topic":"arsip/sensor"},"timestamp":"2026-07-20 02:18:10"}
{"fields":{"humidity":57.8,"pressure":1009.86,"temperature":24.84},"name":"mqtt_consumer","tags":{"topic":"arsip/sensor"},"timestamp":"2026-07-20 02:18:13"}
{"fields":{"humidity":57.85,"pressure":1009.83,"temperature":24.84},"name":"mqtt_consumer","tags":{"topic":"arsip/sensor"},"timestamp":"2026-07-20 02:18:16"}
{"fields":{"humidity":58.02,"pressure":1009.84,"temperature":24.87},"name":"mqtt_consumer","tags":{"topic":"arsip/sensor"},"timestamp":"2026-07-20 02:18:19"}
{"fields":{"humidity":58.03,"pressure":1009.85,"temperature":24.89},"name":"mqtt_consumer","tags":{"topic":"arsip/sensor"},"timestamp":"2026-07-20 02:18:22"}
{"fields":{"humidity":57.85,"pressure":1009.82,"temperature":24.85},"name":"mqtt_consumer","tags":{"topic":"arsip/sensor"},"timestamp":"2026-07-20 02:18:25"}
{"fields":{"humidity":57.96,"pressure":1009.81,"temperature":24.88},"name":"mqtt_consumer","tags":{"topic":"arsip/sensor"},"timestamp":"2026-07-20 02:18:28"}
{"fields":{"humidity":57.99,"pressure":1009.84,"temperature":24.89},"name":"mqtt_consumer","tags":{"topic":"arsip/sensor"},"timestamp":"2026-07-20 02:18:31"}
{"fields":{"humidity":58.02,"pressure":1009.8,"temperature":24.87},"name":"mqtt_consumer","tags":{"topic":"arsip/sensor"},"timestamp":"2026-07-20 02:18:34"}
{"fields":{"humidity":57.96,"pressure":1009.83,"temperature":24.85},"name":"mqtt_consumer","tags":{"topic":"arsip/sensor"},"timestamp":"2026-07-20 02:18:37"}
{"fields":{"humidity":57.96,"pressure":1009.86,"temperature":24.84},"name":"mqtt_consumer","tags":{"topic":"arsip/sensor"},"timestamp":"2026-07-20 02:18:40"}
{"fields":{"humidity":58.04,"pressure":1009.83,"temperature":24.81},"name":"mqtt_consumer","tags":{"topic":"arsip/sensor"},"timestamp":"2026-07-20 02:18:43"}
{"fields":{"humidity":57.99,"pressure":1009.84,"temperature":24.81},"name":"mqtt_consumer","tags":{"topic":"arsip/sensor"},"timestamp":"2026-07-20 02:18:46"}
{"fields":{"humidity":58.03,"pressure":1009.87,"temperature":24.82},"name":"mqtt_consumer","tags":{"topic":"arsip/sensor"},"timestamp":"2026-07-20 02:18:49"}
{"fields":{"humidity":57.97,"pressure":1009.79,"temperature":24.8},"name":"mqtt_consumer","tags":{"topic":"arsip/sensor"},"timestamp":"2026-07-20 02:18:52"}
{"fields":{"humidity":58.09,"pressure":1009.83,"temperature":24.8},"name":"mqtt_consumer","tags":{"topic":"arsip/sensor"},"timestamp":"2026-07-20 02:18:55"}
{"fields":{"humidity":58.1,"pressure":1009.86,"temperature":24.79},"name":"mqtt_consumer","tags":{"topic":"arsip/sensor"},"timestamp":"2026-07-20 02:18:58"}
{"fields":{"humidity":58.17,"pressure":1009.82,"temperature":24.78},"name":"mqtt_consumer","tags":{"topic":"arsip/sensor"},"timestamp":"2026-07-20 02:19:01"}
{"fields":{"humidity":58.2,"pressure":1009.79,"temperature":24.77},"name":"mqtt_consumer","tags":{"topic":"arsip/sensor"},"timestamp":"2026-07-20 02:19:04"}
{"fields":{"humidity":58.27,"pressure":1009.84,"temperature":24.8},"name":"mqtt_consumer","tags":{"topic":"arsip/sensor"},"timestamp":"2026-07-20 02:19:07"}
{"fields":{"humidity":58.23,"pressure":1009.84,"temperature":24.84},"name":"mqtt_consumer","tags":{"topic":"arsip/sensor"},"timestamp":"2026-07-20 02:19:10"}
{"fields":{"humidity":58.25,"pressure":1009.81,"temperature":24.85},"name":"mqtt_consumer","tags":{"topic":"arsip/sensor"},"timestamp":"2026-07-20 02:19:13"}
{"fields":{"humidity":58.35,"pressure":1009.83,"temperature":24.85},"name":"mqtt_consumer","tags":{"topic":"arsip/sensor"},"timestamp":"2026-07-20 02:19:16"}
{"fields":{"humidity":58.23,"pressure":1009.82,"temperature":24.86},"name":"mqtt_consumer","tags":{"topic":"arsip/sensor"},"timestamp":"2026-07-20 02:19:19"}
{"fields":{"humidity":58.28,"pressure":1009.83,"temperature":24.86},"name":"mqtt_consumer","tags":{"topic":"arsip/sensor"},"timestamp":"2026-07-20 02:19:22"}
{"fields":{"humidity":58.33,"pressure":1009.83,"temperature":24.87},"name":"mqtt_consumer","tags":{"topic":"arsip/sensor"},"timestamp":"2026-07-20 02:19:25"}
{"fields":{"humidity":58.3,"pressure":1009.81,"temperature":24.9},"name":"mqtt_consumer","tags":{"topic":"arsip/sensor"},"timestamp":"2026-07-20 02:19:28"}
{"fields":{"humidity":58.26,"pressure":1009.8,"temperature":24.91},"name":"mqtt_consumer","tags":{"topic":"arsip/sensor"},"timestamp":"2026-07-20 02:19:31"}
{"fields":{"humidity":58.19,"pressure":1009.82,"temperature":24.88},"name":"mqtt_consumer","tags":{"topic":"arsip/sensor"},"timestamp":"2026-07-20 02:19:34"}
{"fields":{"humidity":58.21,"pressure":1009.79,"temperature":24.86},"name":"mqtt_consumer","tags":{"topic":"arsip/sensor"},"timestamp":"2026-07-20 02:19:37"}
{"fields":{"humidity":58.22,"pressure":1009.81,"temperature":24.87},"name":"mqtt_consumer","tags":{"topic":"arsip/sensor"},"timestamp":"2026-07-20 02:19:40"}
{"fields":{"humidity":58.14,"pressure":1009.82,"temperature":24.84},"name":"mqtt_consumer","tags":{"topic":"arsip/sensor"},"timestamp":"2026-07-20 02:19:43"}
{"fields":{"humidity":58.03,"pressure":1009.79,"temperature":24.81},"name":"mqtt_consumer","tags":{"topic":"arsip/sensor"},"timestamp":"2026-07-20 02:19:46"}
{"fields":{"humidity":58.13,"pressure":1009.8,"temperature":24.8},"name":"mqtt_consumer","tags":{"topic":"arsip/sensor"},"timestamp":"2026-07-20 02:19:49"}
{"fields":{"humidity":58.26,"pressure":1009.8,"temperature":24.81},"name":"mqtt_consumer","tags":{"topic":"arsip/sensor"},"timestamp":"2026-07-20 02:19:52"}
{"fields":{"humidity":58.39,"pressure":1009.81,"temperature":24.83},"name":"mqtt_consumer","tags":{"topic":"arsip/sensor"},"timestamp":"2026-07-20 02:19:55"}
{"fields":{"humidity":58.35,"pressure":1009.78,"temperature":24.83},"name":"mqtt_consumer","tags":{"topic":"arsip/sensor"},"timestamp":"2026-07-20 02:19:58"}
{"fields":{"humidity":58.44,"pressure":1009.86,"temperature":24.83},"name":"mqtt_consumer","tags":{"topic":"arsip/sensor"},"timestamp":"2026-07-20 02:20:01"}
{"fields":{"humidity":58.45,"pressure":1009.81,"temperature":24.84},"name":"mqtt_consumer","tags":{"topic":"arsip/sensor"},"timestamp":"2026-07-20 02:20:04"}
{"fields":{"humidity":58.42,"pressure":1009.78,"temperature":24.86},"name":"mqtt_consumer","tags":{"topic":"arsip/sensor"},"timestamp":"2026-07-20 02:20:07"}
{"fields":{"humidity":58.27,"pressure":1009.81,"temperature":24.86},"name":"mqtt_consumer","tags":{"topic":"arsip/sensor"},"timestamp":"2026-07-20 02:20:10"}
{"fields":{"humidity":58.37,"pressure":1009.79,"temperature":24.88},"name":"mqtt_consumer","tags":{"topic":"arsip/sensor"},"timestamp":"2026-07-20 02:20:13"}
{"fields":{"humidity":58.45,"pressure":1009.8,"temperature":24.88},"name":"mqtt_consumer","tags":{"topic":"arsip/sensor"},"timestamp":"2026-07-20 02:20:16"}
{"fields":{"humidity":58.43,"pressure":1009.81,"temperature":24.87},"name":"mqtt_consumer","tags":{"topic":"arsip/sensor"},"timestamp":"2026-07-20 02:20:19"}
{"fields":{"humidity":58.32,"pressure":1009.81,"temperature":24.87},"name":"mqtt_consumer","tags":{"topic":"arsip/sensor"},"timestamp":"2026-07-20 02:20:22"}
{"fields":{"humidity":58.42,"pressure":1009.79,"temperature":24.91},"name":"mqtt_consumer","tags":{"topic":"arsip/sensor"},"timestamp":"2026-07-20 02:20:25"}
{"fields":{"humidity":58.35,"pressure":1009.83,"temperature":24.93},"name":"mqtt_consumer","tags":{"topic":"arsip/sensor"},"timestamp":"2026-07-20 02:20:28"}
{"fields":{"humidity":58.17,"pressure":1009.79,"temperature":24.92},"name":"mqtt_consumer","tags":{"topic":"arsip/sensor"},"timestamp":"2026-07-20 02:20:31"}
{"fields":{"humidity":58.22,"pressure":1009.81,"temperature":24.93},"name":"mqtt_consumer","tags":{"topic":"arsip/sensor"},"timestamp":"2026-07-20 02:20:34"}
{"fields":{"humidity":58.21,"pressure":1009.76,"temperature":24.94},"name":"mqtt_consumer","tags":{"topic":"arsip/sensor"},"timestamp":"2026-07-20 02:20:37"}
{"fields":{"humidity":58.34,"pressure":1009.79,"temperature":24.95},"name":"mqtt_consumer","tags":{"topic":"arsip/sensor"},"timestamp":"2026-07-20 02:20:40"}
{"fields":{"humidity":58.43,"pressure":1009.78,"temperature":24.96},"name":"mqtt_consumer","tags":{"topic":"arsip/sensor"},"timestamp":"2026-07-20 02:20:43"}
{"fields":{"humidity":58.39,"pressure":1009.78,"temperature":24.96},"name":"mqtt_consumer","tags":{"topic":"arsip/sensor"},"timestamp":"2026-07-20 02:20:46"}
{"fields":{"humidity":58.47,"pressure":1009.77,"temperature":24.97},"name":"mqtt_consumer","tags":{"topic":"arsip/sensor"},"timestamp":"2026-07-20 02:20:49"}
{"fields":{"humidity":58.33,"pressure":1009.78,"temperature":24.96},"name":"mqtt_consumer","tags":{"topic":"arsip/sensor"},"timestamp":"2026-07-20 02:20:52"}
{"fields":{"humidity":58.15,"pressure":1009.79,"temperature":24.93},"name":"mqtt_consumer","tags":{"topic":"arsip/sensor"},"timestamp":"2026-07-20 02:20:55"}
{"fields":{"humidity":58.16,"pressure":1009.79,"temperature":24.94},"name":"mqtt_consumer","tags":{"topic":"arsip/sensor"},"timestamp":"2026-07-20 02:20:58"}
{"fields":{"humidity":58.15,"pressure":1009.77,"temperature":24.95},"name":"mqtt_consumer","tags":{"topic":"arsip/sensor"},"timestamp":"2026-07-20 02:21:01"}
{"fields":{"humidity":58.04,"pressure":1009.8,"temperature":24.97},"name":"mqtt_consumer","tags":{"topic":"arsip/sensor"},"timestamp":"2026-07-20 02:21:04"}
{"fields":{"humidity":58.34,"pressure":1009.77,"temperature":24.95},"name":"mqtt_consumer","tags":{"topic":"arsip/sensor"},"timestamp":"2026-07-20 02:22:14"}
{"fields":{"humidity":58.34,"pressure":1009.79,"temperature":24.97},"name":"mqtt_consumer","tags":{"topic":"arsip/sensor"},"timestamp":"2026-07-20 02:22:17"}
{"fields":{"humidity":58.24,"pressure":1009.77,"temperature":24.98},"name":"mqtt_consumer","tags":{"topic":"arsip/sensor"},"timestamp":"2026-07-20 02:22:20"}
{"fields":{"humidity":58.12,"pressure":1009.78,"temperature":24.96},"name":"mqtt_consumer","tags":{"topic":"arsip/sensor"},"timestamp":"2026-07-20 02:22:23"}
{"fields":{"humidity":58.13,"pressure":1009.78,"temperature":24.95},"name":"mqtt_consumer","tags":{"topic":"arsip/sensor"},"timestamp":"2026-07-20 02:22:26"}
{"fields":{"humidity":58.31,"pressure":1009.76,"temperature":24.96},"name":"mqtt_consumer","tags":{"topic":"arsip/sensor"},"timestamp":"2026-07-20 02:22:29"}
{"fields":{"humidity":58.38,"pressure":1009.78,"temperature":24.95},"name":"mqtt_consumer","tags":{"topic":"arsip/sensor"},"timestamp":"2026-07-20 02:22:32"}
{"fields":{"humidity":58.32,"pressure":1009.77,"temperature":24.94},"name":"mqtt_consumer","tags":{"topic":"arsip/sensor"},"timestamp":"2026-07-20 02:22:35"}
{"fields":{"humidity":58.35,"pressure":1009.81,"temperature":24.95},"name":"mqtt_consumer","tags":{"topic":"arsip/sensor"},"timestamp":"2026-07-20 02:22:38"}
{"fields":{"humidity":58.27,"pressure":1009.75,"temperature":24.94},"name":"mqtt_consumer","tags":{"topic":"arsip/sensor"},"timestamp":"2026-07-20 02:22:41"}
{"fields":{"humidity":58.18,"pressure":1009.79,"temperature":24.97},"name":"mqtt_consumer","tags":{"topic":"arsip/sensor"},"timestamp":"2026-07-20 02:22:44"}
{"fields":{"humidity":58.24,"pressure":1009.8,"temperature":24.99},"name":"mqtt_consumer","tags":{"topic":"arsip/sensor"},"timestamp":"2026-07-20 02:22:47"}
{"fields":{"humidity":58.28,"pressure":1009.79,"temperature":25.02},"name":"mqtt_consumer","tags":{"topic":"arsip/sensor"},"timestamp":"2026-07-20 02:22:50"}
{"fields":{"humidity":58.34,"pressure":1009.8,"temperature":25.02},"name":"mqtt_consumer","tags":{"topic":"arsip/sensor"},"timestamp":"2026-07-20 02:22:53"}
{"fields":{"humidity":58.2,"pressure":1009.8,"temperature":25.01},"name":"mqtt_consumer","tags":{"topic":"arsip/sensor"},"timestamp":"2026-07-20 02:22:56"}
{"fields":{"humidity":58.08,"pressure":1009.8,"temperature":25.02},"name":"mqtt_consumer","tags":{"topic":"arsip/sensor"},"timestamp":"2026-07-20 02:22:59"}
{"fields":{"humidity":57.98,"pressure":1009.78,"temperature":25.02},"name":"mqtt_consumer","tags":{"topic":"arsip/sensor"},"timestamp":"2026-07-20 02:23:02"}
{"fields":{"humidity":57.83,"pressure":1009.82,"temperature":24.99},"name":"mqtt_consumer","tags":{"topic":"arsip/sensor"},"timestamp":"2026-07-20 02:23:05"}
{"fields":{"humidity":57.76,"pressure":1009.78,"temperature":24.96},"name":"mqtt_consumer","tags":{"topic":"arsip/sensor"},"timestamp":"2026-07-20 02:23:08"}
{"fields":{"humidity":57.71,"pressure":1009.79,"temperature":24.96},"name":"mqtt_consumer","tags":{"topic":"arsip/sensor"},"timestamp":"2026-07-20 02:23:11"}
{"fields":{"humidity":57.59,"pressure":1009.81,"temperature":24.9},"name":"mqtt_consumer","tags":{"topic":"arsip/sensor"},"timestamp":"2026-07-20 02:23:14"}
{"fields":{"humidity":57.66,"pressure":1009.79,"temperature":24.88},"name":"mqtt_consumer","tags":{"topic":"arsip/sensor"},"timestamp":"2026-07-20 02:23:17"}
{"fields":{"humidity":57.65,"pressure":1009.78,"temperature":24.83},"name":"mqtt_consumer","tags":{"topic":"arsip/sensor"},"timestamp":"2026-07-20 02:23:20"}
{"fields":{"humidity":57.73,"pressure":1009.79,"temperature":24.86},"name":"mqtt_consumer","tags":{"topic":"arsip/sensor"},"timestamp":"2026-07-20 02:23:23"}
{"fields":{"humidity":57.79,"pressure":1009.77,"temperature":24.86},"name":"mqtt_consumer","tags":{"topic":"arsip/sensor"},"timestamp":"2026-07-20 02:23:26"}
{"fields":{"humidity":57.8,"pressure":1009.79,"temperature":24.88},"name":"mqtt_consumer","tags":{"topic":"arsip/sensor"},"timestamp":"2026-07-20 02:23:29"}
{"fields":{"humidity":57.74,"pressure":1009.79,"temperature":24.87},"name":"mqtt_consumer","tags":{"topic":"arsip/sensor"},"timestamp":"2026-07-20 02:23:32"}
{"fields":{"humidity":57.77,"pressure":1009.8,"temperature":24.86},"name":"mqtt_consumer","tags":{"topic":"arsip/sensor"},"timestamp":"2026-07-20 02:23:35"}
{"fields":{"humidity":57.89,"pressure":1009.81,"temperature":24.9},"name":"mqtt_consumer","tags":{"topic":"arsip/sensor"},"timestamp":"2026-07-20 02:23:38"}
{"fields":{"humidity":57.76,"pressure":1009.77,"temperature":24.87},"name":"mqtt_consumer","tags":{"topic":"arsip/sensor"},"timestamp":"2026-07-20 02:23:41"}
{"fields":{"humidity":57.82,"pressure":1009.81,"temperature":24.88},"name":"mqtt_consumer","tags":{"topic":"arsip/sensor"},"timestamp":"2026-07-20 02:23:44"}
{"fields":{"humidity":57.68,"pressure":1009.77,"temperature":24.82},"name":"mqtt_consumer","tags":{"topic":"arsip/sensor"},"timestamp":"2026-07-20 02:23:47"}
{"fields":{"humidity":57.68,"pressure":1009.8,"temperature":24.83},"name":"mqtt_consumer","tags":{"topic":"arsip/sensor"},"timestamp":"2026-07-20 02:23:50"}
{"fields":{"humidity":57.75,"pressure":1009.79,"temperature":24.82},"name":"mqtt_consumer","tags":{"topic":"arsip/sensor"},"timestamp":"2026-07-20 02:23:53"}
{"fields":{"humidity":57.81,"pressure":1009.78,"temperature":24.84},"name":"mqtt_consumer","tags":{"topic":"arsip/sensor"},"timestamp":"2026-07-20 02:23:56"}
{"fields":{"humidity":57.67,"pressure":1009.78,"temperature":24.84},"name":"mqtt_consumer","tags":{"topic":"arsip/sensor"},"timestamp":"2026-07-20 02:23:59"}
{"fields":{"humidity":57.65,"pressure":1009.81,"temperature":24.83},"name":"mqtt_consumer","tags":{"topic":"arsip/sensor"},"timestamp":"2026-07-20 02:24:02"}
{"fields":{"humidity":57.69,"pressure":1009.78,"temperature":24.84},"name":"mqtt_consumer","tags":{"topic":"arsip/sensor"},"timestamp":"2026-07-20 02:24:05"}
{"fields":{"humidity":57.73,"pressure":1009.79,"temperature":24.83},"name":"mqtt_consumer","tags":{"topic":"arsip/sensor"},"timestamp":"2026-07-20 02:24:08"}
{"fields":{"humidity":57.77,"pressure":1009.79,"temperature":24.85},"name":"mqtt_consumer","tags":{"topic":"arsip/sensor"},"timestamp":"2026-07-20 02:24:11"}
{"fields":{"humidity":57.69,"pressure":1009.8,"temperature":24.85},"name":"mqtt_consumer","tags":{"topic":"arsip/sensor"},"timestamp":"2026-07-20 02:24:14"}
{"fields":{"humidity":57.54,"pressure":1009.77,"temperature":24.8},"name":"mqtt_consumer","tags":{"topic":"arsip/sensor"},"timestamp":"2026-07-20 02:24:17"}
{"fields":{"humidity":57.53,"pressure":1009.77,"temperature":24.81},"name":"mqtt_consumer","tags":{"topic":"arsip/sensor"},"timestamp":"2026-07-20 02:24:20"}
{"fields":{"humidity":57.43,"pressure":1009.81,"temperature":24.79},"name":"mqtt_consumer","tags":{"topic":"arsip/sensor"},"timestamp":"2026-07-20 02:24:23"}
{"fields":{"humidity":57.49,"pressure":1009.77,"temperature":24.79},"name":"mqtt_consumer","tags":{"topic":"arsip/sensor"},"timestamp":"2026-07-20 02:24:26"}
{"fields":{"humidity":57.5,"pressure":1009.8,"temperature":24.79},"name":"mqtt_consumer","tags":{"topic":"arsip/sensor"},"timestamp":"2026-07-20 02:24:29"}
{"fields":{"humidity":57.54,"pressure":1009.77,"temperature":24.78},"name":"mqtt_consumer","tags":{"topic":"arsip/sensor"},"timestamp":"2026-07-20 02:24:32"}
{"fields":{"humidity":57.41,"pressure":1009.79,"temperature":24.72},"name":"mqtt_consumer","tags":{"topic":"arsip/sensor"},"timestamp":"2026-07-20 02:24:35"}
{"fields":{"humidity":57.39,"pressure":1009.77,"temperature":24.7},"name":"mqtt_consumer","tags":{"topic":"arsip/sensor"},"timestamp":"2026-07-20 02:24:38"}
{"fields":{"humidity":57.49,"pressure":1009.75,"temperature":24.68},"name":"mqtt_consumer","tags":{"topic":"arsip/sensor"},"timestamp":"2026-07-20 02:24:41"}
{"fields":{"humidity":57.76,"pressure":1009.78,"temperature":24.74},"name":"mqtt_consumer","tags":{"topic":"arsip/sensor"},"timestamp":"2026-07-20 02:24:44"}
{"fields":{"humidity":57.77,"pressure":1009.77,"temperature":24.75},"name":"mqtt_consumer","tags":{"topic":"arsip/sensor"},"timestamp":"2026-07-20 02:24:47"}
{"fields":{"humidity":57.81,"pressure":1009.76,"temperature":24.78},"name":"mqtt_consumer","tags":{"topic":"arsip/sensor"},"timestamp":"2026-07-20 02:24:50"}
{"fields":{"humidity":57.67,"pressure":1009.78,"temperature":24.76},"name":"mqtt_consumer","tags":{"topic":"arsip/sensor"},"timestamp":"2026-07-20 02:24:53"}
{"fields":{"humidity":57.71,"pressure":1009.76,"temperature":24.76},"name":"mqtt_consumer","tags":{"topic":"arsip/sensor"},"timestamp":"2026-07-20 02:24:56"}
{"fields":{"humidity":57.72,"pressure":1009.75,"temperature":24.77},"name":"mqtt_consumer","tags":{"topic":"arsip/sensor"},"timestamp":"2026-07-20 02:24:59"}
{"fields":{"humidity":57.51,"pressure":1009.76,"temperature":24.73},"name":"mqtt_consumer","tags":{"topic":"arsip/sensor"},"timestamp":"2026-07-20 02:25:02"}
{"fields":{"humidity":57.64,"pressure":1009.77,"temperature":24.71},"name":"mqtt_consumer","tags":{"topic":"arsip/sensor"},"timestamp":"2026-07-20 02:25:05"}
{"fields":{"humidity":57.62,"pressure":1009.75,"temperature":24.67},"name":"mqtt_consumer","tags":{"topic":"arsip/sensor"},"timestamp":"2026-07-20 02:25:08"}
{"fields":{"humidity":57.58,"pressure":1009.74,"temperature":24.66},"name":"mqtt_consumer","tags":{"topic":"arsip/sensor"},"timestamp":"2026-07-20 02:25:11"}
{"fields":{"humidity":57.57,"pressure":1009.74,"temperature":24.65},"name":"mqtt_consumer","tags":{"topic":"arsip/sensor"},"timestamp":"2026-07-20 02:25:15"}
{"fields":{"humidity":57.65,"pressure":1009.75,"temperature":24.67},"name":"mqtt_consumer","tags":{"topic":"arsip/sensor"},"timestamp":"2026-07-20 02:25:17"}
{"fields":{"humidity":57.69,"pressure":1009.76,"temperature":24.71},"name":"mqtt_consumer","tags":{"topic":"arsip/sensor"},"timestamp":"2026-07-20 02:25:20"}
{"fields":{"humidity":57.82,"pressure":1009.74,"temperature":24.7},"name":"mqtt_consumer","tags":{"topic":"arsip/sensor"},"timestamp":"2026-07-20 02:25:23"}
{"fields":{"humidity":57.86,"pressure":1009.76,"temperature":24.73},"name":"mqtt_consumer","tags":{"topic":"arsip/sensor"},"timestamp":"2026-07-20 02:25:26"}
{"fields":{"humidity":57.72,"pressure":1009.77,"temperature":24.71},"name":"mqtt_consumer","tags":{"topic":"arsip/sensor"},"timestamp":"2026-07-20 02:25:29"}
{"fields":{"humidity":57.64,"pressure":1009.77,"temperature":24.72},"name":"mqtt_consumer","tags":{"topic":"arsip/sensor"},"timestamp":"2026-07-20 02:25:32"}
{"fields":{"humidity":57.62,"pressure":1009.77,"temperature":24.76},"name":"mqtt_consumer","tags":{"topic":"arsip/sensor"},"timestamp":"2026-07-20 02:25:35"}
{"fields":{"humidity":57.57,"pressure":1009.79,"temperature":24.76},"name":"mqtt_consumer","tags":{"topic":"arsip/sensor"},"timestamp":"2026-07-20 02:25:38"}
{"fields":{"humidity":57.54,"pressure":1009.77,"temperature":24.77},"name":"mqtt_consumer","tags":{"topic":"arsip/sensor"},"timestamp":"2026-07-20 02:25:42"}
{"fields":{"humidity":57.44,"pressure":1009.76,"temperature":24.76},"name":"mqtt_consumer","tags":{"topic":"arsip/sensor"},"timestamp":"2026-07-20 02:25:44"}
{"fields":{"humidity":57.38,"pressure":1009.77,"temperature":24.77},"name":"mqtt_consumer","tags":{"topic":"arsip/sensor"},"timestamp":"2026-07-20 02:25:47"}
{"fields":{"humidity":57.27,"pressure":1009.77,"temperature":24.75},"name":"mqtt_consumer","tags":{"topic":"arsip/sensor"},"timestamp":"2026-07-20 02:25:50"}
{"fields":{"humidity":57.17,"pressure":1009.74,"temperature":24.71},"name":"mqtt_consumer","tags":{"topic":"arsip/sensor"},"timestamp":"2026-07-20 02:25:53"}
{"fields":{"humidity":57.31,"pressure":1009.72,"temperature":24.72},"name":"mqtt_consumer","tags":{"topic":"arsip/sensor"},"timestamp":"2026-07-20 02:25:56"}
{"fields":{"humidity":57.34,"pressure":1009.7,"temperature":24.74},"name":"mqtt_consumer","tags":{"topic":"arsip/sensor"},"timestamp":"2026-07-20 02:25:59"}
{"fields":{"humidity":57.41,"pressure":1009.75,"temperature":24.75},"name":"mqtt_consumer","tags":{"topic":"arsip/sensor"},"timestamp":"2026-07-20 02:26:02"}
{"fields":{"humidity":54.3,"pressure":1007.52,"temperature":25.46},"name":"mqtt_consumer","tags":{"topic":"arsip/sensor"},"timestamp":"2026-07-20 05:31:36"}
{"fields":{"humidity":53.82,"pressure":1007.51,"temperature":25.4},"name":"mqtt_consumer","tags":{"topic":"arsip/sensor"},"timestamp":"2026-07-20 05:31:39"}
{"fields":{"humidity":53.56,"pressure":1007.52,"temperature":25.35},"name":"mqtt_consumer","tags":{"topic":"arsip/sensor"},"timestamp":"2026-07-20 05:31:42"}
{"fields":{"humidity":53.4,"pressure":1007.53,"temperature":25.32},"name":"mqtt_consumer","tags":{"topic":"arsip/sensor"},"timestamp":"2026-07-20 05:31:45"}
{"fields":{"humidity":53.21,"pressure":1007.51,"temperature":25.29},"name":"mqtt_consumer","tags":{"topic":"arsip/sensor"},"timestamp":"2026-07-20 05:31:48"}
{"fields":{"humidity":53.13,"pressure":1007.5,"temperature":25.25},"name":"mqtt_consumer","tags":{"topic":"arsip/sensor"},"timestamp":"2026-07-20 05:31:51"}
{"fields":{"humidity":53.05,"pressure":1007.52,"temperature":25.14},"name":"mqtt_consumer","tags":{"topic":"arsip/sensor"},"timestamp":"2026-07-20 05:32:06"}
{"fields":{"humidity":52.98,"pressure":1007.51,"temperature":25.1},"name":"mqtt_consumer","tags":{"topic":"arsip/sensor"},"timestamp":"2026-07-20 05:32:09"}
{"fields":{"humidity":52.88,"pressure":1007.52,"temperature":25.09},"name":"mqtt_consumer","tags":{"topic":"arsip/sensor"},"timestamp":"2026-07-20 05:32:12"}
{"fields":{"humidity":52.83,"pressure":1007.56,"temperature":25.05},"name":"mqtt_consumer","tags":{"topic":"arsip/sensor"},"timestamp":"2026-07-20 05:32:16"}
{"fields":{"humidity":52.88,"pressure":1007.53,"temperature":25.01},"name":"mqtt_consumer","tags":{"topic":"arsip/sensor"},"timestamp":"2026-07-20 05:32:19"}
{"fields":{"humidity":53.05,"pressure":1007.52,"temperature":25},"name":"mqtt_consumer","tags":{"topic":"arsip/sensor"},"timestamp":"2026-07-20 05:32:21"}
{"fields":{"humidity":53.17,"pressure":1007.53,"temperature":25.02},"name":"mqtt_consumer","tags":{"topic":"arsip/sensor"},"timestamp":"2026-07-20 05:32:24"}
{"fields":{"humidity":53.31,"pressure":1007.53,"temperature":25.03},"name":"mqtt_consumer","tags":{"topic":"arsip/sensor"},"timestamp":"2026-07-20 05:32:27"}
{"fields":{"humidity":53.4,"pressure":1007.54,"temperature":25.01},"name":"mqtt_consumer","tags":{"topic":"arsip/sensor"},"timestamp":"2026-07-20 05:32:30"}
{"fields":{"humidity":53.42,"pressure":1007.54,"temperature":25},"name":"mqtt_consumer","tags":{"topic":"arsip/sensor"},"timestamp":"2026-07-20 05:32:33"}
{"fields":{"humidity":53.5,"pressure":1007.53,"temperature":25.01},"name":"mqtt_consumer","tags":{"topic":"arsip/sensor"},"timestamp":"2026-07-20 05:32:36"}
{"fields":{"humidity":53.61,"pressure":1007.52,"temperature":25.03},"name":"mqtt_consumer","tags":{"topic":"arsip/sensor"},"timestamp":"2026-07-20 05:32:39"}
{"fields":{"humidity":53.72,"pressure":1007.54,"temperature":25.05},"name":"mqtt_consumer","tags":{"topic":"arsip/sensor"},"timestamp":"2026-07-20 05:32:42"}
{"fields":{"humidity":53.61,"pressure":1007.53,"temperature":25.06},"name":"mqtt_consumer","tags":{"topic":"arsip/sensor"},"timestamp":"2026-07-20 05:32:45"}
{"fields":{"humidity":53.61,"pressure":1007.53,"temperature":25.06},"name":"mqtt_consumer","tags":{"topic":"arsip/sensor"},"timestamp":"2026-07-20 05:32:48"}
{"fields":{"humidity":53.62,"pressure":1007.52,"temperature":25.05},"name":"mqtt_consumer","tags":{"topic":"arsip/sensor"},"timestamp":"2026-07-20 05:32:51"}
{"fields":{"humidity":53.51,"pressure":1007.52,"temperature":25.05},"name":"mqtt_consumer","tags":{"topic":"arsip/sensor"},"timestamp":"2026-07-20 05:32:54"}
{"fields":{"humidity":53.51,"pressure":1007.51,"temperature":25.02},"name":"mqtt_consumer","tags":{"topic":"arsip/sensor"},"timestamp":"2026-07-20 05:32:57"}
{"fields":{"humidity":53.53,"pressure":1007.5,"temperature":25.03},"name":"mqtt_consumer","tags":{"topic":"arsip/sensor"},"timestamp":"2026-07-20 05:33:00"}
{"fields":{"humidity":53.49,"pressure":1007.47,"temperature":25.02},"name":"mqtt_consumer","tags":{"topic":"arsip/sensor"},"timestamp":"2026-07-20 05:33:03"}
{"fields":{"humidity":53.41,"pressure":1007.53,"temperature":25.02},"name":"mqtt_consumer","tags":{"topic":"arsip/sensor"},"timestamp":"2026-07-20 05:33:06"}
{"fields":{"humidity":53.52,"pressure":1007.52,"temperature":25.03},"name":"mqtt_consumer","tags":{"topic":"arsip/sensor"},"timestamp":"2026-07-20 05:33:09"}
{"fields":{"humidity":53.57,"pressure":1007.5,"temperature":25.04},"name":"mqtt_consumer","tags":{"topic":"arsip/sensor"},"timestamp":"2026-07-20 05:33:12"}
{"fields":{"humidity":53.57,"pressure":1007.52,"temperature":25.02},"name":"mqtt_consumer","tags":{"topic":"arsip/sensor"},"timestamp":"2026-07-20 05:33:15"}
{"fields":{"humidity":53.52,"pressure":1007.5,"temperature":25.02},"name":"mqtt_consumer","tags":{"topic":"arsip/sensor"},"timestamp":"2026-07-20 05:33:18"}
{"fields":{"humidity":53.51,"pressure":1007.49,"temperature":25.02},"name":"mqtt_consumer","tags":{"topic":"arsip/sensor"},"timestamp":"2026-07-20 05:33:21"}
{"fields":{"humidity":53.48,"pressure":1007.51,"temperature":25},"name":"mqtt_consumer","tags":{"topic":"arsip/sensor"},"timestamp":"2026-07-20 05:33:24"}
{"fields":{"humidity":53.61,"pressure":1007.49,"temperature":24.97},"name":"mqtt_consumer","tags":{"topic":"arsip/sensor"},"timestamp":"2026-07-20 05:33:27"}
{"fields":{"humidity":53.6,"pressure":1007.49,"temperature":24.96},"name":"mqtt_consumer","tags":{"topic":"arsip/sensor"},"timestamp":"2026-07-20 05:33:30"}
{"fields":{"humidity":53.73,"pressure":1007.49,"temperature":24.94},"name":"mqtt_consumer","tags":{"topic":"arsip/sensor"},"timestamp":"2026-07-20 05:33:33"}
{"fields":{"humidity":53.88,"pressure":1007.52,"temperature":24.93},"name":"mqtt_consumer","tags":{"topic":"arsip/sensor"},"timestamp":"2026-07-20 05:33:36"}
{"fields":{"humidity":53.91,"pressure":1007.5,"temperature":24.93},"name":"mqtt_consumer","tags":{"topic":"arsip/sensor"},"timestamp":"2026-07-20 05:33:39"}
{"fields":{"humidity":53.89,"pressure":1007.52,"temperature":24.92},"name":"mqtt_consumer","tags":{"topic":"arsip/sensor"},"timestamp":"2026-07-20 05:33:42"}
{"fields":{"humidity":53.9,"pressure":1007.52,"temperature":24.91},"name":"mqtt_consumer","tags":{"topic":"arsip/sensor"},"timestamp":"2026-07-20 05:33:45"}
{"fields":{"humidity":53.94,"pressure":1007.5,"temperature":24.91},"name":"mqtt_consumer","tags":{"topic":"arsip/sensor"},"timestamp":"2026-07-20 05:33:48"}
{"fields":{"humidity":54,"pressure":1007.55,"temperature":24.92},"name":"mqtt_consumer","tags":{"topic":"arsip/sensor"},"timestamp":"2026-07-20 05:33:51"}
{"fields":{"humidity":54.02,"pressure":1007.51,"temperature":24.92},"name":"mqtt_consumer","tags":{"topic":"arsip/sensor"},"timestamp":"2026-07-20 05:33:54"}
{"fields":{"humidity":54.02,"pressure":1007.5,"temperature":24.91},"name":"mqtt_consumer","tags":{"topic":"arsip/sensor"},"timestamp":"2026-07-20 05:33:57"}
{"fields":{"humidity":54.06,"pressure":1007.5,"temperature":24.93},"name":"mqtt_consumer","tags":{"topic":"arsip/sensor"},"timestamp":"2026-07-20 05:34:00"}
{"fields":{"humidity":54.07,"pressure":1007.5,"temperature":24.93},"name":"mqtt_consumer","tags":{"topic":"arsip/sensor"},"timestamp":"2026-07-20 05:34:03"}
{"fields":{"humidity":53.98,"pressure":1007.51,"temperature":24.87},"name":"mqtt_consumer","tags":{"topic":"arsip/sensor"},"timestamp":"2026-07-20 05:34:06"}
{"fields":{"humidity":53.96,"pressure":1007.5,"temperature":24.87},"name":"mqtt_consumer","tags":{"topic":"arsip/sensor"},"timestamp":"2026-07-20 05:34:09"}
{"fields":{"humidity":53.97,"pressure":1007.52,"temperature":24.86},"name":"mqtt_consumer","tags":{"topic":"arsip/sensor"},"timestamp":"2026-07-20 05:34:12"}
{"fields":{"humidity":53.99,"pressure":1007.51,"temperature":24.86},"name":"mqtt_consumer","tags":{"topic":"arsip/sensor"},"timestamp":"2026-07-20 05:34:15"}
{"fields":{"humidity":54.03,"pressure":1007.53,"temperature":24.85},"name":"mqtt_consumer","tags":{"topic":"arsip/sensor"},"timestamp":"2026-07-20 05:34:18"}
{"fields":{"humidity":54.1,"pressure":1007.52,"temperature":24.84},"name":"mqtt_consumer","tags":{"topic":"arsip/sensor"},"timestamp":"2026-07-20 05:34:21"}
{"fields":{"humidity":54.21,"pressure":1007.54,"temperature":24.84},"name":"mqtt_consumer","tags":{"topic":"arsip/sensor"},"timestamp":"2026-07-20 05:34:24"}
{"fields":{"humidity":54.21,"pressure":1007.53,"temperature":24.84},"name":"mqtt_consumer","tags":{"topic":"arsip/sensor"},"timestamp":"2026-07-20 05:34:27"}
{"fields":{"humidity":54.21,"pressure":1007.52,"temperature":24.85},"name":"mqtt_consumer","tags":{"topic":"arsip/sensor"},"timestamp":"2026-07-20 05:34:30"}
{"fields":{"humidity":54.34,"pressure":1007.54,"temperature":24.86},"name":"mqtt_consumer","tags":{"topic":"arsip/sensor"},"timestamp":"2026-07-20 05:34:33"}
{"fields":{"humidity":54.38,"pressure":1007.54,"temperature":24.88},"name":"mqtt_consumer","tags":{"topic":"arsip/sensor"},"timestamp":"2026-07-20 05:34:36"}
{"fields":{"humidity":54.19,"pressure":1007.53,"temperature":24.86},"name":"mqtt_consumer","tags":{"topic":"arsip/sensor"},"timestamp":"2026-07-20 05:34:39"}
{"fields":{"humidity":54.08,"pressure":1007.52,"temperature":24.87},"name":"mqtt_consumer","tags":{"topic":"arsip/sensor"},"timestamp":"2026-07-20 05:34:42"}
{"fields":{"humidity":54.15,"pressure":1007.53,"temperature":24.86},"name":"mqtt_consumer","tags":{"topic":"arsip/sensor"},"timestamp":"2026-07-20 05:34:45"}
{"fields":{"humidity":54.18,"pressure":1007.51,"temperature":24.88},"name":"mqtt_consumer","tags":{"topic":"arsip/sensor"},"timestamp":"2026-07-20 05:34:48"}
{"fields":{"humidity":54.1,"pressure":1007.51,"temperature":24.89},"name":"mqtt_consumer","tags":{"topic":"arsip/sensor"},"timestamp":"2026-07-20 05:34:51"}
{"fields":{"humidity":54.04,"pressure":1007.52,"temperature":24.85},"name":"mqtt_consumer","tags":{"topic":"arsip/sensor"},"timestamp":"2026-07-20 05:34:54"}
{"fields":{"humidity":54.1,"pressure":1007.5,"temperature":24.86},"name":"mqtt_consumer","tags":{"topic":"arsip/sensor"},"timestamp":"2026-07-20 05:34:57"}
{"fields":{"humidity":54.2,"pressure":1007.5,"temperature":24.87},"name":"mqtt_consumer","tags":{"topic":"arsip/sensor"},"timestamp":"2026-07-20 05:35:00"}
{"fields":{"humidity":54.28,"pressure":1007.53,"temperature":24.89},"name":"mqtt_consumer","tags":{"topic":"arsip/sensor"},"timestamp":"2026-07-20 05:35:03"}
{"fields":{"humidity":54.32,"pressure":1007.54,"temperature":24.91},"name":"mqtt_consumer","tags":{"topic":"arsip/sensor"},"timestamp":"2026-07-20 05:35:06"}
{"fields":{"humidity":54.18,"pressure":1007.52,"temperature":24.9},"name":"mqtt_consumer","tags":{"topic":"arsip/sensor"},"timestamp":"2026-07-20 05:35:09"}
{"fields":{"humidity":54.17,"pressure":1007.48,"temperature":24.88},"name":"mqtt_consumer","tags":{"topic":"arsip/sensor"},"timestamp":"2026-07-20 05:35:12"}
{"fields":{"humidity":54.14,"pressure":1007.5,"temperature":24.88},"name":"mqtt_consumer","tags":{"topic":"arsip/sensor"},"timestamp":"2026-07-20 05:35:15"}
{"fields":{"humidity":54.18,"pressure":1007.51,"temperature":24.88},"name":"mqtt_consumer","tags":{"topic":"arsip/sensor"},"timestamp":"2026-07-20 05:35:18"}
{"fields":{"humidity":54.17,"pressure":1007.5,"temperature":24.88},"name":"mqtt_consumer","tags":{"topic":"arsip/sensor"},"timestamp":"2026-07-20 05:35:21"}
{"fields":{"humidity":54.18,"pressure":1007.55,"temperature":24.88},"name":"mqtt_consumer","tags":{"topic":"arsip/sensor"},"timestamp":"2026-07-20 05:35:24"}
{"fields":{"humidity":54.13,"pressure":1007.5,"temperature":24.89},"name":"mqtt_consumer","tags":{"topic":"arsip/sensor"},"timestamp":"2026-07-20 05:35:27"}
{"fields":{"humidity":54.07,"pressure":1007.5,"temperature":24.88},"name":"mqtt_consumer","tags":{"topic":"arsip/sensor"},"timestamp":"2026-07-20 05:35:30"}
{"fields":{"humidity":53.98,"pressure":1007.51,"temperature":24.87},"name":"mqtt_consumer","tags":{"topic":"arsip/sensor"},"timestamp":"2026-07-20 05:35:33"}
{"fields":{"humidity":54.11,"pressure":1007.51,"temperature":24.89},"name":"mqtt_consumer","tags":{"topic":"arsip/sensor"},"timestamp":"2026-07-20 05:35:36"}
{"fields":{"humidity":54.12,"pressure":1007.55,"temperature":24.89},"name":"mqtt_consumer","tags":{"topic":"arsip/sensor"},"timestamp":"2026-07-20 05:35:39"}
{"fields":{"humidity":54.18,"pressure":1007.54,"temperature":24.9},"name":"mqtt_consumer","tags":{"topic":"arsip/sensor"},"timestamp":"2026-07-20 05:35:42"}
{"fields":{"humidity":54.23,"pressure":1007.54,"temperature":24.9},"name":"mqtt_consumer","tags":{"topic":"arsip/sensor"},"timestamp":"2026-07-20 05:35:45"}
{"fields":{"humidity":54.32,"pressure":1007.53,"temperature":24.91},"name":"mqtt_consumer","tags":{"topic":"arsip/sensor"},"timestamp":"2026-07-20 05:35:48"}
{"fields":{"humidity":54.21,"pressure":1007.5,"temperature":24.92},"name":"mqtt_consumer","tags":{"topic":"arsip/sensor"},"timestamp":"2026-07-20 05:35:51"}
{"fields":{"humidity":54.11,"pressure":1007.5,"temperature":24.92},"name":"mqtt_consumer","tags":{"topic":"arsip/sensor"},"timestamp":"2026-07-20 05:35:54"}
{"fields":{"humidity":54.15,"pressure":1007.51,"temperature":24.93},"name":"mqtt_consumer","tags":{"topic":"arsip/sensor"},"timestamp":"2026-07-20 05:35:57"}
{"fields":{"humidity":54.03,"pressure":1007.52,"temperature":24.94},"name":"mqtt_consumer","tags":{"topic":"arsip/sensor"},"timestamp":"2026-07-20 05:36:00"}
{"fields":{"humidity":53.86,"pressure":1007.47,"temperature":24.94},"name":"mqtt_consumer","tags":{"topic":"arsip/sensor"},"timestamp":"2026-07-20 05:36:03"}
{"fields":{"humidity":53.69,"pressure":1007.51,"temperature":24.92},"name":"mqtt_consumer","tags":{"topic":"arsip/sensor"},"timestamp":"2026-07-20 05:36:06"}
{"fields":{"humidity":53.82,"pressure":1007.53,"temperature":24.92},"name":"mqtt_consumer","tags":{"topic":"arsip/sensor"},"timestamp":"2026-07-20 05:36:09"}
{"fields":{"humidity":53.78,"pressure":1007.48,"temperature":24.91},"name":"mqtt_consumer","tags":{"topic":"arsip/sensor"},"timestamp":"2026-07-20 05:36:12"}
{"fields":{"humidity":53.84,"pressure":1007.51,"temperature":24.9},"name":"mqtt_consumer","tags":{"topic":"arsip/sensor"},"timestamp":"2026-07-20 05:36:15"}
{"fields":{"humidity":53.86,"pressure":1007.51,"temperature":24.91},"name":"mqtt_consumer","tags":{"topic":"arsip/sensor"},"timestamp":"2026-07-20 05:36:18"}
{"fields":{"humidity":53.85,"pressure":1007.53,"temperature":24.92},"name":"mqtt_consumer","tags":{"topic":"arsip/sensor"},"timestamp":"2026-07-20 05:36:21"}
{"fields":{"humidity":53.75,"pressure":1007.54,"temperature":24.93},"name":"mqtt_consumer","tags":{"topic":"arsip/sensor"},"timestamp":"2026-07-20 05:36:24"}
{"fields":{"humidity":53.69,"pressure":1007.52,"temperature":24.91},"name":"mqtt_consumer","tags":{"topic":"arsip/sensor"},"timestamp":"2026-07-20 05:36:27"}
{"fields":{"humidity":53.69,"pressure":1007.51,"temperature":24.9},"name":"mqtt_consumer","tags":{"topic":"arsip/sensor"},"timestamp":"2026-07-20 05:36:30"}
{"fields":{"humidity":53.74,"pressure":1007.51,"temperature":24.89},"name":"mqtt_consumer","tags":{"topic":"arsip/sensor"},"timestamp":"2026-07-20 05:36:33"}
{"fields":{"humidity":53.85,"pressure":1007.51,"temperature":24.9},"name":"mqtt_consumer","tags":{"topic":"arsip/sensor"},"timestamp":"2026-07-20 05:36:36"}
{"fields":{"humidity":53.94,"pressure":1007.46,"temperature":24.9},"name":"mqtt_consumer","tags":{"topic":"arsip/sensor"},"timestamp":"2026-07-20 05:36:39"}
{"fields":{"humidity":54.01,"pressure":1007.47,"temperature":24.89},"name":"mqtt_consumer","tags":{"topic":"arsip/sensor"},"timestamp":"2026-07-20 05:36:42"}
{"fields":{"humidity":54.52,"pressure":1007.46,"temperature":24.9},"name":"mqtt_consumer","tags":{"topic":"arsip/sensor"},"timestamp":"2026-07-20 05:36:45"}
{"fields":{"humidity":54.45,"pressure":1007.51,"temperature":24.9},"name":"mqtt_consumer","tags":{"topic":"arsip/sensor"},"timestamp":"2026-07-20 05:36:48"}
{"fields":{"humidity":54.21,"pressure":1007.47,"temperature":24.88},"name":"mqtt_consumer","tags":{"topic":"arsip/sensor"},"timestamp":"2026-07-20 05:36:51"}
{"fields":{"humidity":54.18,"pressure":1007.47,"temperature":24.88},"name":"mqtt_consumer","tags":{"topic":"arsip/sensor"},"timestamp":"2026-07-20 05:36:54"}
{"fields":{"humidity":54.17,"pressure":1007.48,"temperature":24.9},"name":"mqtt_consumer","tags":{"topic":"arsip/sensor"},"timestamp":"2026-07-20 05:36:57"}
{"fields":{"humidity":54.22,"pressure":1007.49,"temperature":24.91},"name":"mqtt_consumer","tags":{"topic":"arsip/sensor"},"timestamp":"2026-07-20 05:37:00"}
{"fields":{"humidity":54.32,"pressure":1007.49,"temperature":24.93},"name":"mqtt_consumer","tags":{"topic":"arsip/sensor"},"timestamp":"2026-07-20 05:37:03"}
{"fields":{"humidity":54.43,"pressure":1007.45,"temperature":24.95},"name":"mqtt_consumer","tags":{"topic":"arsip/sensor"},"timestamp":"2026-07-20 05:37:06"}
{"fields":{"humidity":54.82,"pressure":1007.48,"temperature":24.97},"name":"mqtt_consumer","tags":{"topic":"arsip/sensor"},"timestamp":"2026-07-20 05:37:09"}
{"fields":{"humidity":55.04,"pressure":1007.48,"temperature":24.97},"name":"mqtt_consumer","tags":{"topic":"arsip/sensor"},"timestamp":"2026-07-20 05:37:12"}
{"fields":{"humidity":55.15,"pressure":1007.47,"temperature":24.97},"name":"mqtt_consumer","tags":{"topic":"arsip/sensor"},"timestamp":"2026-07-20 05:37:15"}
{"fields":{"humidity":55.25,"pressure":1007.5,"temperature":24.98},"name":"mqtt_consumer","tags":{"topic":"arsip/sensor"},"timestamp":"2026-07-20 05:37:18"}
{"fields":{"humidity":55.14,"pressure":1007.49,"temperature":24.99},"name":"mqtt_consumer","tags":{"topic":"arsip/sensor"},"timestamp":"2026-07-20 05:37:21"}
{"fields":{"humidity":55.17,"pressure":1007.45,"temperature":25},"name":"mqtt_consumer","tags":{"topic":"arsip/sensor"},"timestamp":"2026-07-20 05:37:24"}
{"fields":{"humidity":55.07,"pressure":1007.47,"temperature":25.01},"name":"mqtt_consumer","tags":{"topic":"arsip/sensor"},"timestamp":"2026-07-20 05:37:27"}
{"fields":{"humidity":55.11,"pressure":1007.45,"temperature":24.98},"name":"mqtt_consumer","tags":{"topic":"arsip/sensor"},"timestamp":"2026-07-20 05:37:30"}
{"fields":{"humidity":55.33,"pressure":1007.45,"temperature":24.98},"name":"mqtt_consumer","tags":{"topic":"arsip/sensor"},"timestamp":"2026-07-20 05:37:33"}
{"fields":{"humidity":55.23,"pressure":1007.48,"temperature":25},"name":"mqtt_consumer","tags":{"topic":"arsip/sensor"},"timestamp":"2026-07-20 05:37:36"}
{"fields":{"humidity":55.21,"pressure":1007.44,"temperature":25.01},"name":"mqtt_consumer","tags":{"topic":"arsip/sensor"},"timestamp":"2026-07-20 05:37:39"}
{"fields":{"humidity":55.12,"pressure":1007.44,"temperature":25.02},"name":"mqtt_consumer","tags":{"topic":"arsip/sensor"},"timestamp":"2026-07-20 05:37:42"}
{"fields":{"humidity":55.13,"pressure":1007.48,"temperature":25.01},"name":"mqtt_consumer","tags":{"topic":"arsip/sensor"},"timestamp":"2026-07-20 05:37:45"}
{"fields":{"humidity":55.01,"pressure":1007.5,"temperature":25.01},"name":"mqtt_consumer","tags":{"topic":"arsip/sensor"},"timestamp":"2026-07-20 05:37:48"}
{"fields":{"humidity":55.07,"pressure":1007.48,"temperature":25.01},"name":"mqtt_consumer","tags":{"topic":"arsip/sensor"},"timestamp":"2026-07-20 05:37:51"}
{"fields":{"humidity":54.93,"pressure":1007.48,"temperature":24.99},"name":"mqtt_consumer","tags":{"topic":"arsip/sensor"},"timestamp":"2026-07-20 05:37:54"}
{"fields":{"humidity":54.82,"pressure":1007.49,"temperature":24.98},"name":"mqtt_consumer","tags":{"topic":"arsip/sensor"},"timestamp":"2026-07-20 05:37:57"}
{"fields":{"humidity":54.94,"pressure":1007.48,"temperature":24.99},"name":"mqtt_consumer","tags":{"topic":"arsip/sensor"},"timestamp":"2026-07-20 05:38:00"}
{"fields":{"humidity":54.99,"pressure":1007.49,"temperature":24.99},"name":"mqtt_consumer","tags":{"topic":"arsip/sensor"},"timestamp":"2026-07-20 05:38:03"}
{"fields":{"humidity":55.07,"pressure":1007.46,"temperature":25.01},"name":"mqtt_consumer","tags":{"topic":"arsip/sensor"},"timestamp":"2026-07-20 05:38:06"}
{"fields":{"humidity":55.14,"pressure":1007.46,"temperature":25.03},"name":"mqtt_consumer","tags":{"topic":"arsip/sensor"},"timestamp":"2026-07-20 05:38:09"}
{"fields":{"humidity":55.19,"pressure":1007.5,"temperature":25.05},"name":"mqtt_consumer","tags":{"topic":"arsip/sensor"},"timestamp":"2026-07-20 05:38:12"}
{"fields":{"humidity":55.28,"pressure":1007.47,"temperature":25.06},"name":"mqtt_consumer","tags":{"topic":"arsip/sensor"},"timestamp":"2026-07-20 05:38:15"}
{"fields":{"humidity":55.05,"pressure":1007.48,"temperature":25.04},"name":"mqtt_consumer","tags":{"topic":"arsip/sensor"},"timestamp":"2026-07-20 05:38:18"}
{"fields":{"humidity":54.94,"pressure":1007.46,"temperature":25.01},"name":"mqtt_consumer","tags":{"topic":"arsip/sensor"},"timestamp":"2026-07-20 05:38:21"}
{"fields":{"humidity":54.9,"pressure":1007.46,"temperature":24.99},"name":"mqtt_consumer","tags":{"topic":"arsip/sensor"},"timestamp":"2026-07-20 05:38:24"}
{"fields":{"humidity":54.77,"pressure":1007.47,"temperature":24.97},"name":"mqtt_consumer","tags":{"topic":"arsip/sensor"},"timestamp":"2026-07-20 05:38:27"}
{"fields":{"humidity":55,"pressure":1007.47,"temperature":24.96},"name":"mqtt_consumer","tags":{"topic":"arsip/sensor"},"timestamp":"2026-07-20 05:38:30"}
{"fields":{"humidity":55.26,"pressure":1007.44,"temperature":24.97},"name":"mqtt_consumer","tags":{"topic":"arsip/sensor"},"timestamp":"2026-07-20 05:38:33"}
{"fields":{"humidity":55.17,"pressure":1007.47,"temperature":24.98},"name":"mqtt_consumer","tags":{"topic":"arsip/sensor"},"timestamp":"2026-07-20 05:38:36"}
{"fields":{"humidity":55.18,"pressure":1007.5,"temperature":24.95},"name":"mqtt_consumer","tags":{"topic":"arsip/sensor"},"timestamp":"2026-07-20 05:38:39"}
{"fields":{"humidity":55.13,"pressure":1007.47,"temperature":24.94},"name":"mqtt_consumer","tags":{"topic":"arsip/sensor"},"timestamp":"2026-07-20 05:38:42"}
{"fields":{"humidity":55.13,"pressure":1007.47,"temperature":24.93},"name":"mqtt_consumer","tags":{"topic":"arsip/sensor"},"timestamp":"2026-07-20 05:38:45"}
{"fields":{"humidity":55.03,"pressure":1007.45,"temperature":24.92},"name":"mqtt_consumer","tags":{"topic":"arsip/sensor"},"timestamp":"2026-07-20 05:38:48"}
{"fields":{"humidity":55,"pressure":1007.46,"temperature":24.92},"name":"mqtt_consumer","tags":{"topic":"arsip/sensor"},"timestamp":"2026-07-20 05:38:51"}
{"fields":{"humidity":54.96,"pressure":1007.46,"temperature":24.91},"name":"mqtt_consumer","tags":{"topic":"arsip/sensor"},"timestamp":"2026-07-20 05:38:54"}
{"fields":{"humidity":54.92,"pressure":1007.46,"temperature":24.92},"name":"mqtt_consumer","tags":{"topic":"arsip/sensor"},"timestamp":"2026-07-20 05:38:57"}
{"fields":{"humidity":54.84,"pressure":1007.44,"temperature":24.92},"name":"mqtt_consumer","tags":{"topic":"arsip/sensor"},"timestamp":"2026-07-20 05:39:00"}
{"fields":{"humidity":54.76,"pressure":1007.46,"temperature":24.92},"name":"mqtt_consumer","tags":{"topic":"arsip/sensor"},"timestamp":"2026-07-20 05:39:03"}
{"fields":{"humidity":54.79,"pressure":1007.44,"temperature":24.91},"name":"mqtt_consumer","tags":{"topic":"arsip/sensor"},"timestamp":"2026-07-20 05:39:06"}
{"fields":{"humidity":54.74,"pressure":1007.45,"temperature":24.91},"name":"mqtt_consumer","tags":{"topic":"arsip/sensor"},"timestamp":"2026-07-20 05:39:09"}
{"fields":{"humidity":54.56,"pressure":1007.45,"temperature":24.89},"name":"mqtt_consumer","tags":{"topic":"arsip/sensor"},"timestamp":"2026-07-20 05:39:12"}
{"fields":{"humidity":54.58,"pressure":1007.44,"temperature":24.9},"name":"mqtt_consumer","tags":{"topic":"arsip/sensor"},"timestamp":"2026-07-20 05:39:15"}
{"fields":{"humidity":54.6,"pressure":1007.42,"temperature":24.9},"name":"mqtt_consumer","tags":{"topic":"arsip/sensor"},"timestamp":"2026-07-20 05:39:18"}
{"fields":{"humidity":54.66,"pressure":1007.44,"temperature":24.91},"name":"mqtt_consumer","tags":{"topic":"arsip/sensor"},"timestamp":"2026-07-20 05:39:21"}
{"fields":{"humidity":54.64,"pressure":1007.41,"temperature":24.93},"name":"mqtt_consumer","tags":{"topic":"arsip/sensor"},"timestamp":"2026-07-20 05:39:24"}
{"fields":{"humidity":54.8,"pressure":1008.72,"temperature":24.55},"name":"mqtt_consumer","tags":{"topic":"arsip/sensor"},"timestamp":"2026-07-27 03:05:04"}
{"fields":{"humidity":54.8,"pressure":1008.72,"temperature":24.55},"name":"mqtt_consumer","tags":{"topic":"arsip/sensor"},"timestamp":"2026-07-27 03:05:07"}
{"fields":{"humidity":54.8,"pressure":1008.72,"temperature":24.55},"name":"mqtt_consumer","tags":{"topic":"arsip/sensor"},"timestamp":"2026-07-27 03:05:10"}
{"fields":{"humidity":54.8,"pressure":1008.72,"temperature":24.55},"name":"mqtt_consumer","tags":{"topic":"arsip/sensor"},"timestamp":"2026-07-27 03:05:13"}
{"fields":{"humidity":54.8,"pressure":1008.72,"temperature":24.55},"name":"mqtt_consumer","tags":{"topic":"arsip/sensor"},"timestamp":"2026-07-27 03:05:16"}
{"fields":{"humidity":54.8,"pressure":1008.72,"temperature":24.55},"name":"mqtt_consumer","tags":{"topic":"arsip/sensor"},"timestamp":"2026-07-27 03:05:19"}
{"fields":{"humidity":54.8,"pressure":1008.72,"temperature":24.55},"name":"mqtt_consumer","tags":{"topic":"arsip/sensor"},"timestamp":"2026-07-27 03:05:22"}
{"fields":{"humidity":54.8,"pressure":1008.72,"temperature":24.55},"name":"mqtt_consumer","tags":{"topic":"arsip/sensor"},"timestamp":"2026-07-27 03:05:25"}
{"fields":{"humidity":54.8,"pressure":1008.72,"temperature":24.55},"name":"mqtt_consumer","tags":{"topic":"arsip/sensor"},"timestamp":"2026-07-27 03:05:28"}
{"fields":{"humidity":55.32,"pressure":1008.65,"temperature":24.43},"name":"mqtt_consumer","tags":{"topic":"arsip/sensor"},"timestamp":"2026-07-27 03:05:31"}
{"fields":{"humidity":55.32,"pressure":1008.65,"temperature":24.43},"name":"mqtt_consumer","tags":{"topic":"arsip/sensor"},"timestamp":"2026-07-27 03:05:35"}
{"fields":{"humidity":55.32,"pressure":1008.65,"temperature":24.43},"name":"mqtt_consumer","tags":{"topic":"arsip/sensor"},"timestamp":"2026-07-27 03:05:37"}
{"fields":{"humidity":55.32,"pressure":1008.65,"temperature":24.43},"name":"mqtt_consumer","tags":{"topic":"arsip/sensor"},"timestamp":"2026-07-27 03:05:40"}
{"fields":{"humidity":55.32,"pressure":1008.65,"temperature":24.43},"name":"mqtt_consumer","tags":{"topic":"arsip/sensor"},"timestamp":"2026-07-27 03:05:43"}
{"fields":{"humidity":55.32,"pressure":1008.65,"temperature":24.43},"name":"mqtt_consumer","tags":{"topic":"arsip/sensor"},"timestamp":"2026-07-27 03:05:46"}
{"fields":{"humidity":55.32,"pressure":1008.65,"temperature":24.43},"name":"mqtt_consumer","tags":{"topic":"arsip/sensor"},"timestamp":"2026-07-27 03:05:49"}
{"fields":{"humidity":55.32,"pressure":1008.65,"temperature":24.43},"name":"mqtt_consumer","tags":{"topic":"arsip/sensor"},"timestamp":"2026-07-27 03:05:52"}
{"fields":{"humidity":55.32,"pressure":1008.65,"temperature":24.43},"name":"mqtt_consumer","tags":{"topic":"arsip/sensor"},"timestamp":"2026-07-27 03:05:55"}
{"fields":{"humidity":55.32,"pressure":1008.65,"temperature":24.43},"name":"mqtt_consumer","tags":{"topic":"arsip/sensor"},"timestamp":"2026-07-27 03:05:58"}
{"fields":{"humidity":54.91,"pressure":1008.72,"temperature":24.5},"name":"mqtt_consumer","tags":{"topic":"arsip/sensor"},"timestamp":"2026-07-27 03:06:01"}
{"fields":{"humidity":54.91,"pressure":1008.72,"temperature":24.5},"name":"mqtt_consumer","tags":{"topic":"arsip/sensor"},"timestamp":"2026-07-27 03:06:04"}
{"fields":{"humidity":54.91,"pressure":1008.72,"temperature":24.5},"name":"mqtt_consumer","tags":{"topic":"arsip/sensor"},"timestamp":"2026-07-27 03:06:07"}
{"fields":{"humidity":54.91,"pressure":1008.72,"temperature":24.5},"name":"mqtt_consumer","tags":{"topic":"arsip/sensor"},"timestamp":"2026-07-27 03:06:10"}
{"fields":{"humidity":54.91,"pressure":1008.72,"temperature":24.5},"name":"mqtt_consumer","tags":{"topic":"arsip/sensor"},"timestamp":"2026-07-27 03:06:13"}
{"fields":{"humidity":54.91,"pressure":1008.72,"temperature":24.5},"name":"mqtt_consumer","tags":{"topic":"arsip/sensor"},"timestamp":"2026-07-27 03:06:16"}
{"fields":{"humidity":54.91,"pressure":1008.72,"temperature":24.5},"name":"mqtt_consumer","tags":{"topic":"arsip/sensor"},"timestamp":"2026-07-27 03:06:19"}
{"fields":{"humidity":54.91,"pressure":1008.72,"temperature":24.5},"name":"mqtt_consumer","tags":{"topic":"arsip/sensor"},"timestamp":"2026-07-27 03:06:22"}
{"fields":{"humidity":54.91,"pressure":1008.72,"temperature":24.5},"name":"mqtt_consumer","tags":{"topic":"arsip/sensor"},"timestamp":"2026-07-27 03:06:25"}
{"fields":{"humidity":54.91,"pressure":1008.72,"temperature":24.5},"name":"mqtt_consumer","tags":{"topic":"arsip/sensor"},"timestamp":"2026-07-27 03:06:28"}
{"fields":{"humidity":54.82,"pressure":1008.67,"temperature":24.54},"name":"mqtt_consumer","tags":{"topic":"arsip/sensor"},"timestamp":"2026-07-27 03:06:31"}
{"fields":{"humidity":54.82,"pressure":1008.67,"temperature":24.54},"name":"mqtt_consumer","tags":{"topic":"arsip/sensor"},"timestamp":"2026-07-27 03:06:34"}
{"fields":{"humidity":54.82,"pressure":1008.67,"temperature":24.54},"name":"mqtt_consumer","tags":{"topic":"arsip/sensor"},"timestamp":"2026-07-27 03:06:37"}
{"fields":{"humidity":54.82,"pressure":1008.67,"temperature":24.54},"name":"mqtt_consumer","tags":{"topic":"arsip/sensor"},"timestamp":"2026-07-27 03:06:40"}
{"fields":{"humidity":54.82,"pressure":1008.67,"temperature":24.54},"name":"mqtt_consumer","tags":{"topic":"arsip/sensor"},"timestamp":"2026-07-27 03:06:43"}
{"fields":{"humidity":54.82,"pressure":1008.67,"temperature":24.54},"name":"mqtt_consumer","tags":{"topic":"arsip/sensor"},"timestamp":"2026-07-27 03:06:46"}
{"fields":{"humidity":54.82,"pressure":1008.67,"temperature":24.54},"name":"mqtt_consumer","tags":{"topic":"arsip/sensor"},"timestamp":"2026-07-27 03:06:49"}
{"fields":{"humidity":54.82,"pressure":1008.67,"temperature":24.54},"name":"mqtt_consumer","tags":{"topic":"arsip/sensor"},"timestamp":"2026-07-27 03:06:52"}
{"fields":{"humidity":54.82,"pressure":1008.67,"temperature":24.54},"name":"mqtt_consumer","tags":{"topic":"arsip/sensor"},"timestamp":"2026-07-27 03:06:55"}
{"fields":{"humidity":54.82,"pressure":1008.67,"temperature":24.54},"name":"mqtt_consumer","tags":{"topic":"arsip/sensor"},"timestamp":"2026-07-27 03:06:58"}
{"fields":{"humidity":54.82,"pressure":1008.68,"temperature":24.56},"name":"mqtt_consumer","tags":{"topic":"arsip/sensor"},"timestamp":"2026-07-27 03:07:01"}
{"fields":{"humidity":54.82,"pressure":1008.68,"temperature":24.56},"name":"mqtt_consumer","tags":{"topic":"arsip/sensor"},"timestamp":"2026-07-27 03:07:04"}
{"fields":{"humidity":54.82,"pressure":1008.68,"temperature":24.56},"name":"mqtt_consumer","tags":{"topic":"arsip/sensor"},"timestamp":"2026-07-27 03:07:07"}
{"fields":{"humidity":54.82,"pressure":1008.68,"temperature":24.56},"name":"mqtt_consumer","tags":{"topic":"arsip/sensor"},"timestamp":"2026-07-27 03:07:10"}
{"fields":{"humidity":54.82,"pressure":1008.68,"temperature":24.56},"name":"mqtt_consumer","tags":{"topic":"arsip/sensor"},"timestamp":"2026-07-27 03:07:13"}
{"fields":{"humidity":54.82,"pressure":1008.68,"temperature":24.56},"name":"mqtt_consumer","tags":{"topic":"arsip/sensor"},"timestamp":"2026-07-27 03:07:16"}
{"fields":{"humidity":54.82,"pressure":1008.68,"temperature":24.56},"name":"mqtt_consumer","tags":{"topic":"arsip/sensor"},"timestamp":"2026-07-27 03:07:19"}
{"fields":{"humidity":54.82,"pressure":1008.68,"temperature":24.56},"name":"mqtt_consumer","tags":{"topic":"arsip/sensor"},"timestamp":"2026-07-27 03:07:22"}
{"fields":{"humidity":54.82,"pressure":1008.68,"temperature":24.56},"name":"mqtt_consumer","tags":{"topic":"arsip/sensor"},"timestamp":"2026-07-27 03:07:25"}
{"fields":{"humidity":54.82,"pressure":1008.68,"temperature":24.56},"name":"mqtt_consumer","tags":{"topic":"arsip/sensor"},"timestamp":"2026-07-27 03:07:28"}
{"fields":{"humidity":54.75,"pressure":1008.69,"temperature":24.5},"name":"mqtt_consumer","tags":{"topic":"arsip/sensor"},"timestamp":"2026-07-27 03:07:31"}
{"fields":{"humidity":54.75,"pressure":1008.69,"temperature":24.5},"name":"mqtt_consumer","tags":{"topic":"arsip/sensor"},"timestamp":"2026-07-27 03:07:34"}
{"fields":{"humidity":54.75,"pressure":1008.69,"temperature":24.5},"name":"mqtt_consumer","tags":{"topic":"arsip/sensor"},"timestamp":"2026-07-27 03:07:37"}
{"fields":{"humidity":54.75,"pressure":1008.69,"temperature":24.5},"name":"mqtt_consumer","tags":{"topic":"arsip/sensor"},"timestamp":"2026-07-27 03:07:40"}
{"fields":{"humidity":54.75,"pressure":1008.69,"temperature":24.5},"name":"mqtt_consumer","tags":{"topic":"arsip/sensor"},"timestamp":"2026-07-27 03:07:43"}
{"fields":{"humidity":54.75,"pressure":1008.69,"temperature":24.5},"name":"mqtt_consumer","tags":{"topic":"arsip/sensor"},"timestamp":"2026-07-27 03:07:46"}
{"fields":{"humidity":54.75,"pressure":1008.69,"temperature":24.5},"name":"mqtt_consumer","tags":{"topic":"arsip/sensor"},"timestamp":"2026-07-27 03:07:49"}
{"fields":{"humidity":54.75,"pressure":1008.69,"temperature":24.5},"name":"mqtt_consumer","tags":{"topic":"arsip/sensor"},"timestamp":"2026-07-27 03:07:52"}
{"fields":{"humidity":54.75,"pressure":1008.69,"temperature":24.5},"name":"mqtt_consumer","tags":{"topic":"arsip/sensor"},"timestamp":"2026-07-27 03:07:55"}
{"fields":{"humidity":54.75,"pressure":1008.69,"temperature":24.5},"name":"mqtt_consumer","tags":{"topic":"arsip/sensor"},"timestamp":"2026-07-27 03:07:58"}
{"fields":{"humidity":54.91,"pressure":1008.71,"temperature":24.58},"name":"mqtt_consumer","tags":{"topic":"arsip/sensor"},"timestamp":"2026-07-27 03:08:01"}
{"fields":{"humidity":54.91,"pressure":1008.71,"temperature":24.58},"name":"mqtt_consumer","tags":{"topic":"arsip/sensor"},"timestamp":"2026-07-27 03:08:04"}
{"fields":{"humidity":54.91,"pressure":1008.71,"temperature":24.58},"name":"mqtt_consumer","tags":{"topic":"arsip/sensor"},"timestamp":"2026-07-27 03:08:07"}
{"fields":{"humidity":54.91,"pressure":1008.71,"temperature":24.58},"name":"mqtt_consumer","tags":{"topic":"arsip/sensor"},"timestamp":"2026-07-27 03:08:10"}
{"fields":{"humidity":54.91,"pressure":1008.71,"temperature":24.58},"name":"mqtt_consumer","tags":{"topic":"arsip/sensor"},"timestamp":"2026-07-27 03:08:13"}
{"fields":{"humidity":54.91,"pressure":1008.71,"temperature":24.58},"name":"mqtt_consumer","tags":{"topic":"arsip/sensor"},"timestamp":"2026-07-27 03:08:16"}
{"fields":{"humidity":54.91,"pressure":1008.71,"temperature":24.58},"name":"mqtt_consumer","tags":{"topic":"arsip/sensor"},"timestamp":"2026-07-27 03:08:19"}
{"fields":{"humidity":54.91,"pressure":1008.71,"temperature":24.58},"name":"mqtt_consumer","tags":{"topic":"arsip/sensor"},"timestamp":"2026-07-27 03:08:22"}
{"fields":{"humidity":54.91,"pressure":1008.71,"temperature":24.58},"name":"mqtt_consumer","tags":{"topic":"arsip/sensor"},"timestamp":"2026-07-27 03:08:25"}
{"fields":{"humidity":54.91,"pressure":1008.71,"temperature":24.58},"name":"mqtt_consumer","tags":{"topic":"arsip/sensor"},"timestamp":"2026-07-27 03:08:28"}
{"fields":{"humidity":54.78,"pressure":1008.71,"temperature":24.53},"name":"mqtt_consumer","tags":{"topic":"arsip/sensor"},"timestamp":"2026-07-27 03:08:31"}
{"fields":{"humidity":54.78,"pressure":1008.71,"temperature":24.53},"name":"mqtt_consumer","tags":{"topic":"arsip/sensor"},"timestamp":"2026-07-27 03:08:34"}
{"fields":{"humidity":54.78,"pressure":1008.71,"temperature":24.53},"name":"mqtt_consumer","tags":{"topic":"arsip/sensor"},"timestamp":"2026-07-27 03:08:37"}
{"fields":{"humidity":54.78,"pressure":1008.71,"temperature":24.53},"name":"mqtt_consumer","tags":{"topic":"arsip/sensor"},"timestamp":"2026-07-27 03:08:40"}
{"fields":{"humidity":54.78,"pressure":1008.71,"temperature":24.53},"name":"mqtt_consumer","tags":{"topic":"arsip/sensor"},"timestamp":"2026-07-27 03:08:43"}
{"fields":{"humidity":54.78,"pressure":1008.71,"temperature":24.53},"name":"mqtt_consumer","tags":{"topic":"arsip/sensor"},"timestamp":"2026-07-27 03:08:46"}
{"fields":{"humidity":54.78,"pressure":1008.71,"temperature":24.53},"name":"mqtt_consumer","tags":{"topic":"arsip/sensor"},"timestamp":"2026-07-27 03:08:49"}
{"fields":{"humidity":54.78,"pressure":1008.71,"temperature":24.53},"name":"mqtt_consumer","tags":{"topic":"arsip/sensor"},"timestamp":"2026-07-27 03:08:52"}
{"fields":{"humidity":54.78,"pressure":1008.71,"temperature":24.53},"name":"mqtt_consumer","tags":{"topic":"arsip/sensor"},"timestamp":"2026-07-27 03:08:55"}
{"fields":{"humidity":54.78,"pressure":1008.71,"temperature":24.53},"name":"mqtt_consumer","tags":{"topic":"arsip/sensor"},"timestamp":"2026-07-27 03:08:58"}
{"fields":{"humidity":54.88,"pressure":1008.74,"temperature":24.53},"name":"mqtt_consumer","tags":{"topic":"arsip/sensor"},"timestamp":"2026-07-27 03:09:01"}
{"fields":{"humidity":54.88,"pressure":1008.74,"temperature":24.53},"name":"mqtt_consumer","tags":{"topic":"arsip/sensor"},"timestamp":"2026-07-27 03:09:04"}
{"fields":{"humidity":54.88,"pressure":1008.74,"temperature":24.53},"name":"mqtt_consumer","tags":{"topic":"arsip/sensor"},"timestamp":"2026-07-27 03:09:07"}
{"fields":{"humidity":54.88,"pressure":1008.74,"temperature":24.53},"name":"mqtt_consumer","tags":{"topic":"arsip/sensor"},"timestamp":"2026-07-27 03:09:10"}
{"fields":{"humidity":54.88,"pressure":1008.74,"temperature":24.53},"name":"mqtt_consumer","tags":{"topic":"arsip/sensor"},"timestamp":"2026-07-27 03:09:13"}
{"fields":{"humidity":54.88,"pressure":1008.74,"temperature":24.53},"name":"mqtt_consumer","tags":{"topic":"arsip/sensor"},"timestamp":"2026-07-27 03:09:16"}
{"fields":{"humidity":54.88,"pressure":1008.74,"temperature":24.53},"name":"mqtt_consumer","tags":{"topic":"arsip/sensor"},"timestamp":"2026-07-27 03:09:19"}
{"fields":{"humidity":54.88,"pressure":1008.74,"temperature":24.53},"name":"mqtt_consumer","tags":{"topic":"arsip/sensor"},"timestamp":"2026-07-27 03:09:22"}
{"fields":{"humidity":54.88,"pressure":1008.74,"temperature":24.53},"name":"mqtt_consumer","tags":{"topic":"arsip/sensor"},"timestamp":"2026-07-27 03:09:25"}
{"fields":{"humidity":54.88,"pressure":1008.74,"temperature":24.53},"name":"mqtt_consumer","tags":{"topic":"arsip/sensor"},"timestamp":"2026-07-27 03:09:28"}
{"fields":{"humidity":54.67,"pressure":1008.62,"temperature":24.46},"name":"mqtt_consumer","tags":{"topic":"arsip/sensor"},"timestamp":"2026-07-27 03:09:31"}
{"fields":{"humidity":54.67,"pressure":1008.62,"temperature":24.46},"name":"mqtt_consumer","tags":{"topic":"arsip/sensor"},"timestamp":"2026-07-27 03:09:34"}
{"fields":{"humidity":54.67,"pressure":1008.62,"temperature":24.46},"name":"mqtt_consumer","tags":{"topic":"arsip/sensor"},"timestamp":"2026-07-27 03:09:37"}
{"fields":{"humidity":54.67,"pressure":1008.62,"temperature":24.46},"name":"mqtt_consumer","tags":{"topic":"arsip/sensor"},"timestamp":"2026-07-27 03:09:40"}
{"fields":{"humidity":54.67,"pressure":1008.62,"temperature":24.46},"name":"mqtt_consumer","tags":{"topic":"arsip/sensor"},"timestamp":"2026-07-27 03:09:43"}
{"fields":{"humidity":54.67,"pressure":1008.62,"temperature":24.46},"name":"mqtt_consumer","tags":{"topic":"arsip/sensor"},"timestamp":"2026-07-27 03:09:46"}
{"fields":{"humidity":54.67,"pressure":1008.62,"temperature":24.46},"name":"mqtt_consumer","tags":{"topic":"arsip/sensor"},"timestamp":"2026-07-27 03:09:49"}
{"fields":{"humidity":54.67,"pressure":1008.62,"temperature":24.46},"name":"mqtt_consumer","tags":{"topic":"arsip/sensor"},"timestamp":"2026-07-27 03:09:52"}
{"fields":{"humidity":54.67,"pressure":1008.62,"temperature":24.46},"name":"mqtt_consumer","tags":{"topic":"arsip/sensor"},"timestamp":"2026-07-27 03:09:55"}
{"fields":{"humidity":54.67,"pressure":1008.62,"temperature":24.46},"name":"mqtt_consumer","tags":{"topic":"arsip/sensor"},"timestamp":"2026-07-27 03:09:58"}
{"fields":{"humidity":55.11,"pressure":1008.64,"temperature":24.5},"name":"mqtt_consumer","tags":{"topic":"arsip/sensor"},"timestamp":"2026-07-27 03:10:01"}
{"fields":{"humidity":55.11,"pressure":1008.64,"temperature":24.5},"name":"mqtt_consumer","tags":{"topic":"arsip/sensor"},"timestamp":"2026-07-27 03:10:04"}
{"fields":{"humidity":55.11,"pressure":1008.64,"temperature":24.5},"name":"mqtt_consumer","tags":{"topic":"arsip/sensor"},"timestamp":"2026-07-27 03:10:07"}
{"fields":{"humidity":55.11,"pressure":1008.64,"temperature":24.5},"name":"mqtt_consumer","tags":{"topic":"arsip/sensor"},"timestamp":"2026-07-27 03:10:10"}
{"fields":{"humidity":55.11,"pressure":1008.64,"temperature":24.5},"name":"mqtt_consumer","tags":{"topic":"arsip/sensor"},"timestamp":"2026-07-27 03:10:13"}
{"fields":{"humidity":55.11,"pressure":1008.64,"temperature":24.5},"name":"mqtt_consumer","tags":{"topic":"arsip/sensor"},"timestamp":"2026-07-27 03:10:16"}
{"fields":{"humidity":55.11,"pressure":1008.64,"temperature":24.5},"name":"mqtt_consumer","tags":{"topic":"arsip/sensor"},"timestamp":"2026-07-27 03:10:19"}
{"fields":{"humidity":55.11,"pressure":1008.64,"temperature":24.5},"name":"mqtt_consumer","tags":{"topic":"arsip/sensor"},"timestamp":"2026-07-27 03:10:22"}
{"fields":{"humidity":55.11,"pressure":1008.64,"temperature":24.5},"name":"mqtt_consumer","tags":{"topic":"arsip/sensor"},"timestamp":"2026-07-27 03:10:25"}
{"fields":{"humidity":55.11,"pressure":1008.64,"temperature":24.5},"name":"mqtt_consumer","tags":{"topic":"arsip/sensor"},"timestamp":"2026-07-27 03:10:28"}
{"fields":{"humidity":54.94,"pressure":1008.68,"temperature":24.39},"name":"mqtt_consumer","tags":{"topic":"arsip/sensor"},"timestamp":"2026-07-27 03:10:31"}
{"fields":{"humidity":54.94,"pressure":1008.68,"temperature":24.39},"name":"mqtt_consumer","tags":{"topic":"arsip/sensor"},"timestamp":"2026-07-27 03:10:34"}
{"fields":{"humidity":54.94,"pressure":1008.68,"temperature":24.39},"name":"mqtt_consumer","tags":{"topic":"arsip/sensor"},"timestamp":"2026-07-27 03:10:37"}
{"fields":{"humidity":54.94,"pressure":1008.68,"temperature":24.39},"name":"mqtt_consumer","tags":{"topic":"arsip/sensor"},"timestamp":"2026-07-27 03:10:40"}
{"fields":{"humidity":54.94,"pressure":1008.68,"temperature":24.39},"name":"mqtt_consumer","tags":{"topic":"arsip/sensor"},"timestamp":"2026-07-27 03:10:43"}
{"fields":{"humidity":54.94,"pressure":1008.68,"temperature":24.39},"name":"mqtt_consumer","tags":{"topic":"arsip/sensor"},"timestamp":"2026-07-27 03:10:46"}
{"fields":{"humidity":54.94,"pressure":1008.68,"temperature":24.39},"name":"mqtt_consumer","tags":{"topic":"arsip/sensor"},"timestamp":"2026-07-27 03:10:49"}
{"fields":{"humidity":54.94,"pressure":1008.68,"temperature":24.39},"name":"mqtt_consumer","tags":{"topic":"arsip/sensor"},"timestamp":"2026-07-27 03:10:52"}
{"fields":{"humidity":54.94,"pressure":1008.68,"temperature":24.39},"name":"mqtt_consumer","tags":{"topic":"arsip/sensor"},"timestamp":"2026-07-27 03:10:55"}
{"fields":{"humidity":54.94,"pressure":1008.68,"temperature":24.39},"name":"mqtt_consumer","tags":{"topic":"arsip/sensor"},"timestamp":"2026-07-27 03:10:58"}
{"fields":{"humidity":55.05,"pressure":1008.63,"temperature":24.33},"name":"mqtt_consumer","tags":{"topic":"arsip/sensor"},"timestamp":"2026-07-27 03:11:01"}
{"fields":{"humidity":55.05,"pressure":1008.63,"temperature":24.33},"name":"mqtt_consumer","tags":{"topic":"arsip/sensor"},"timestamp":"2026-07-27 03:11:04"}
{"fields":{"humidity":55.05,"pressure":1008.63,"temperature":24.33},"name":"mqtt_consumer","tags":{"topic":"arsip/sensor"},"timestamp":"2026-07-27 03:11:07"}
{"fields":{"humidity":55.05,"pressure":1008.63,"temperature":24.33},"name":"mqtt_consumer","tags":{"topic":"arsip/sensor"},"timestamp":"2026-07-27 03:11:10"}
{"fields":{"humidity":55.05,"pressure":1008.63,"temperature":24.33},"name":"mqtt_consumer","tags":{"topic":"arsip/sensor"},"timestamp":"2026-07-27 03:11:13"}
{"fields":{"humidity":55.05,"pressure":1008.63,"temperature":24.33},"name":"mqtt_consumer","tags":{"topic":"arsip/sensor"},"timestamp":"2026-07-27 03:11:16"}
{"fields":{"humidity":55.05,"pressure":1008.63,"temperature":24.33},"name":"mqtt_consumer","tags":{"topic":"arsip/sensor"},"timestamp":"2026-07-27 03:11:19"}
{"fields":{"humidity":55.05,"pressure":1008.63,"temperature":24.33},"name":"mqtt_consumer","tags":{"topic":"arsip/sensor"},"timestamp":"2026-07-27 03:11:22"}
{"fields":{"humidity":55.05,"pressure":1008.63,"temperature":24.33},"name":"mqtt_consumer","tags":{"topic":"arsip/sensor"},"timestamp":"2026-07-27 03:11:25"}
{"fields":{"humidity":55.05,"pressure":1008.63,"temperature":24.33},"name":"mqtt_consumer","tags":{"topic":"arsip/sensor"},"timestamp":"2026-07-27 03:11:28"}
{"fields":{"humidity":55.12,"pressure":1008.71,"temperature":24.31},"name":"mqtt_consumer","tags":{"topic":"arsip/sensor"},"timestamp":"2026-07-27 03:11:31"}
{"fields":{"humidity":55.12,"pressure":1008.71,"temperature":24.31},"name":"mqtt_consumer","tags":{"topic":"arsip/sensor"},"timestamp":"2026-07-27 03:11:34"}
{"fields":{"humidity":55.12,"pressure":1008.71,"temperature":24.31},"name":"mqtt_consumer","tags":{"topic":"arsip/sensor"},"timestamp":"2026-07-27 03:11:37"}
{"fields":{"humidity":55.12,"pressure":1008.71,"temperature":24.31},"name":"mqtt_consumer","tags":{"topic":"arsip/sensor"},"timestamp":"2026-07-27 03:11:40"}
{"fields":{"humidity":55.12,"pressure":1008.71,"temperature":24.31},"name":"mqtt_consumer","tags":{"topic":"arsip/sensor"},"timestamp":"2026-07-27 03:11:43"}
{"fields":{"humidity":55.12,"pressure":1008.71,"temperature":24.31},"name":"mqtt_consumer","tags":{"topic":"arsip/sensor"},"timestamp":"2026-07-27 03:11:46"}
{"fields":{"humidity":55.12,"pressure":1008.71,"temperature":24.31},"name":"mqtt_consumer","tags":{"topic":"arsip/sensor"},"timestamp":"2026-07-27 03:11:49"}
{"fields":{"humidity":55.12,"pressure":1008.71,"temperature":24.31},"name":"mqtt_consumer","tags":{"topic":"arsip/sensor"},"timestamp":"2026-07-27 03:11:52"}
{"fields":{"humidity":55.12,"pressure":1008.71,"temperature":24.31},"name":"mqtt_consumer","tags":{"topic":"arsip/sensor"},"timestamp":"2026-07-27 03:11:55"}
{"fields":{"humidity":55.12,"pressure":1008.71,"temperature":24.31},"name":"mqtt_consumer","tags":{"topic":"arsip/sensor"},"timestamp":"2026-07-27 03:11:58"}
{"fields":{"humidity":55.86,"pressure":1008.66,"temperature":24.44},"name":"mqtt_consumer","tags":{"topic":"arsip/sensor"},"timestamp":"2026-07-27 03:12:01"}
{"fields":{"humidity":55.86,"pressure":1008.66,"temperature":24.44},"name":"mqtt_consumer","tags":{"topic":"arsip/sensor"},"timestamp":"2026-07-27 03:12:04"}
{"fields":{"humidity":55.86,"pressure":1008.66,"temperature":24.44},"name":"mqtt_consumer","tags":{"topic":"arsip/sensor"},"timestamp":"2026-07-27 03:12:07"}
{"fields":{"humidity":55.86,"pressure":1008.66,"temperature":24.44},"name":"mqtt_consumer","tags":{"topic":"arsip/sensor"},"timestamp":"2026-07-27 03:12:10"}
{"fields":{"humidity":55.86,"pressure":1008.66,"temperature":24.44},"name":"mqtt_consumer","tags":{"topic":"arsip/sensor"},"timestamp":"2026-07-27 03:12:13"}
{"fields":{"humidity":55.86,"pressure":1008.66,"temperature":24.44},"name":"mqtt_consumer","tags":{"topic":"arsip/sensor"},"timestamp":"2026-07-27 03:12:16"}
{"fields":{"humidity":55.86,"pressure":1008.66,"temperature":24.44},"name":"mqtt_consumer","tags":{"topic":"arsip/sensor"},"timestamp":"2026-07-27 03:12:19"}
{"fields":{"humidity":55.86,"pressure":1008.66,"temperature":24.44},"name":"mqtt_consumer","tags":{"topic":"arsip/sensor"},"timestamp":"2026-07-27 03:12:22"}
{"fields":{"humidity":55.86,"pressure":1008.66,"temperature":24.44},"name":"mqtt_consumer","tags":{"topic":"arsip/sensor"},"timestamp":"2026-07-27 03:12:25"}
{"fields":{"humidity":55.86,"pressure":1008.66,"temperature":24.44},"name":"mqtt_consumer","tags":{"topic":"arsip/sensor"},"timestamp":"2026-07-27 03:12:28"}
{"fields":{"humidity":54.99,"pressure":1008.67,"temperature":24.61},"name":"mqtt_consumer","tags":{"topic":"arsip/sensor"},"timestamp":"2026-07-27 03:12:31"}
{"fields":{"humidity":54.99,"pressure":1008.67,"temperature":24.61},"name":"mqtt_consumer","tags":{"topic":"arsip/sensor"},"timestamp":"2026-07-27 03:12:34"}
{"fields":{"humidity":54.99,"pressure":1008.67,"temperature":24.61},"name":"mqtt_consumer","tags":{"topic":"arsip/sensor"},"timestamp":"2026-07-27 03:12:37"}
{"fields":{"humidity":54.99,"pressure":1008.67,"temperature":24.61},"name":"mqtt_consumer","tags":{"topic":"arsip/sensor"},"timestamp":"2026-07-27 03:12:40"}
{"fields":{"humidity":54.99,"pressure":1008.67,"temperature":24.61},"name":"mqtt_consumer","tags":{"topic":"arsip/sensor"},"timestamp":"2026-07-27 03:12:43"}
{"fields":{"humidity":54.99,"pressure":1008.67,"temperature":24.61},"name":"mqtt_consumer","tags":{"topic":"arsip/sensor"},"timestamp":"2026-07-27 03:12:46"}
{"fields":{"humidity":54.99,"pressure":1008.67,"temperature":24.61},"name":"mqtt_consumer","tags":{"topic":"arsip/sensor"},"timestamp":"2026-07-27 03:12:49"}
{"fields":{"humidity":54.99,"pressure":1008.67,"temperature":24.61},"name":"mqtt_consumer","tags":{"topic":"arsip/sensor"},"timestamp":"2026-07-27 03:12:52"}
{"fields":{"humidity":54.99,"pressure":1008.67,"temperature":24.61},"name":"mqtt_consumer","tags":{"topic":"arsip/sensor"},"timestamp":"2026-07-27 03:12:55"}
{"fields":{"humidity":54.99,"pressure":1008.67,"temperature":24.61},"name":"mqtt_consumer","tags":{"topic":"arsip/sensor"},"timestamp":"2026-07-27 03:12:58"}
{"fields":{"humidity":55.04,"pressure":1008.73,"temperature":24.65},"name":"mqtt_consumer","tags":{"topic":"arsip/sensor"},"timestamp":"2026-07-27 03:13:01"}
{"fields":{"humidity":55.04,"pressure":1008.73,"temperature":24.65},"name":"mqtt_consumer","tags":{"topic":"arsip/sensor"},"timestamp":"2026-07-27 03:13:04"}
{"fields":{"humidity":55.04,"pressure":1008.73,"temperature":24.65},"name":"mqtt_consumer","tags":{"topic":"arsip/sensor"},"timestamp":"2026-07-27 03:13:07"}
{"fields":{"humidity":55.04,"pressure":1008.73,"temperature":24.65},"name":"mqtt_consumer","tags":{"topic":"arsip/sensor"},"timestamp":"2026-07-27 03:13:10"}
{"fields":{"humidity":55.04,"pressure":1008.73,"temperature":24.65},"name":"mqtt_consumer","tags":{"topic":"arsip/sensor"},"timestamp":"2026-07-27 03:13:13"}
{"fields":{"humidity":55.04,"pressure":1008.73,"temperature":24.65},"name":"mqtt_consumer","tags":{"topic":"arsip/sensor"},"timestamp":"2026-07-27 03:13:16"}
{"fields":{"humidity":55.04,"pressure":1008.73,"temperature":24.65},"name":"mqtt_consumer","tags":{"topic":"arsip/sensor"},"timestamp":"2026-07-27 03:13:19"}
{"fields":{"humidity":55.04,"pressure":1008.73,"temperature":24.65},"name":"mqtt_consumer","tags":{"topic":"arsip/sensor"},"timestamp":"2026-07-27 03:13:22"}
{"fields":{"humidity":55.04,"pressure":1008.73,"temperature":24.65},"name":"mqtt_consumer","tags":{"topic":"arsip/sensor"},"timestamp":"2026-07-27 03:13:25"}
{"fields":{"humidity":55.04,"pressure":1008.73,"temperature":24.65},"name":"mqtt_consumer","tags":{"topic":"arsip/sensor"},"timestamp":"2026-07-27 03:13:28"}
{"fields":{"humidity":54.53,"pressure":1008.66,"temperature":24.53},"name":"mqtt_consumer","tags":{"topic":"arsip/sensor"},"timestamp":"2026-07-27 03:13:31"}
{"fields":{"humidity":54.53,"pressure":1008.66,"temperature":24.53},"name":"mqtt_consumer","tags":{"topic":"arsip/sensor"},"timestamp":"2026-07-27 03:13:34"}
{"fields":{"humidity":54.53,"pressure":1008.66,"temperature":24.53},"name":"mqtt_consumer","tags":{"topic":"arsip/sensor"},"timestamp":"2026-07-27 03:13:37"}
{"fields":{"humidity":54.53,"pressure":1008.66,"temperature":24.53},"name":"mqtt_consumer","tags":{"topic":"arsip/sensor"},"timestamp":"2026-07-27 03:13:40"}
{"fields":{"humidity":54.53,"pressure":1008.66,"temperature":24.53},"name":"mqtt_consumer","tags":{"topic":"arsip/sensor"},"timestamp":"2026-07-27 03:13:43"}
{"fields":{"humidity":54.53,"pressure":1008.66,"temperature":24.53},"name":"mqtt_consumer","tags":{"topic":"arsip/sensor"},"timestamp":"2026-07-27 03:13:46"}
{"fields":{"humidity":54.53,"pressure":1008.66,"temperature":24.53},"name":"mqtt_consumer","tags":{"topic":"arsip/sensor"},"timestamp":"2026-07-27 03:13:49"}
{"fields":{"humidity":54.53,"pressure":1008.66,"temperature":24.53},"name":"mqtt_consumer","tags":{"topic":"arsip/sensor"},"timestamp":"2026-07-27 03:13:52"}
{"fields":{"humidity":54.53,"pressure":1008.66,"temperature":24.53},"name":"mqtt_consumer","tags":{"topic":"arsip/sensor"},"timestamp":"2026-07-27 03:13:55"}
{"fields":{"humidity":54.53,"pressure":1008.66,"temperature":24.53},"name":"mqtt_consumer","tags":{"topic":"arsip/sensor"},"timestamp":"2026-07-27 03:13:58"}
{"fields":{"humidity":54.53,"pressure":1008.62,"temperature":24.54},"name":"mqtt_consumer","tags":{"topic":"arsip/sensor"},"timestamp":"2026-07-27 03:14:01"}
{"fields":{"humidity":54.53,"pressure":1008.62,"temperature":24.54},"name":"mqtt_consumer","tags":{"topic":"arsip/sensor"},"timestamp":"2026-07-27 03:14:04"}
{"fields":{"humidity":54.53,"pressure":1008.62,"temperature":24.54},"name":"mqtt_consumer","tags":{"topic":"arsip/sensor"},"timestamp":"2026-07-27 03:14:07"}
{"fields":{"humidity":54.53,"pressure":1008.62,"temperature":24.54},"name":"mqtt_consumer","tags":{"topic":"arsip/sensor"},"timestamp":"2026-07-27 03:14:10"}
{"fields":{"humidity":54.53,"pressure":1008.62,"temperature":24.54},"name":"mqtt_consumer","tags":{"topic":"arsip/sensor"},"timestamp":"2026-07-27 03:14:13"}
{"fields":{"humidity":54.53,"pressure":1008.62,"temperature":24.54},"name":"mqtt_consumer","tags":{"topic":"arsip/sensor"},"timestamp":"2026-07-27 03:14:16"}
{"fields":{"humidity":54.53,"pressure":1008.62,"temperature":24.54},"name":"mqtt_consumer","tags":{"topic":"arsip/sensor"},"timestamp":"2026-07-27 03:14:19"}
{"fields":{"humidity":54.53,"pressure":1008.62,"temperature":24.54},"name":"mqtt_consumer","tags":{"topic":"arsip/sensor"},"timestamp":"2026-07-27 03:14:22"}
{"fields":{"humidity":54.53,"pressure":1008.62,"temperature":24.54},"name":"mqtt_consumer","tags":{"topic":"arsip/sensor"},"timestamp":"2026-07-27 03:14:25"}
{"fields":{"humidity":54.53,"pressure":1008.62,"temperature":24.54},"name":"mqtt_consumer","tags":{"topic":"arsip/sensor"},"timestamp":"2026-07-27 03:14:28"}
{"fields":{"humidity":54.56,"pressure":1008.66,"temperature":24.53},"name":"mqtt_consumer","tags":{"topic":"arsip/sensor"},"timestamp":"2026-07-27 03:14:31"}
{"fields":{"humidity":54.56,"pressure":1008.66,"temperature":24.53},"name":"mqtt_consumer","tags":{"topic":"arsip/sensor"},"timestamp":"2026-07-27 03:14:34"}
{"fields":{"hum_offset":0,"temp_offset":0},"name":"mqtt_consumer","tags":{"topic":"arsip/config"},"timestamp":"2026-08-06 02:24:49"}
{"fields":{"humidity":47.15,"pressure":1009.86,"temperature":24.68},"name":"mqtt_consumer","tags":{"topic":"arsip/sensor"},"timestamp":"2026-08-06 02:24:49"}
{"fields":{"humidity":47.15,"pressure":1009.86,"temperature":24.68},"name":"mqtt_consumer","tags":{"topic":"arsip/sensor"},"timestamp":"2026-08-06 02:24:50"}
{"fields":{"humidity":47.15,"pressure":1009.86,"temperature":24.68},"name":"mqtt_consumer","tags":{"topic":"arsip/sensor"},"timestamp":"2026-08-06 02:24:53"}
{"fields":{"humidity":47.15,"pressure":1009.86,"temperature":24.68},"name":"mqtt_consumer","tags":{"topic":"arsip/sensor"},"timestamp":"2026-08-06 02:24:54"}
{"fields":{"humidity":47.15,"pressure":1009.86,"temperature":24.68},"name":"mqtt_consumer","tags":{"topic":"arsip/sensor"},"timestamp":"2026-08-06 02:24:57"}
{"fields":{"humidity":47.15,"pressure":1009.86,"temperature":24.68},"name":"mqtt_consumer","tags":{"topic":"arsip/sensor"},"timestamp":"2026-08-06 02:24:58"}
{"fields":{"humidity":47.23,"pressure":1009.83,"temperature":24.64},"name":"mqtt_consumer","tags":{"topic":"arsip/sensor"},"timestamp":"2026-08-06 02:25:01"}
{"fields":{"humidity":47.23,"pressure":1009.83,"temperature":24.64},"name":"mqtt_consumer","tags":{"topic":"arsip/sensor"},"timestamp":"2026-08-06 02:25:02"}
{"fields":{"humidity":47.23,"pressure":1009.83,"temperature":24.64},"name":"mqtt_consumer","tags":{"topic":"arsip/sensor"},"timestamp":"2026-08-06 02:25:05"}
{"fields":{"humidity":47.23,"pressure":1009.83,"temperature":24.64},"name":"mqtt_consumer","tags":{"topic":"arsip/sensor"},"timestamp":"2026-08-06 02:25:06"}
{"fields":{"humidity":47.23,"pressure":1009.83,"temperature":24.64},"name":"mqtt_consumer","tags":{"topic":"arsip/sensor"},"timestamp":"2026-08-06 02:25:09"}
{"fields":{"humidity":47.23,"pressure":1009.83,"temperature":24.64},"name":"mqtt_consumer","tags":{"topic":"arsip/sensor"},"timestamp":"2026-08-06 02:25:10"}
{"fields":{"humidity":47.23,"pressure":1009.83,"temperature":24.64},"name":"mqtt_consumer","tags":{"topic":"arsip/sensor"},"timestamp":"2026-08-06 02:25:13"}
{"fields":{"humidity":47.23,"pressure":1009.83,"temperature":24.64},"name":"mqtt_consumer","tags":{"topic":"arsip/sensor"},"timestamp":"2026-08-06 02:25:14"}
{"fields":{"humidity":47.23,"pressure":1009.83,"temperature":24.64},"name":"mqtt_consumer","tags":{"topic":"arsip/sensor"},"timestamp":"2026-08-06 02:25:17"}
{"fields":{"humidity":47.23,"pressure":1009.83,"temperature":24.64},"name":"mqtt_consumer","tags":{"topic":"arsip/sensor"},"timestamp":"2026-08-06 02:25:18"}
{"fields":{"humidity":47.23,"pressure":1009.83,"temperature":24.64},"name":"mqtt_consumer","tags":{"topic":"arsip/sensor"},"timestamp":"2026-08-06 02:25:21"}
{"fields":{"humidity":47.23,"pressure":1009.83,"temperature":24.64},"name":"mqtt_consumer","tags":{"topic":"arsip/sensor"},"timestamp":"2026-08-06 02:25:22"}
{"fields":{"humidity":47.23,"pressure":1009.83,"temperature":24.64},"name":"mqtt_consumer","tags":{"topic":"arsip/sensor"},"timestamp":"2026-08-06 02:25:25"}
{"fields":{"humidity":47.23,"pressure":1009.83,"temperature":24.64},"name":"mqtt_consumer","tags":{"topic":"arsip/sensor"},"timestamp":"2026-08-06 02:25:26"}
{"fields":{"humidity":47.23,"pressure":1009.83,"temperature":24.64},"name":"mqtt_consumer","tags":{"topic":"arsip/sensor"},"timestamp":"2026-08-06 02:25:29"}
{"fields":{"humidity":47.23,"pressure":1009.83,"temperature":24.64},"name":"mqtt_consumer","tags":{"topic":"arsip/sensor"},"timestamp":"2026-08-06 02:25:30"}
{"fields":{"humidity":47.8,"pressure":1009.94,"temperature":24.75},"name":"mqtt_consumer","tags":{"topic":"arsip/sensor"},"timestamp":"2026-08-06 02:25:33"}
{"fields":{"humidity":47.8,"pressure":1009.94,"temperature":24.75},"name":"mqtt_consumer","tags":{"topic":"arsip/sensor"},"timestamp":"2026-08-06 02:25:34"}
{"fields":{"humidity":47.8,"pressure":1009.94,"temperature":24.75},"name":"mqtt_consumer","tags":{"topic":"arsip/sensor"},"timestamp":"2026-08-06 02:25:37"}
{"fields":{"humidity":47.8,"pressure":1009.94,"temperature":24.75},"name":"mqtt_consumer","tags":{"topic":"arsip/sensor"},"timestamp":"2026-08-06 02:25:38"}
{"fields":{"humidity":47.8,"pressure":1009.94,"temperature":24.75},"name":"mqtt_consumer","tags":{"topic":"arsip/sensor"},"timestamp":"2026-08-06 02:25:41"}
{"fields":{"humidity":47.8,"pressure":1009.94,"temperature":24.75},"name":"mqtt_consumer","tags":{"topic":"arsip/sensor"},"timestamp":"2026-08-06 02:25:42"}
{"fields":{"humidity":47.8,"pressure":1009.94,"temperature":24.75},"name":"mqtt_consumer","tags":{"topic":"arsip/sensor"},"timestamp":"2026-08-06 02:25:45"}
{"fields":{"humidity":47.8,"pressure":1009.94,"temperature":24.75},"name":"mqtt_consumer","tags":{"topic":"arsip/sensor"},"timestamp":"2026-08-06 02:25:46"}
{"fields":{"humidity":47.8,"pressure":1009.94,"temperature":24.75},"name":"mqtt_consumer","tags":{"topic":"arsip/sensor"},"timestamp":"2026-08-06 02:25:49"}
{"fields":{"humidity":47.8,"pressure":1009.94,"temperature":24.75},"name":"mqtt_consumer","tags":{"topic":"arsip/sensor"},"timestamp":"2026-08-06 02:25:50"}
{"fields":{"humidity":47.8,"pressure":1009.94,"temperature":24.75},"name":"mqtt_consumer","tags":{"topic":"arsip/sensor"},"timestamp":"2026-08-06 02:25:53"}
{"fields":{"humidity":47.8,"pressure":1009.94,"temperature":24.75},"name":"mqtt_consumer","tags":{"topic":"arsip/sensor"},"timestamp":"2026-08-06 02:25:54"}
{"fields":{"humidity":47.8,"pressure":1009.94,"temperature":24.75},"name":"mqtt_consumer","tags":{"topic":"arsip/sensor"},"timestamp":"2026-08-06 02:25:57"}
{"fields":{"humidity":47.8,"pressure":1009.94,"temperature":24.75},"name":"mqtt_consumer","tags":{"topic":"arsip/sensor"},"timestamp":"2026-08-06 02:25:58"}
{"fields":{"humidity":47.33,"pressure":1009.94,"temperature":24.72},"name":"mqtt_consumer","tags":{"topic":"arsip/sensor"},"timestamp":"2026-08-06 02:26:01"}
{"fields":{"humidity":47.33,"pressure":1009.94,"temperature":24.72},"name":"mqtt_consumer","tags":{"topic":"arsip/sensor"},"timestamp":"2026-08-06 02:26:02"}
{"fields":{"humidity":47.33,"pressure":1009.94,"temperature":24.72},"name":"mqtt_consumer","tags":{"topic":"arsip/sensor"},"timestamp":"2026-08-06 02:26:05"}
{"fields":{"humidity":47.33,"pressure":1009.94,"temperature":24.72},"name":"mqtt_consumer","tags":{"topic":"arsip/sensor"},"timestamp":"2026-08-06 02:26:06"}
{"fields":{"humidity":47.33,"pressure":1009.94,"temperature":24.72},"name":"mqtt_consumer","tags":{"topic":"arsip/sensor"},"timestamp":"2026-08-06 02:26:09"}
{"fields":{"humidity":47.33,"pressure":1009.94,"temperature":24.72},"name":"mqtt_consumer","tags":{"topic":"arsip/sensor"},"timestamp":"2026-08-06 02:26:10"}
{"fields":{"humidity":47.33,"pressure":1009.94,"temperature":24.72},"name":"mqtt_consumer","tags":{"topic":"arsip/sensor"},"timestamp":"2026-08-06 02:26:13"}
{"fields":{"humidity":47.33,"pressure":1009.94,"temperature":24.72},"name":"mqtt_consumer","tags":{"topic":"arsip/sensor"},"timestamp":"2026-08-06 02:26:14"}
{"fields":{"humidity":47.33,"pressure":1009.94,"temperature":24.72},"name":"mqtt_consumer","tags":{"topic":"arsip/sensor"},"timestamp":"2026-08-06 02:26:17"}
{"fields":{"humidity":47.33,"pressure":1009.94,"temperature":24.72},"name":"mqtt_consumer","tags":{"topic":"arsip/sensor"},"timestamp":"2026-08-06 02:26:18"}
{"fields":{"humidity":47.33,"pressure":1009.94,"temperature":24.72},"name":"mqtt_consumer","tags":{"topic":"arsip/sensor"},"timestamp":"2026-08-06 02:26:21"}
{"fields":{"humidity":47.33,"pressure":1009.94,"temperature":24.72},"name":"mqtt_consumer","tags":{"topic":"arsip/sensor"},"timestamp":"2026-08-06 02:26:22"}
{"fields":{"humidity":47.33,"pressure":1009.94,"temperature":24.72},"name":"mqtt_consumer","tags":{"topic":"arsip/sensor"},"timestamp":"2026-08-06 02:26:25"}
{"fields":{"humidity":47.33,"pressure":1009.94,"temperature":24.72},"name":"mqtt_consumer","tags":{"topic":"arsip/sensor"},"timestamp":"2026-08-06 02:26:26"}
{"fields":{"humidity":47.33,"pressure":1009.94,"temperature":24.72},"name":"mqtt_consumer","tags":{"topic":"arsip/sensor"},"timestamp":"2026-08-06 02:26:29"}
{"fields":{"humidity":47.33,"pressure":1009.94,"temperature":24.72},"name":"mqtt_consumer","tags":{"topic":"arsip/sensor"},"timestamp":"2026-08-06 02:26:30"}
{"fields":{"humidity":47.27,"pressure":1009.95,"temperature":24.66},"name":"mqtt_consumer","tags":{"topic":"arsip/sensor"},"timestamp":"2026-08-06 02:26:33"}
{"fields":{"humidity":47.27,"pressure":1009.95,"temperature":24.66},"name":"mqtt_consumer","tags":{"topic":"arsip/sensor"},"timestamp":"2026-08-06 02:26:34"}
{"fields":{"humidity":47.27,"pressure":1009.95,"temperature":24.66},"name":"mqtt_consumer","tags":{"topic":"arsip/sensor"},"timestamp":"2026-08-06 02:26:37"}
{"fields":{"humidity":47.27,"pressure":1009.95,"temperature":24.66},"name":"mqtt_consumer","tags":{"topic":"arsip/sensor"},"timestamp":"2026-08-06 02:26:38"}
{"fields":{"humidity":47.27,"pressure":1009.95,"temperature":24.66},"name":"mqtt_consumer","tags":{"topic":"arsip/sensor"},"timestamp":"2026-08-06 02:26:41"}
{"fields":{"humidity":47.27,"pressure":1009.95,"temperature":24.66},"name":"mqtt_consumer","tags":{"topic":"arsip/sensor"},"timestamp":"2026-08-06 02:26:42"}
{"fields":{"humidity":47.27,"pressure":1009.95,"temperature":24.66},"name":"mqtt_consumer","tags":{"topic":"arsip/sensor"},"timestamp":"2026-08-06 02:26:45"}
{"fields":{"humidity":47.27,"pressure":1009.95,"temperature":24.66},"name":"mqtt_consumer","tags":{"topic":"arsip/sensor"},"timestamp":"2026-08-06 02:26:46"}
{"fields":{"humidity":47.27,"pressure":1009.95,"temperature":24.66},"name":"mqtt_consumer","tags":{"topic":"arsip/sensor"},"timestamp":"2026-08-06 02:26:49"}
{"fields":{"humidity":47.27,"pressure":1009.95,"temperature":24.66},"name":"mqtt_consumer","tags":{"topic":"arsip/sensor"},"timestamp":"2026-08-06 02:26:50"}
{"fields":{"humidity":47.27,"pressure":1009.95,"temperature":24.66},"name":"mqtt_consumer","tags":{"topic":"arsip/sensor"},"timestamp":"2026-08-06 02:26:53"}
{"fields":{"humidity":47.27,"pressure":1009.95,"temperature":24.66},"name":"mqtt_consumer","tags":{"topic":"arsip/sensor"},"timestamp":"2026-08-06 02:26:54"}
{"fields":{"humidity":47.27,"pressure":1009.95,"temperature":24.66},"name":"mqtt_consumer","tags":{"topic":"arsip/sensor"},"timestamp":"2026-08-06 02:26:57"}
{"fields":{"humidity":47.27,"pressure":1009.95,"temperature":24.66},"name":"mqtt_consumer","tags":{"topic":"arsip/sensor"},"timestamp":"2026-08-06 02:26:58"}
{"fields":{"humidity":47.48,"pressure":1009.95,"temperature":24.66},"name":"mqtt_consumer","tags":{"topic":"arsip/sensor"},"timestamp":"2026-08-06 02:27:01"}
{"fields":{"humidity":47.48,"pressure":1009.95,"temperature":24.66},"name":"mqtt_consumer","tags":{"topic":"arsip/sensor"},"timestamp":"2026-08-06 02:27:02"}
{"fields":{"humidity":47.48,"pressure":1009.95,"temperature":24.66},"name":"mqtt_consumer","tags":{"topic":"arsip/sensor"},"timestamp":"2026-08-06 02:27:05"}
{"fields":{"humidity":47.48,"pressure":1009.95,"temperature":24.66},"name":"mqtt_consumer","tags":{"topic":"arsip/sensor"},"timestamp":"2026-08-06 02:27:06"}
{"fields":{"humidity":47.48,"pressure":1009.95,"temperature":24.66},"name":"mqtt_consumer","tags":{"topic":"arsip/sensor"},"timestamp":"2026-08-06 02:27:09"}
{"fields":{"humidity":47.48,"pressure":1009.95,"temperature":24.66},"name":"mqtt_consumer","tags":{"topic":"arsip/sensor"},"timestamp":"2026-08-06 02:27:10"}
{"fields":{"humidity":47.48,"pressure":1009.95,"temperature":24.66},"name":"mqtt_consumer","tags":{"topic":"arsip/sensor"},"timestamp":"2026-08-06 02:27:13"}
{"fields":{"humidity":47.48,"pressure":1009.95,"temperature":24.66},"name":"mqtt_consumer","tags":{"topic":"arsip/sensor"},"timestamp":"2026-08-06 02:27:14"}
{"fields":{"humidity":47.48,"pressure":1009.95,"temperature":24.66},"name":"mqtt_consumer","tags":{"topic":"arsip/sensor"},"timestamp":"2026-08-06 02:27:17"}
{"fields":{"humidity":47.48,"pressure":1009.95,"temperature":24.66},"name":"mqtt_consumer","tags":{"topic":"arsip/sensor"},"timestamp":"2026-08-06 02:27:18"}
{"fields":{"humidity":47.48,"pressure":1009.95,"temperature":24.66},"name":"mqtt_consumer","tags":{"topic":"arsip/sensor"},"timestamp":"2026-08-06 02:27:21"}
{"fields":{"humidity":47.48,"pressure":1009.95,"temperature":24.66},"name":"mqtt_consumer","tags":{"topic":"arsip/sensor"},"timestamp":"2026-08-06 02:27:22"}
{"fields":{"humidity":47.48,"pressure":1009.95,"temperature":24.66},"name":"mqtt_consumer","tags":{"topic":"arsip/sensor"},"timestamp":"2026-08-06 02:27:25"}
{"fields":{"humidity":47.48,"pressure":1009.95,"temperature":24.66},"name":"mqtt_consumer","tags":{"topic":"arsip/sensor"},"timestamp":"2026-08-06 02:27:26"}
{"fields":{"humidity":47.48,"pressure":1009.95,"temperature":24.66},"name":"mqtt_consumer","tags":{"topic":"arsip/sensor"},"timestamp":"2026-08-06 02:27:29"}
{"fields":{"humidity":47.48,"pressure":1009.95,"temperature":24.66},"name":"mqtt_consumer","tags":{"topic":"arsip/sensor"},"timestamp":"2026-08-06 02:27:30"}
{"fields":{"humidity":47.89,"pressure":1009.88,"temperature":24.7},"name":"mqtt_consumer","tags":{"topic":"arsip/sensor"},"timestamp":"2026-08-06 02:27:33"}
{"fields":{"humidity":47.89,"pressure":1009.88,"temperature":24.7},"name":"mqtt_consumer","tags":{"topic":"arsip/sensor"},"timestamp":"2026-08-06 02:27:35"}
{"fields":{"humidity":47.89,"pressure":1009.88,"temperature":24.7},"name":"mqtt_consumer","tags":{"topic":"arsip/sensor"},"timestamp":"2026-08-06 02:27:37"}
{"fields":{"humidity":47.89,"pressure":1009.88,"temperature":24.7},"name":"mqtt_consumer","tags":{"topic":"arsip/sensor"},"timestamp":"2026-08-06 02:27:38"}
{"fields":{"humidity":47.89,"pressure":1009.88,"temperature":24.7},"name":"mqtt_consumer","tags":{"topic":"arsip/sensor"},"timestamp":"2026-08-06 02:27:41"}
{"fields":{"humidity":47.89,"pressure":1009.88,"temperature":24.7},"name":"mqtt_consumer","tags":{"topic":"arsip/sensor"},"timestamp":"2026-08-06 02:27:42"}
{"fields":{"humidity":47.89,"pressure":1009.88,"temperature":24.7},"name":"mqtt_consumer","tags":{"topic":"arsip/sensor"},"timestamp":"2026-08-06 02:27:45"}
{"fields":{"humidity":47.89,"pressure":1009.88,"temperature":24.7},"name":"mqtt_consumer","tags":{"topic":"arsip/sensor"},"timestamp":"2026-08-06 02:27:46"}
{"fields":{"humidity":47.89,"pressure":1009.88,"temperature":24.7},"name":"mqtt_consumer","tags":{"topic":"arsip/sensor"},"timestamp":"2026-08-06 02:27:49"}
{"fields":{"humidity":47.89,"pressure":1009.88,"temperature":24.7},"name":"mqtt_consumer","tags":{"topic":"arsip/sensor"},"timestamp":"2026-08-06 02:27:50"}
{"fields":{"humidity":47.89,"pressure":1009.88,"temperature":24.7},"name":"mqtt_consumer","tags":{"topic":"arsip/sensor"},"timestamp":"2026-08-06 02:27:54"}
{"fields":{"humidity":47.89,"pressure":1009.88,"temperature":24.7},"name":"mqtt_consumer","tags":{"topic":"arsip/sensor"},"timestamp":"2026-08-06 02:27:54"}
{"fields":{"humidity":47.89,"pressure":1009.88,"temperature":24.7},"name":"mqtt_consumer","tags":{"topic":"arsip/sensor"},"timestamp":"2026-08-06 02:27:57"}
{"fields":{"humidity":47.89,"pressure":1009.88,"temperature":24.7},"name":"mqtt_consumer","tags":{"topic":"arsip/sensor"},"timestamp":"2026-08-06 02:27:58"}
{"fields":{"humidity":48.06,"pressure":1009.88,"temperature":24.6},"name":"mqtt_consumer","tags":{"topic":"arsip/sensor"},"timestamp":"2026-08-06 02:28:01"}
{"fields":{"humidity":48.06,"pressure":1009.88,"temperature":24.6},"name":"mqtt_consumer","tags":{"topic":"arsip/sensor"},"timestamp":"2026-08-06 02:28:02"}
{"fields":{"humidity":48.06,"pressure":1009.88,"temperature":24.6},"name":"mqtt_consumer","tags":{"topic":"arsip/sensor"},"timestamp":"2026-08-06 02:28:05"}
{"fields":{"humidity":48.06,"pressure":1009.88,"temperature":24.6},"name":"mqtt_consumer","tags":{"topic":"arsip/sensor"},"timestamp":"2026-08-06 02:28:06"}
{"fields":{"humidity":48.06,"pressure":1009.88,"temperature":24.6},"name":"mqtt_consumer","tags":{"topic":"arsip/sensor"},"timestamp":"2026-08-06 02:28:09"}
{"fields":{"humidity":48.06,"pressure":1009.88,"temperature":24.6},"name":"mqtt_consumer","tags":{"topic":"arsip/sensor"},"timestamp":"2026-08-06 02:28:10"}
{"fields":{"humidity":48.06,"pressure":1009.88,"temperature":24.6},"name":"mqtt_consumer","tags":{"topic":"arsip/sensor"},"timestamp":"2026-08-06 02:28:13"}
{"fields":{"humidity":48.06,"pressure":1009.88,"temperature":24.6},"name":"mqtt_consumer","tags":{"topic":"arsip/sensor"},"timestamp":"2026-08-06 02:28:14"}
{"fields":{"humidity":48.06,"pressure":1009.88,"temperature":24.6},"name":"mqtt_consumer","tags":{"topic":"arsip/sensor"},"timestamp":"2026-08-06 02:28:17"}
{"fields":{"humidity":48.06,"pressure":1009.88,"temperature":24.6},"name":"mqtt_consumer","tags":{"topic":"arsip/sensor"},"timestamp":"2026-08-06 02:28:18"}
{"fields":{"humidity":48.06,"pressure":1009.88,"temperature":24.6},"name":"mqtt_consumer","tags":{"topic":"arsip/sensor"},"timestamp":"2026-08-06 02:28:21"}
{"fields":{"humidity":48.06,"pressure":1009.88,"temperature":24.6},"name":"mqtt_consumer","tags":{"topic":"arsip/sensor"},"timestamp":"2026-08-06 02:28:23"}
{"fields":{"humidity":48.06,"pressure":1009.88,"temperature":24.6},"name":"mqtt_consumer","tags":{"topic":"arsip/sensor"},"timestamp":"2026-08-06 02:28:25"}
{"fields":{"humidity":48.06,"pressure":1009.88,"temperature":24.6},"name":"mqtt_consumer","tags":{"topic":"arsip/sensor"},"timestamp":"2026-08-06 02:28:26"}
{"fields":{"humidity":48.06,"pressure":1009.88,"temperature":24.6},"name":"mqtt_consumer","tags":{"topic":"arsip/sensor"},"timestamp":"2026-08-06 02:28:29"}
{"fields":{"humidity":48.06,"pressure":1009.88,"temperature":24.6},"name":"mqtt_consumer","tags":{"topic":"arsip/sensor"},"timestamp":"2026-08-06 02:28:30"}
{"fields":{"humidity":47.44,"pressure":1009.91,"temperature":24.58},"name":"mqtt_consumer","tags":{"topic":"arsip/sensor"},"timestamp":"2026-08-06 02:28:33"}
{"fields":{"humidity":47.44,"pressure":1009.91,"temperature":24.58},"name":"mqtt_consumer","tags":{"topic":"arsip/sensor"},"timestamp":"2026-08-06 02:28:34"}
{"fields":{"humidity":47.44,"pressure":1009.91,"temperature":24.58},"name":"mqtt_consumer","tags":{"topic":"arsip/sensor"},"timestamp":"2026-08-06 02:28:37"}
{"fields":{"humidity":47.44,"pressure":1009.91,"temperature":24.58},"name":"mqtt_consumer","tags":{"topic":"arsip/sensor"},"timestamp":"2026-08-06 02:28:38"}
{"fields":{"humidity":47.44,"pressure":1009.91,"temperature":24.58},"name":"mqtt_consumer","tags":{"topic":"arsip/sensor"},"timestamp":"2026-08-06 02:28:41"}
{"fields":{"humidity":47.44,"pressure":1009.91,"temperature":24.58},"name":"mqtt_consumer","tags":{"topic":"arsip/sensor"},"timestamp":"2026-08-06 02:28:42"}
{"fields":{"humidity":47.44,"pressure":1009.91,"temperature":24.58},"name":"mqtt_consumer","tags":{"topic":"arsip/sensor"},"timestamp":"2026-08-06 02:28:45"}
{"fields":{"humidity":47.44,"pressure":1009.91,"temperature":24.58},"name":"mqtt_consumer","tags":{"topic":"arsip/sensor"},"timestamp":"2026-08-06 02:28:46"}
{"fields":{"humidity":47.44,"pressure":1009.91,"temperature":24.58},"name":"mqtt_consumer","tags":{"topic":"arsip/sensor"},"timestamp":"2026-08-06 02:28:49"}
{"fields":{"humidity":47.44,"pressure":1009.91,"temperature":24.58},"name":"mqtt_consumer","tags":{"topic":"arsip/sensor"},"timestamp":"2026-08-06 02:28:50"}
{"fields":{"humidity":47.44,"pressure":1009.91,"temperature":24.58},"name":"mqtt_consumer","tags":{"topic":"arsip/sensor"},"timestamp":"2026-08-06 02:28:53"}
{"fields":{"humidity":47.44,"pressure":1009.91,"temperature":24.58},"name":"mqtt_consumer","tags":{"topic":"arsip/sensor"},"timestamp":"2026-08-06 02:28:54"}
{"fields":{"humidity":47.44,"pressure":1009.91,"temperature":24.58},"name":"mqtt_consumer","tags":{"topic":"arsip/sensor"},"timestamp":"2026-08-06 02:28:57"}
{"fields":{"humidity":47.44,"pressure":1009.91,"temperature":24.58},"name":"mqtt_consumer","tags":{"topic":"arsip/sensor"},"timestamp":"2026-08-06 02:28:58"}
{"fields":{"humidity":47.48,"pressure":1009.95,"temperature":24.56},"name":"mqtt_consumer","tags":{"topic":"arsip/sensor"},"timestamp":"2026-08-06 02:29:01"}
{"fields":{"humidity":47.48,"pressure":1009.95,"temperature":24.56},"name":"mqtt_consumer","tags":{"topic":"arsip/sensor"},"timestamp":"2026-08-06 02:29:02"}
{"fields":{"humidity":47.48,"pressure":1009.95,"temperature":24.56},"name":"mqtt_consumer","tags":{"topic":"arsip/sensor"},"timestamp":"2026-08-06 02:29:05"}
{"fields":{"humidity":47.48,"pressure":1009.95,"temperature":24.56},"name":"mqtt_consumer","tags":{"topic":"arsip/sensor"},"timestamp":"2026-08-06 02:29:06"}
{"fields":{"humidity":47.48,"pressure":1009.95,"temperature":24.56},"name":"mqtt_consumer","tags":{"topic":"arsip/sensor"},"timestamp":"2026-08-06 02:29:09"}
{"fields":{"humidity":47.48,"pressure":1009.95,"temperature":24.56},"name":"mqtt_consumer","tags":{"topic":"arsip/sensor"},"timestamp":"2026-08-06 02:29:10"}
{"fields":{"humidity":47.48,"pressure":1009.95,"temperature":24.56},"name":"mqtt_consumer","tags":{"topic":"arsip/sensor"},"timestamp":"2026-08-06 02:29:13"}
{"fields":{"humidity":47.48,"pressure":1009.95,"temperature":24.56},"name":"mqtt_consumer","tags":{"topic":"arsip/sensor"},"timestamp":"2026-08-06 02:29:14"}
{"fields":{"humidity":47.48,"pressure":1009.95,"temperature":24.56},"name":"mqtt_consumer","tags":{"topic":"arsip/sensor"},"timestamp":"2026-08-06 02:29:18"}
{"fields":{"humidity":47.48,"pressure":1009.95,"temperature":24.56},"name":"mqtt_consumer","tags":{"topic":"arsip/sensor"},"timestamp":"2026-08-06 02:29:19"}
{"fields":{"humidity":47.48,"pressure":1009.95,"temperature":24.56},"name":"mqtt_consumer","tags":{"topic":"arsip/sensor"},"timestamp":"2026-08-06 02:29:21"}
{"fields":{"humidity":47.48,"pressure":1009.95,"temperature":24.56},"name":"mqtt_consumer","tags":{"topic":"arsip/sensor"},"timestamp":"2026-08-06 02:29:22"}
{"fields":{"humidity":47.48,"pressure":1009.95,"temperature":24.56},"name":"mqtt_consumer","tags":{"topic":"arsip/sensor"},"timestamp":"2026-08-06 02:29:25"}
{"fields":{"humidity":47.48,"pressure":1009.95,"temperature":24.56},"name":"mqtt_consumer","tags":{"topic":"arsip/sensor"},"timestamp":"2026-08-06 02:29:26"}
{"fields":{"humidity":47.48,"pressure":1009.95,"temperature":24.56},"name":"mqtt_consumer","tags":{"topic":"arsip/sensor"},"timestamp":"2026-08-06 02:29:29"}
{"fields":{"humidity":47.48,"pressure":1009.95,"temperature":24.56},"name":"mqtt_consumer","tags":{"topic":"arsip/sensor"},"timestamp":"2026-08-06 02:29:30"}
{"fields":{"humidity":47.68,"pressure":1009.87,"temperature":24.73},"name":"mqtt_consumer","tags":{"topic":"arsip/sensor"},"timestamp":"2026-08-06 02:29:33"}
{"fields":{"humidity":47.68,"pressure":1009.87,"temperature":24.73},"name":"mqtt_consumer","tags":{"topic":"arsip/sensor"},"timestamp":"2026-08-06 02:29:35"}
{"fields":{"humidity":47.68,"pressure":1009.87,"temperature":24.73},"name":"mqtt_consumer","tags":{"topic":"arsip/sensor"},"timestamp":"2026-08-06 02:29:37"}
{"fields":{"humidity":47.68,"pressure":1009.87,"temperature":24.73},"name":"mqtt_consumer","tags":{"topic":"arsip/sensor"},"timestamp":"2026-08-06 02:29:38"}
{"fields":{"humidity":47.68,"pressure":1009.87,"temperature":24.73},"name":"mqtt_consumer","tags":{"topic":"arsip/sensor"},"timestamp":"2026-08-06 02:29:41"}
{"fields":{"humidity":47.68,"pressure":1009.87,"temperature":24.73},"name":"mqtt_consumer","tags":{"topic":"arsip/sensor"},"timestamp":"2026-08-06 02:29:42"}
{"fields":{"humidity":47.68,"pressure":1009.87,"temperature":24.73},"name":"mqtt_consumer","tags":{"topic":"arsip/sensor"},"timestamp":"2026-08-06 02:29:45"}
{"fields":{"humidity":47.68,"pressure":1009.87,"temperature":24.73},"name":"mqtt_consumer","tags":{"topic":"arsip/sensor"},"timestamp":"2026-08-06 02:29:46"}
{"fields":{"humidity":47.68,"pressure":1009.87,"temperature":24.73},"name":"mqtt_consumer","tags":{"topic":"arsip/sensor"},"timestamp":"2026-08-06 02:29:49"}
{"fields":{"humidity":47.68,"pressure":1009.87,"temperature":24.73},"name":"mqtt_consumer","tags":{"topic":"arsip/sensor"},"timestamp":"2026-08-06 02:29:50"}
{"fields":{"humidity":47.68,"pressure":1009.87,"temperature":24.73},"name":"mqtt_consumer","tags":{"topic":"arsip/sensor"},"timestamp":"2026-08-06 02:29:53"}
{"fields":{"humidity":47.68,"pressure":1009.87,"temperature":24.73},"name":"mqtt_consumer","tags":{"topic":"arsip/sensor"},"timestamp":"2026-08-06 02:29:54"}
{"fields":{"humidity":47.68,"pressure":1009.87,"temperature":24.73},"name":"mqtt_consumer","tags":{"topic":"arsip/sensor"},"timestamp":"2026-08-06 02:29:57"}
{"fields":{"humidity":47.68,"pressure":1009.87,"temperature":24.73},"name":"mqtt_consumer","tags":{"topic":"arsip/sensor"},"timestamp":"2026-08-06 02:29:58"}
{"fields":{"humidity":47.56,"pressure":1009.82,"temperature":24.75},"name":"mqtt_consumer","tags":{"topic":"arsip/sensor"},"timestamp":"2026-08-06 02:30:01"}
{"fields":{"humidity":47.56,"pressure":1009.82,"temperature":24.75},"name":"mqtt_consumer","tags":{"topic":"arsip/sensor"},"timestamp":"2026-08-06 02:30:02"}
{"fields":{"humidity":47.56,"pressure":1009.82,"temperature":24.75},"name":"mqtt_consumer","tags":{"topic":"arsip/sensor"},"timestamp":"2026-08-06 02:30:05"}
{"fields":{"humidity":47.56,"pressure":1009.82,"temperature":24.75},"name":"mqtt_consumer","tags":{"topic":"arsip/sensor"},"timestamp":"2026-08-06 02:30:06"}
{"fields":{"humidity":47.56,"pressure":1009.82,"temperature":24.75},"name":"mqtt_consumer","tags":{"topic":"arsip/sensor"},"timestamp":"2026-08-06 02:30:09"}
{"fields":{"humidity":47.56,"pressure":1009.82,"temperature":24.75},"name":"mqtt_consumer","tags":{"topic":"arsip/sensor"},"timestamp":"2026-08-06 02:30:10"}
{"fields":{"humidity":47.56,"pressure":1009.82,"temperature":24.75},"name":"mqtt_consumer","tags":{"topic":"arsip/sensor"},"timestamp":"2026-08-06 02:30:13"}
{"fields":{"humidity":47.56,"pressure":1009.82,"temperature":24.75},"name":"mqtt_consumer","tags":{"topic":"arsip/sensor"},"timestamp":"2026-08-06 02:30:14"}
{"fields":{"humidity":47.56,"pressure":1009.82,"temperature":24.75},"name":"mqtt_consumer","tags":{"topic":"arsip/sensor"},"timestamp":"2026-08-06 02:30:17"}
{"fields":{"humidity":47.56,"pressure":1009.82,"temperature":24.75},"name":"mqtt_consumer","tags":{"topic":"arsip/sensor"},"timestamp":"2026-08-06 02:30:18"}
{"fields":{"humidity":47.56,"pressure":1009.82,"temperature":24.75},"name":"mqtt_consumer","tags":{"topic":"arsip/sensor"},"timestamp":"2026-08-06 02:30:21"}
{"fields":{"humidity":47.56,"pressure":1009.82,"temperature":24.75},"name":"mqtt_consumer","tags":{"topic":"arsip/sensor"},"timestamp":"2026-08-06 02:30:23"}
{"fields":{"humidity":47.56,"pressure":1009.82,"temperature":24.75},"name":"mqtt_consumer","tags":{"topic":"arsip/sensor"},"timestamp":"2026-08-06 02:30:25"}
{"fields":{"humidity":47.56,"pressure":1009.82,"temperature":24.75},"name":"mqtt_consumer","tags":{"topic":"arsip/sensor"},"timestamp":"2026-08-06 02:30:26"}
{"fields":{"humidity":47.56,"pressure":1009.82,"temperature":24.75},"name":"mqtt_consumer","tags":{"topic":"arsip/sensor"},"timestamp":"2026-08-06 02:30:29"}
{"fields":{"humidity":47.56,"pressure":1009.82,"temperature":24.75},"name":"mqtt_consumer","tags":{"topic":"arsip/sensor"},"timestamp":"2026-08-06 02:30:30"}
{"fields":{"humidity":47.65,"pressure":1009.83,"temperature":24.7},"name":"mqtt_consumer","tags":{"topic":"arsip/sensor"},"timestamp":"2026-08-06 02:30:34"}
{"fields":{"humidity":47.65,"pressure":1009.83,"temperature":24.7},"name":"mqtt_consumer","tags":{"topic":"arsip/sensor"},"timestamp":"2026-08-06 02:30:34"}
{"fields":{"humidity":47.65,"pressure":1009.83,"temperature":24.7},"name":"mqtt_consumer","tags":{"topic":"arsip/sensor"},"timestamp":"2026-08-06 02:30:37"}
{"fields":{"humidity":47.65,"pressure":1009.83,"temperature":24.7},"name":"mqtt_consumer","tags":{"topic":"arsip/sensor"},"timestamp":"2026-08-06 02:30:39"}
{"fields":{"humidity":47.65,"pressure":1009.83,"temperature":24.7},"name":"mqtt_consumer","tags":{"topic":"arsip/sensor"},"timestamp":"2026-08-06 02:30:42"}
{"fields":{"humidity":47.65,"pressure":1009.83,"temperature":24.7},"name":"mqtt_consumer","tags":{"topic":"arsip/sensor"},"timestamp":"2026-08-06 02:30:42"}
{"fields":{"humidity":47.65,"pressure":1009.83,"temperature":24.7},"name":"mqtt_consumer","tags":{"topic":"arsip/sensor"},"timestamp":"2026-08-06 02:30:45"}
{"fields":{"humidity":47.65,"pressure":1009.83,"temperature":24.7},"name":"mqtt_consumer","tags":{"topic":"arsip/sensor"},"timestamp":"2026-08-06 02:30:47"}
{"fields":{"humidity":47.65,"pressure":1009.83,"temperature":24.7},"name":"mqtt_consumer","tags":{"topic":"arsip/sensor"},"timestamp":"2026-08-06 02:30:50"}
{"fields":{"humidity":47.65,"pressure":1009.83,"temperature":24.7},"name":"mqtt_consumer","tags":{"topic":"arsip/sensor"},"timestamp":"2026-08-06 02:30:50"}
{"fields":{"humidity":47.65,"pressure":1009.83,"temperature":24.7},"name":"mqtt_consumer","tags":{"topic":"arsip/sensor"},"timestamp":"2026-08-06 02:30:54"}
{"fields":{"humidity":47.65,"pressure":1009.83,"temperature":24.7},"name":"mqtt_consumer","tags":{"topic":"arsip/sensor"},"timestamp":"2026-08-06 02:30:55"}
{"fields":{"humidity":47.65,"pressure":1009.83,"temperature":24.7},"name":"mqtt_consumer","tags":{"topic":"arsip/sensor"},"timestamp":"2026-08-06 02:30:58"}
{"fields":{"humidity":47.65,"pressure":1009.83,"temperature":24.7},"name":"mqtt_consumer","tags":{"topic":"arsip/sensor"},"timestamp":"2026-08-06 02:30:59"}
{"fields":{"humidity":47.79,"pressure":1009.85,"temperature":24.6},"name":"mqtt_consumer","tags":{"topic":"arsip/sensor"},"timestamp":"2026-08-06 02:31:02"}
{"fields":{"humidity":47.79,"pressure":1009.85,"temperature":24.6},"name":"mqtt_consumer","tags":{"topic":"arsip/sensor"},"timestamp":"2026-08-06 02:31:03"}
{"fields":{"humidity":47.79,"pressure":1009.85,"temperature":24.6},"name":"mqtt_consumer","tags":{"topic":"arsip/sensor"},"timestamp":"2026-08-06 02:31:06"}
{"fields":{"humidity":47.79,"pressure":1009.85,"temperature":24.6},"name":"mqtt_consumer","tags":{"topic":"arsip/sensor"},"timestamp":"2026-08-06 02:31:07"}
{"fields":{"humidity":47.79,"pressure":1009.85,"temperature":24.6},"name":"mqtt_consumer","tags":{"topic":"arsip/sensor"},"timestamp":"2026-08-06 02:31:10"}
{"fields":{"humidity":47.79,"pressure":1009.85,"temperature":24.6},"name":"mqtt_consumer","tags":{"topic":"arsip/sensor"},"timestamp":"2026-08-06 02:31:11"}
{"fields":{"humidity":47.79,"pressure":1009.85,"temperature":24.6},"name":"mqtt_consumer","tags":{"topic":"arsip/sensor"},"timestamp":"2026-08-06 02:31:14"}
{"fields":{"humidity":47.79,"pressure":1009.85,"temperature":24.6},"name":"mqtt_consumer","tags":{"topic":"arsip/sensor"},"timestamp":"2026-08-06 02:31:15"}
{"fields":{"humidity":47.79,"pressure":1009.85,"temperature":24.6},"name":"mqtt_consumer","tags":{"topic":"arsip/sensor"},"timestamp":"2026-08-06 02:31:18"}
{"fields":{"humidity":47.79,"pressure":1009.85,"temperature":24.6},"name":"mqtt_consumer","tags":{"topic":"arsip/sensor"},"timestamp":"2026-08-06 02:31:19"}
{"fields":{"humidity":47.79,"pressure":1009.85,"temperature":24.6},"name":"mqtt_consumer","tags":{"topic":"arsip/sensor"},"timestamp":"2026-08-06 02:31:22"}
{"fields":{"humidity":47.79,"pressure":1009.85,"temperature":24.6},"name":"mqtt_consumer","tags":{"topic":"arsip/sensor"},"timestamp":"2026-08-06 02:31:23"}
{"fields":{"humidity":47.79,"pressure":1009.85,"temperature":24.6},"name":"mqtt_consumer","tags":{"topic":"arsip/sensor"},"timestamp":"2026-08-06 02:31:26"}
{"fields":{"humidity":47.79,"pressure":1009.85,"temperature":24.6},"name":"mqtt_consumer","tags":{"topic":"arsip/sensor"},"timestamp":"2026-08-06 02:31:27"}
{"fields":{"humidity":47.79,"pressure":1009.85,"temperature":24.6},"name":"mqtt_consumer","tags":{"topic":"arsip/sensor"},"timestamp":"2026-08-06 02:31:30"}
{"fields":{"humidity":47.79,"pressure":1009.85,"temperature":24.6},"name":"mqtt_consumer","tags":{"topic":"arsip/sensor"},"timestamp":"2026-08-06 02:31:31"}
{"fields":{"humidity":47.57,"pressure":1009.88,"temperature":24.48},"name":"mqtt_consumer","tags":{"topic":"arsip/sensor"},"timestamp":"2026-08-06 02:31:34"}
{"fields":{"humidity":47.57,"pressure":1009.88,"temperature":24.48},"name":"mqtt_consumer","tags":{"topic":"arsip/sensor"},"timestamp":"2026-08-06 02:31:35"}
{"fields":{"humidity":47.57,"pressure":1009.88,"temperature":24.48},"name":"mqtt_consumer","tags":{"topic":"arsip/sensor"},"timestamp":"2026-08-06 02:31:38"}
{"fields":{"humidity":47.57,"pressure":1009.88,"temperature":24.48},"name":"mqtt_consumer","tags":{"topic":"arsip/sensor"},"timestamp":"2026-08-06 02:31:39"}
{"fields":{"humidity":47.57,"pressure":1009.88,"temperature":24.48},"name":"mqtt_consumer","tags":{"topic":"arsip/sensor"},"timestamp":"2026-08-06 02:31:42"}
{"fields":{"humidity":47.57,"pressure":1009.88,"temperature":24.48},"name":"mqtt_consumer","tags":{"topic":"arsip/sensor"},"timestamp":"2026-08-06 02:31:43"}
{"fields":{"humidity":47.57,"pressure":1009.88,"temperature":24.48},"name":"mqtt_consumer","tags":{"topic":"arsip/sensor"},"timestamp":"2026-08-06 02:31:46"}
{"fields":{"humidity":47.57,"pressure":1009.88,"temperature":24.48},"name":"mqtt_consumer","tags":{"topic":"arsip/sensor"},"timestamp":"2026-08-06 02:31:47"}
{"fields":{"humidity":47.57,"pressure":1009.88,"temperature":24.48},"name":"mqtt_consumer","tags":{"topic":"arsip/sensor"},"timestamp":"2026-08-06 02:31:50"}
{"fields":{"humidity":47.57,"pressure":1009.88,"temperature":24.48},"name":"mqtt_consumer","tags":{"topic":"arsip/sensor"},"timestamp":"2026-08-06 02:31:51"}
{"fields":{"humidity":47.57,"pressure":1009.88,"temperature":24.48},"name":"mqtt_consumer","tags":{"topic":"arsip/sensor"},"timestamp":"2026-08-06 02:31:54"}
{"fields":{"humidity":47.57,"pressure":1009.88,"temperature":24.48},"name":"mqtt_consumer","tags":{"topic":"arsip/sensor"},"timestamp":"2026-08-06 02:31:55"}
{"fields":{"humidity":47.57,"pressure":1009.88,"temperature":24.48},"name":"mqtt_consumer","tags":{"topic":"arsip/sensor"},"timestamp":"2026-08-06 02:31:58"}
{"fields":{"humidity":47.57,"pressure":1009.88,"temperature":24.48},"name":"mqtt_consumer","tags":{"topic":"arsip/sensor"},"timestamp":"2026-08-06 02:31:59"}
{"fields":{"humidity":47.55,"pressure":1009.84,"temperature":24.44},"name":"mqtt_consumer","tags":{"topic":"arsip/sensor"},"timestamp":"2026-08-06 02:32:02"}
{"fields":{"humidity":47.55,"pressure":1009.84,"temperature":24.44},"name":"mqtt_consumer","tags":{"topic":"arsip/sensor"},"timestamp":"2026-08-06 02:32:03"}
{"fields":{"humidity":47.55,"pressure":1009.84,"temperature":24.44},"name":"mqtt_consumer","tags":{"topic":"arsip/sensor"},"timestamp":"2026-08-06 02:32:06"}
{"fields":{"humidity":47.55,"pressure":1009.84,"temperature":24.44},"name":"mqtt_consumer","tags":{"topic":"arsip/sensor"},"timestamp":"2026-08-06 02:32:07"}
{"fields":{"humidity":47.55,"pressure":1009.84,"temperature":24.44},"name":"mqtt_consumer","tags":{"topic":"arsip/sensor"},"timestamp":"2026-08-06 02:32:10"}
{"fields":{"humidity":47.55,"pressure":1009.84,"temperature":24.44},"name":"mqtt_consumer","tags":{"topic":"arsip/sensor"},"timestamp":"2026-08-06 02:32:11"}
{"fields":{"humidity":47.55,"pressure":1009.84,"temperature":24.44},"name":"mqtt_consumer","tags":{"topic":"arsip/sensor"},"timestamp":"2026-08-06 02:32:14"}
{"fields":{"humidity":47.55,"pressure":1009.84,"temperature":24.44},"name":"mqtt_consumer","tags":{"topic":"arsip/sensor"},"timestamp":"2026-08-06 02:32:15"}
{"fields":{"humidity":47.55,"pressure":1009.84,"temperature":24.44},"name":"mqtt_consumer","tags":{"topic":"arsip/sensor"},"timestamp":"2026-08-06 02:32:18"}
{"fields":{"humidity":47.55,"pressure":1009.84,"temperature":24.44},"name":"mqtt_consumer","tags":{"topic":"arsip/sensor"},"timestamp":"2026-08-06 02:32:19"}
{"fields":{"humidity":47.55,"pressure":1009.84,"temperature":24.44},"name":"mqtt_consumer","tags":{"topic":"arsip/sensor"},"timestamp":"2026-08-06 02:32:22"}
{"fields":{"humidity":47.55,"pressure":1009.84,"temperature":24.44},"name":"mqtt_consumer","tags":{"topic":"arsip/sensor"},"timestamp":"2026-08-06 02:32:23"}
{"fields":{"humidity":47.55,"pressure":1009.84,"temperature":24.44},"name":"mqtt_consumer","tags":{"topic":"arsip/sensor"},"timestamp":"2026-08-06 02:32:26"}
{"fields":{"humidity":47.55,"pressure":1009.84,"temperature":24.44},"name":"mqtt_consumer","tags":{"topic":"arsip/sensor"},"timestamp":"2026-08-06 02:32:27"}
{"fields":{"humidity":47.55,"pressure":1009.84,"temperature":24.44},"name":"mqtt_consumer","tags":{"topic":"arsip/sensor"},"timestamp":"2026-08-06 02:32:30"}
{"fields":{"humidity":47.55,"pressure":1009.84,"temperature":24.44},"name":"mqtt_consumer","tags":{"topic":"arsip/sensor"},"timestamp":"2026-08-06 02:32:31"}
{"fields":{"humidity":47.71,"pressure":1009.83,"temperature":24.41},"name":"mqtt_consumer","tags":{"topic":"arsip/sensor"},"timestamp":"2026-08-06 02:32:34"}
{"fields":{"humidity":47.71,"pressure":1009.83,"temperature":24.41},"name":"mqtt_consumer","tags":{"topic":"arsip/sensor"},"timestamp":"2026-08-06 02:32:35"}
{"fields":{"humidity":47.71,"pressure":1009.83,"temperature":24.41},"name":"mqtt_consumer","tags":{"topic":"arsip/sensor"},"timestamp":"2026-08-06 02:32:38"}
{"fields":{"humidity":47.71,"pressure":1009.83,"temperature":24.41},"name":"mqtt_consumer","tags":{"topic":"arsip/sensor"},"timestamp":"2026-08-06 02:32:39"}
{"fields":{"humidity":47.71,"pressure":1009.83,"temperature":24.41},"name":"mqtt_consumer","tags":{"topic":"arsip/sensor"},"timestamp":"2026-08-06 02:32:42"}
{"fields":{"humidity":47.71,"pressure":1009.83,"temperature":24.41},"name":"mqtt_consumer","tags":{"topic":"arsip/sensor"},"timestamp":"2026-08-06 02:32:43"}
{"fields":{"humidity":47.71,"pressure":1009.83,"temperature":24.41},"name":"mqtt_consumer","tags":{"topic":"arsip/sensor"},"timestamp":"2026-08-06 02:32:46"}
{"fields":{"humidity":47.71,"pressure":1009.83,"temperature":24.41},"name":"mqtt_consumer","tags":{"topic":"arsip/sensor"},"timestamp":"2026-08-06 02:32:47"}
{"fields":{"humidity":47.71,"pressure":1009.83,"temperature":24.41},"name":"mqtt_consumer","tags":{"topic":"arsip/sensor"},"timestamp":"2026-08-06 02:32:50"}
{"fields":{"humidity":47.71,"pressure":1009.83,"temperature":24.41},"name":"mqtt_consumer","tags":{"topic":"arsip/sensor"},"timestamp":"2026-08-06 02:32:51"}
{"fields":{"humidity":47.71,"pressure":1009.83,"temperature":24.41},"name":"mqtt_consumer","tags":{"topic":"arsip/sensor"},"timestamp":"2026-08-06 02:32:54"}
{"fields":{"humidity":47.71,"pressure":1009.83,"temperature":24.41},"name":"mqtt_consumer","tags":{"topic":"arsip/sensor"},"timestamp":"2026-08-06 02:32:55"}
{"fields":{"humidity":47.71,"pressure":1009.83,"temperature":24.41},"name":"mqtt_consumer","tags":{"topic":"arsip/sensor"},"timestamp":"2026-08-06 02:32:58"}
{"fields":{"humidity":47.71,"pressure":1009.83,"temperature":24.41},"name":"mqtt_consumer","tags":{"topic":"arsip/sensor"},"timestamp":"2026-08-06 02:32:59"}
{"fields":{"humidity":47.61,"pressure":1009.87,"temperature":24.51},"name":"mqtt_consumer","tags":{"topic":"arsip/sensor"},"timestamp":"2026-08-06 02:33:02"}
{"fields":{"humidity":47.61,"pressure":1009.87,"temperature":24.51},"name":"mqtt_consumer","tags":{"topic":"arsip/sensor"},"timestamp":"2026-08-06 02:33:03"}
{"fields":{"humidity":47.61,"pressure":1009.87,"temperature":24.51},"name":"mqtt_consumer","tags":{"topic":"arsip/sensor"},"timestamp":"2026-08-06 02:33:06"}
{"fields":{"humidity":47.61,"pressure":1009.87,"temperature":24.51},"name":"mqtt_consumer","tags":{"topic":"arsip/sensor"},"timestamp":"2026-08-06 02:33:07"}
{"fields":{"humidity":47.61,"pressure":1009.87,"temperature":24.51},"name":"mqtt_consumer","tags":{"topic":"arsip/sensor"},"timestamp":"2026-08-06 02:33:10"}
{"fields":{"humidity":47.61,"pressure":1009.87,"temperature":24.51},"name":"mqtt_consumer","tags":{"topic":"arsip/sensor"},"timestamp":"2026-08-06 02:33:11"}
{"fields":{"humidity":47.61,"pressure":1009.87,"temperature":24.51},"name":"mqtt_consumer","tags":{"topic":"arsip/sensor"},"timestamp":"2026-08-06 02:33:14"}
{"fields":{"humidity":47.61,"pressure":1009.87,"temperature":24.51},"name":"mqtt_consumer","tags":{"topic":"arsip/sensor"},"timestamp":"2026-08-06 02:33:15"}
{"fields":{"humidity":47.61,"pressure":1009.87,"temperature":24.51},"name":"mqtt_consumer","tags":{"topic":"arsip/sensor"},"timestamp":"2026-08-06 02:33:18"}
{"fields":{"humidity":47.61,"pressure":1009.87,"temperature":24.51},"name":"mqtt_consumer","tags":{"topic":"arsip/sensor"},"timestamp":"2026-08-06 02:33:19"}
{"fields":{"humidity":47.61,"pressure":1009.87,"temperature":24.51},"name":"mqtt_consumer","tags":{"topic":"arsip/sensor"},"timestamp":"2026-08-06 02:33:22"}
{"fields":{"humidity":47.61,"pressure":1009.87,"temperature":24.51},"name":"mqtt_consumer","tags":{"topic":"arsip/sensor"},"timestamp":"2026-08-06 02:33:23"}
{"fields":{"humidity":47.61,"pressure":1009.87,"temperature":24.51},"name":"mqtt_consumer","tags":{"topic":"arsip/sensor"},"timestamp":"2026-08-06 02:33:26"}
{"fields":{"humidity":47.61,"pressure":1009.87,"temperature":24.51},"name":"mqtt_consumer","tags":{"topic":"arsip/sensor"},"timestamp":"2026-08-06 02:33:27"}
{"fields":{"humidity":47.61,"pressure":1009.87,"temperature":24.51},"name":"mqtt_consumer","tags":{"topic":"arsip/sensor"},"timestamp":"2026-08-06 02:33:30"}
{"fields":{"humidity":47.61,"pressure":1009.87,"temperature":24.51},"name":"mqtt_consumer","tags":{"topic":"arsip/sensor"},"timestamp":"2026-08-06 02:33:31"}
{"fields":{"humidity":47.31,"pressure":1009.85,"temperature":24.48},"name":"mqtt_consumer","tags":{"topic":"arsip/sensor"},"timestamp":"2026-08-06 02:33:34"}
{"fields":{"humidity":47.31,"pressure":1009.85,"temperature":24.48},"name":"mqtt_consumer","tags":{"topic":"arsip/sensor"},"timestamp":"2026-08-06 02:33:35"}
{"fields":{"humidity":47.31,"pressure":1009.85,"temperature":24.48},"name":"mqtt_consumer","tags":{"topic":"arsip/sensor"},"timestamp":"2026-08-06 02:33:38"}
{"fields":{"humidity":47.31,"pressure":1009.85,"temperature":24.48},"name":"mqtt_consumer","tags":{"topic":"arsip/sensor"},"timestamp":"2026-08-06 02:33:39"}
{"fields":{"humidity":47.31,"pressure":1009.85,"temperature":24.48},"name":"mqtt_consumer","tags":{"topic":"arsip/sensor"},"timestamp":"2026-08-06 02:33:42"}
{"fields":{"humidity":47.31,"pressure":1009.85,"temperature":24.48},"name":"mqtt_consumer","tags":{"topic":"arsip/sensor"},"timestamp":"2026-08-06 02:33:43"}
{"fields":{"humidity":47.31,"pressure":1009.85,"temperature":24.48},"name":"mqtt_consumer","tags":{"topic":"arsip/sensor"},"timestamp":"2026-08-06 02:33:46"}
{"fields":{"humidity":47.31,"pressure":1009.85,"temperature":24.48},"name":"mqtt_consumer","tags":{"topic":"arsip/sensor"},"timestamp":"2026-08-06 02:33:47"}
{"fields":{"humidity":47.31,"pressure":1009.85,"temperature":24.48},"name":"mqtt_consumer","tags":{"topic":"arsip/sensor"},"timestamp":"2026-08-06 02:33:50"}
{"fields":{"humidity":47.31,"pressure":1009.85,"temperature":24.48},"name":"mqtt_consumer","tags":{"topic":"arsip/sensor"},"timestamp":"2026-08-06 02:33:51"}
{"fields":{"humidity":47.31,"pressure":1009.85,"temperature":24.48},"name":"mqtt_consumer","tags":{"topic":"arsip/sensor"},"timestamp":"2026-08-06 02:33:54"}
{"fields":{"humidity":47.31,"pressure":1009.85,"temperature":24.48},"name":"mqtt_consumer","tags":{"topic":"arsip/sensor"},"timestamp":"2026-08-06 02:33:55"}
{"fields":{"humidity":47.31,"pressure":1009.85,"temperature":24.48},"name":"mqtt_consumer","tags":{"topic":"arsip/sensor"},"timestamp":"2026-08-06 02:33:58"}
{"fields":{"humidity":47.31,"pressure":1009.85,"temperature":24.48},"name":"mqtt_consumer","tags":{"topic":"arsip/sensor"},"timestamp":"2026-08-06 02:33:59"}
{"fields":{"humidity":47.86,"pressure":1009.83,"temperature":24.5},"name":"mqtt_consumer","tags":{"topic":"arsip/sensor"},"timestamp":"2026-08-06 02:34:02"}
{"fields":{"humidity":47.86,"pressure":1009.83,"temperature":24.5},"name":"mqtt_consumer","tags":{"topic":"arsip/sensor"},"timestamp":"2026-08-06 02:34:03"}
{"fields":{"humidity":47.86,"pressure":1009.83,"temperature":24.5},"name":"mqtt_consumer","tags":{"topic":"arsip/sensor"},"timestamp":"2026-08-06 02:34:06"}
{"fields":{"humidity":47.86,"pressure":1009.83,"temperature":24.5},"name":"mqtt_consumer","tags":{"topic":"arsip/sensor"},"timestamp":"2026-08-06 02:34:07"}
{"fields":{"humidity":47.86,"pressure":1009.83,"temperature":24.5},"name":"mqtt_consumer","tags":{"topic":"arsip/sensor"},"timestamp":"2026-08-06 02:34:10"}
{"fields":{"humidity":47.86,"pressure":1009.83,"temperature":24.5},"name":"mqtt_consumer","tags":{"topic":"arsip/sensor"},"timestamp":"2026-08-06 02:34:11"}
{"fields":{"humidity":46.53,"temperature":26.11},"name":"mqtt_consumer","tags":{"topic":"arsip/sensor_dht11"},"timestamp":"2026-08-06 02:34:14"}
{"fields":{"humidity":47.86,"pressure":1009.83,"temperature":24.5},"name":"mqtt_consumer","tags":{"topic":"arsip/sensor"},"timestamp":"2026-08-06 02:34:14"}
{"fields":{"humidity":47.86,"pressure":1009.83,"temperature":24.5},"name":"mqtt_consumer","tags":{"topic":"arsip/sensor"},"timestamp":"2026-08-06 02:34:15"}
{"fields":{"humidity":47.86,"pressure":1009.83,"temperature":24.5},"name":"mqtt_consumer","tags":{"topic":"arsip/sensor"},"timestamp":"2026-08-06 02:34:18"}
{"fields":{"humidity":47.86,"pressure":1009.83,"temperature":24.5},"name":"mqtt_consumer","tags":{"topic":"arsip/sensor"},"timestamp":"2026-08-06 02:34:19"}
{"fields":{"humidity":47.86,"pressure":1009.83,"temperature":24.5},"name":"mqtt_consumer","tags":{"topic":"arsip/sensor"},"timestamp":"2026-08-06 02:34:22"}
{"fields":{"humidity":47.86,"pressure":1009.83,"temperature":24.5},"name":"mqtt_consumer","tags":{"topic":"arsip/sensor"},"timestamp":"2026-08-06 02:34:23"}
{"fields":{"humidity":47.86,"pressure":1009.83,"temperature":24.5},"name":"mqtt_consumer","tags":{"topic":"arsip/sensor"},"timestamp":"2026-08-06 02:34:26"}
{"fields":{"humidity":47.86,"pressure":1009.83,"temperature":24.5},"name":"mqtt_consumer","tags":{"topic":"arsip/sensor"},"timestamp":"2026-08-06 02:34:27"}
{"fields":{"humidity":47.86,"pressure":1009.83,"temperature":24.5},"name":"mqtt_consumer","tags":{"topic":"arsip/sensor"},"timestamp":"2026-08-06 02:34:30"}
{"fields":{"humidity":47.86,"pressure":1009.83,"temperature":24.5},"name":"mqtt_consumer","tags":{"topic":"arsip/sensor"},"timestamp":"2026-08-06 02:34:31"}
{"fields":{"humidity":47.76,"pressure":1009.85,"temperature":24.46},"name":"mqtt_consumer","tags":{"topic":"arsip/sensor"},"timestamp":"2026-08-06 02:34:34"}
{"fields":{"humidity":47.76,"pressure":1009.85,"temperature":24.46},"name":"mqtt_consumer","tags":{"topic":"arsip/sensor"},"timestamp":"2026-08-06 02:34:35"}
{"fields":{"humidity":47.76,"pressure":1009.85,"temperature":24.46},"name":"mqtt_consumer","tags":{"topic":"arsip/sensor"},"timestamp":"2026-08-06 02:34:38"}
{"fields":{"humidity":47.76,"pressure":1009.85,"temperature":24.46},"name":"mqtt_consumer","tags":{"topic":"arsip/sensor"},"timestamp":"2026-08-06 02:34:39"}
{"fields":{"humidity":47.76,"pressure":1009.85,"temperature":24.46},"name":"mqtt_consumer","tags":{"topic":"arsip/sensor"},"timestamp":"2026-08-06 02:34:42"}
{"fields":{"humidity":47.76,"pressure":1009.85,"temperature":24.46},"name":"mqtt_consumer","tags":{"topic":"arsip/sensor"},"timestamp":"2026-08-06 02:34:43"}
{"fields":{"humidity":46.2,"temperature":26.11},"name":"mqtt_consumer","tags":{"topic":"arsip/sensor_dht11"},"timestamp":"2026-08-06 02:34:44"}
{"fields":{"humidity":47.76,"pressure":1009.85,"temperature":24.46},"name":"mqtt_consumer","tags":{"topic":"arsip/sensor"},"timestamp":"2026-08-06 02:34:46"}
{"fields":{"humidity":47.76,"pressure":1009.85,"temperature":24.46},"name":"mqtt_consumer","tags":{"topic":"arsip/sensor"},"timestamp":"2026-08-06 02:34:47"}
{"fields":{"humidity":47.76,"pressure":1009.85,"temperature":24.46},"name":"mqtt_consumer","tags":{"topic":"arsip/sensor"},"timestamp":"2026-08-06 02:34:50"}
{"fields":{"humidity":47.76,"pressure":1009.85,"temperature":24.46},"name":"mqtt_consumer","tags":{"topic":"arsip/sensor"},"timestamp":"2026-08-06 02:34:51"}
{"fields":{"humidity":47.76,"pressure":1009.85,"temperature":24.46},"name":"mqtt_consumer","tags":{"topic":"arsip/sensor"},"timestamp":"2026-08-06 02:34:54"}
{"fields":{"humidity":47.76,"pressure":1009.85,"temperature":24.46},"name":"mqtt_consumer","tags":{"topic":"arsip/sensor"},"timestamp":"2026-08-06 02:34:55"}
{"fields":{"humidity":47.76,"pressure":1009.85,"temperature":24.46},"name":"mqtt_consumer","tags":{"topic":"arsip/sensor"},"timestamp":"2026-08-06 02:34:58"}
{"fields":{"humidity":47.76,"pressure":1009.85,"temperature":24.46},"name":"mqtt_consumer","tags":{"topic":"arsip/sensor"},"timestamp":"2026-08-06 02:34:59"}
{"fields":{"humidity":48.24,"pressure":1009.79,"temperature":24.46},"name":"mqtt_consumer","tags":{"topic":"arsip/sensor"},"timestamp":"2026-08-06 02:35:02"}
{"fields":{"humidity":48.24,"pressure":1009.79,"temperature":24.46},"name":"mqtt_consumer","tags":{"topic":"arsip/sensor"},"timestamp":"2026-08-06 02:35:03"}
{"fields":{"humidity":48.24,"pressure":1009.79,"temperature":24.46},"name":"mqtt_consumer","tags":{"topic":"arsip/sensor"},"timestamp":"2026-08-06 02:35:06"}
{"fields":{"humidity":48.24,"pressure":1009.79,"temperature":24.46},"name":"mqtt_consumer","tags":{"topic":"arsip/sensor"},"timestamp":"2026-08-06 02:35:07"}
{"fields":{"humidity":48.24,"pressure":1009.79,"temperature":24.46},"name":"mqtt_consumer","tags":{"topic":"arsip/sensor"},"timestamp":"2026-08-06 02:35:10"}
{"fields":{"humidity":48.24,"pressure":1009.79,"temperature":24.46},"name":"mqtt_consumer","tags":{"topic":"arsip/sensor"},"timestamp":"2026-08-06 02:35:11"}
{"fields":{"humidity":46.2,"temperature":26.11},"name":"mqtt_consumer","tags":{"topic":"arsip/sensor_dht11"},"timestamp":"2026-08-06 02:35:14"}
{"fields":{"humidity":48.24,"pressure":1009.79,"temperature":24.46},"name":"mqtt_consumer","tags":{"topic":"arsip/sensor"},"timestamp":"2026-08-06 02:35:14"}
{"fields":{"humidity":48.24,"pressure":1009.79,"temperature":24.46},"name":"mqtt_consumer","tags":{"topic":"arsip/sensor"},"timestamp":"2026-08-06 02:35:15"}
{"fields":{"humidity":48.24,"pressure":1009.79,"temperature":24.46},"name":"mqtt_consumer","tags":{"topic":"arsip/sensor"},"timestamp":"2026-08-06 02:35:18"}
{"fields":{"humidity":48.24,"pressure":1009.79,"temperature":24.46},"name":"mqtt_consumer","tags":{"topic":"arsip/sensor"},"timestamp":"2026-08-06 02:35:19"}
{"fields":{"humidity":48.24,"pressure":1009.79,"temperature":24.46},"name":"mqtt_consumer","tags":{"topic":"arsip/sensor"},"timestamp":"2026-08-06 02:35:22"}
{"fields":{"humidity":48.24,"pressure":1009.79,"temperature":24.46},"name":"mqtt_consumer","tags":{"topic":"arsip/sensor"},"timestamp":"2026-08-06 02:35:23"}
{"fields":{"humidity":48.24,"pressure":1009.79,"temperature":24.46},"name":"mqtt_consumer","tags":{"topic":"arsip/sensor"},"timestamp":"2026-08-06 02:35:26"}
{"fields":{"humidity":48.24,"pressure":1009.79,"temperature":24.46},"name":"mqtt_consumer","tags":{"topic":"arsip/sensor"},"timestamp":"2026-08-06 02:35:27"}
{"fields":{"humidity":48.24,"pressure":1009.79,"temperature":24.46},"name":"mqtt_consumer","tags":{"topic":"arsip/sensor"},"timestamp":"2026-08-06 02:35:30"}
{"fields":{"humidity":48.24,"pressure":1009.79,"temperature":24.46},"name":"mqtt_consumer","tags":{"topic":"arsip/sensor"},"timestamp":"2026-08-06 02:35:31"}
{"fields":{"humidity":48.01,"pressure":1009.84,"temperature":24.54},"name":"mqtt_consumer","tags":{"topic":"arsip/sensor"},"timestamp":"2026-08-06 02:35:34"}
{"fields":{"humidity":48.01,"pressure":1009.84,"temperature":24.54},"name":"mqtt_consumer","tags":{"topic":"arsip/sensor"},"timestamp":"2026-08-06 02:35:35"}
{"fields":{"humidity":48.01,"pressure":1009.84,"temperature":24.54},"name":"mqtt_consumer","tags":{"topic":"arsip/sensor"},"timestamp":"2026-08-06 02:35:38"}
{"fields":{"humidity":48.01,"pressure":1009.84,"temperature":24.54},"name":"mqtt_consumer","tags":{"topic":"arsip/sensor"},"timestamp":"2026-08-06 02:35:39"}
{"fields":{"humidity":48.01,"pressure":1009.84,"temperature":24.54},"name":"mqtt_consumer","tags":{"topic":"arsip/sensor"},"timestamp":"2026-08-06 02:35:42"}
{"fields":{"humidity":48.01,"pressure":1009.84,"temperature":24.54},"name":"mqtt_consumer","tags":{"topic":"arsip/sensor"},"timestamp":"2026-08-06 02:35:43"}
{"fields":{"humidity":46.61,"temperature":26.11},"name":"mqtt_consumer","tags":{"topic":"arsip/sensor_dht11"},"timestamp":"2026-08-06 02:35:44"}
{"fields":{"humidity":48.01,"pressure":1009.84,"temperature":24.54},"name":"mqtt_consumer","tags":{"topic":"arsip/sensor"},"timestamp":"2026-08-06 02:35:46"}
{"fields":{"humidity":48.01,"pressure":1009.84,"temperature":24.54},"name":"mqtt_consumer","tags":{"topic":"arsip/sensor"},"timestamp":"2026-08-06 02:35:47"}
{"fields":{"humidity":48.01,"pressure":1009.84,"temperature":24.54},"name":"mqtt_consumer","tags":{"topic":"arsip/sensor"},"timestamp":"2026-08-06 02:35:50"}
{"fields":{"humidity":48.01,"pressure":1009.84,"temperature":24.54},"name":"mqtt_consumer","tags":{"topic":"arsip/sensor"},"timestamp":"2026-08-06 02:35:51"}
{"fields":{"humidity":48.01,"pressure":1009.84,"temperature":24.54},"name":"mqtt_consumer","tags":{"topic":"arsip/sensor"},"timestamp":"2026-08-06 02:35:54"}
{"fields":{"humidity":48.01,"pressure":1009.84,"temperature":24.54},"name":"mqtt_consumer","tags":{"topic":"arsip/sensor"},"timestamp":"2026-08-06 02:35:55"}
{"fields":{"humidity":48.01,"pressure":1009.84,"temperature":24.54},"name":"mqtt_consumer","tags":{"topic":"arsip/sensor"},"timestamp":"2026-08-06 02:35:58"}
{"fields":{"humidity":46.37,"temperature":26.11},"name":"mqtt_consumer","tags":{"topic":"arsip/sensor_dht11"},"timestamp":"2026-08-06 02:36:14"}
{"fields":{"hum_offset":0,"temp_offset":0},"name":"mqtt_consumer","tags":{"topic":"arsip/config"},"timestamp":"2026-08-06 02:36:32"}
{"fields":{"humidity":47.5,"pressure":1009.85,"temperature":24.46},"name":"mqtt_consumer","tags":{"topic":"arsip/sensor_bme280"},"timestamp":"2026-08-06 02:36:32"}
{"fields":{"humidity":47.5,"pressure":1009.85,"temperature":24.46},"name":"mqtt_consumer","tags":{"topic":"arsip/sensor_bme280"},"timestamp":"2026-08-06 02:36:35"}
{"fields":{"humidity":47.5,"pressure":1009.85,"temperature":24.46},"name":"mqtt_consumer","tags":{"topic":"arsip/sensor_bme280"},"timestamp":"2026-08-06 02:36:36"}
{"fields":{"humidity":47.5,"pressure":1009.85,"temperature":24.46},"name":"mqtt_consumer","tags":{"topic":"arsip/sensor_bme280"},"timestamp":"2026-08-06 02:36:39"}
{"fields":{"humidity":47.5,"pressure":1009.85,"temperature":24.46},"name":"mqtt_consumer","tags":{"topic":"arsip/sensor_bme280"},"timestamp":"2026-08-06 02:36:40"}
{"fields":{"humidity":47.5,"pressure":1009.85,"temperature":24.46},"name":"mqtt_consumer","tags":{"topic":"arsip/sensor_bme280"},"timestamp":"2026-08-06 02:36:43"}
{"fields":{"humidity":46.53,"temperature":26.11},"name":"mqtt_consumer","tags":{"topic":"arsip/sensor_dht11"},"timestamp":"2026-08-06 02:36:44"}
{"fields":{"humidity":47.5,"pressure":1009.85,"temperature":24.46},"name":"mqtt_consumer","tags":{"topic":"arsip/sensor_bme280"},"timestamp":"2026-08-06 02:36:44"}
{"fields":{"humidity":47.5,"pressure":1009.85,"temperature":24.46},"name":"mqtt_consumer","tags":{"topic":"arsip/sensor_bme280"},"timestamp":"2026-08-06 02:36:47"}
{"fields":{"humidity":47.5,"pressure":1009.85,"temperature":24.46},"name":"mqtt_consumer","tags":{"topic":"arsip/sensor_bme280"},"timestamp":"2026-08-06 02:36:48"}
{"fields":{"humidity":47.5,"pressure":1009.85,"temperature":24.46},"name":"mqtt_consumer","tags":{"topic":"arsip/sensor_bme280"},"timestamp":"2026-08-06 02:36:51"}
{"fields":{"humidity":47.5,"pressure":1009.85,"temperature":24.46},"name":"mqtt_consumer","tags":{"topic":"arsip/sensor_bme280"},"timestamp":"2026-08-06 02:36:52"}
{"fields":{"humidity":47.5,"pressure":1009.85,"temperature":24.46},"name":"mqtt_consumer","tags":{"topic":"arsip/sensor_bme280"},"timestamp":"2026-08-06 02:36:55"}
{"fields":{"humidity":47.5,"pressure":1009.85,"temperature":24.46},"name":"mqtt_consumer","tags":{"topic":"arsip/sensor_bme280"},"timestamp":"2026-08-06 02:36:56"}
{"fields":{"humidity":47.41,"pressure":1009.72,"temperature":24.35},"name":"mqtt_consumer","tags":{"topic":"arsip/sensor_bme280"},"timestamp":"2026-08-06 02:36:59"}
{"fields":{"humidity":47.41,"pressure":1009.72,"temperature":24.35},"name":"mqtt_consumer","tags":{"topic":"arsip/sensor_bme280"},"timestamp":"2026-08-06 02:37:00"}
{"fields":{"humidity":47.41,"pressure":1009.72,"temperature":24.35},"name":"mqtt_consumer","tags":{"topic":"arsip/sensor_bme280"},"timestamp":"2026-08-06 02:37:03"}
{"fields":{"humidity":47.41,"pressure":1009.72,"temperature":24.35},"name":"mqtt_consumer","tags":{"topic":"arsip/sensor_bme280"},"timestamp":"2026-08-06 02:37:04"}
{"fields":{"humidity":47.41,"pressure":1009.72,"temperature":24.35},"name":"mqtt_consumer","tags":{"topic":"arsip/sensor_bme280"},"timestamp":"2026-08-06 02:37:07"}
{"fields":{"humidity":47.41,"pressure":1009.72,"temperature":24.35},"name":"mqtt_consumer","tags":{"topic":"arsip/sensor_bme280"},"timestamp":"2026-08-06 02:37:08"}
{"fields":{"humidity":47.41,"pressure":1009.72,"temperature":24.35},"name":"mqtt_consumer","tags":{"topic":"arsip/sensor_bme280"},"timestamp":"2026-08-06 02:37:11"}
{"fields":{"humidity":47.41,"pressure":1009.72,"temperature":24.35},"name":"mqtt_consumer","tags":{"topic":"arsip/sensor_bme280"},"timestamp":"2026-08-06 02:37:12"}
{"fields":{"humidity":46.28,"temperature":26},"name":"mqtt_consumer","tags":{"topic":"arsip/sensor_dht11"},"timestamp":"2026-08-06 02:37:14"}
{"fields":{"humidity":47.41,"pressure":1009.72,"temperature":24.35},"name":"mqtt_consumer","tags":{"topic":"arsip/sensor_bme280"},"timestamp":"2026-08-06 02:37:15"}
{"fields":{"humidity":47.41,"pressure":1009.72,"temperature":24.35},"name":"mqtt_consumer","tags":{"topic":"arsip/sensor_bme280"},"timestamp":"2026-08-06 02:37:16"}
{"fields":{"humidity":47.41,"pressure":1009.72,"temperature":24.35},"name":"mqtt_consumer","tags":{"topic":"arsip/sensor_bme280"},"timestamp":"2026-08-06 02:37:19"}
{"fields":{"humidity":47.41,"pressure":1009.72,"temperature":24.35},"name":"mqtt_consumer","tags":{"topic":"arsip/sensor_bme280"},"timestamp":"2026-08-06 02:37:20"}
{"fields":{"humidity":47.41,"pressure":1009.72,"temperature":24.35},"name":"mqtt_consumer","tags":{"topic":"arsip/sensor_bme280"},"timestamp":"2026-08-06 02:37:23"}
{"fields":{"humidity":47.41,"pressure":1009.72,"temperature":24.35},"name":"mqtt_consumer","tags":{"topic":"arsip/sensor_bme280"},"timestamp":"2026-08-06 02:37:24"}
{"fields":{"humidity":47.41,"pressure":1009.72,"temperature":24.35},"name":"mqtt_consumer","tags":{"topic":"arsip/sensor_bme280"},"timestamp":"2026-08-06 02:37:27"}
{"fields":{"humidity":47.89,"pressure":1009.73,"temperature":24.32},"name":"mqtt_consumer","tags":{"topic":"arsip/sensor_bme280"},"timestamp":"2026-08-06 02:37:28"}
{"fields":{"humidity":47.89,"pressure":1009.73,"temperature":24.32},"name":"mqtt_consumer","tags":{"topic":"arsip/sensor_bme280"},"timestamp":"2026-08-06 02:37:31"}
{"fields":{"humidity":47.89,"pressure":1009.73,"temperature":24.32},"name":"mqtt_consumer","tags":{"topic":"arsip/sensor_bme280"},"timestamp":"2026-08-06 02:37:32"}
{"fields":{"humidity":47.89,"pressure":1009.73,"temperature":24.32},"name":"mqtt_consumer","tags":{"topic":"arsip/sensor_bme280"},"timestamp":"2026-08-06 02:37:35"}
{"fields":{"humidity":47.89,"pressure":1009.73,"temperature":24.32},"name":"mqtt_consumer","tags":{"topic":"arsip/sensor_bme280"},"timestamp":"2026-08-06 02:37:36"}
{"fields":{"humidity":47.89,"pressure":1009.73,"temperature":24.32},"name":"mqtt_consumer","tags":{"topic":"arsip/sensor_bme280"},"timestamp":"2026-08-06 02:37:39"}
{"fields":{"humidity":47.89,"pressure":1009.73,"temperature":24.32},"name":"mqtt_consumer","tags":{"topic":"arsip/sensor_bme280"},"timestamp":"2026-08-06 02:37:40"}
{"fields":{"humidity":47.89,"pressure":1009.73,"temperature":24.32},"name":"mqtt_consumer","tags":{"topic":"arsip/sensor_bme280"},"timestamp":"2026-08-06 02:37:43"}
{"fields":{"humidity":46.37,"temperature":25.79},"name":"mqtt_consumer","tags":{"topic":"arsip/sensor_dht11"},"timestamp":"2026-08-06 02:37:44"}
{"fields":{"humidity":47.89,"pressure":1009.73,"temperature":24.32},"name":"mqtt_consumer","tags":{"topic":"arsip/sensor_bme280"},"timestamp":"2026-08-06 02:37:44"}
{"fields":{"humidity":47.89,"pressure":1009.73,"temperature":24.32},"name":"mqtt_consumer","tags":{"topic":"arsip/sensor_bme280"},"timestamp":"2026-08-06 02:37:47"}
{"fields":{"humidity":47.89,"pressure":1009.73,"temperature":24.32},"name":"mqtt_consumer","tags":{"topic":"arsip/sensor_bme280"},"timestamp":"2026-08-06 02:37:48"}
{"fields":{"humidity":47.89,"pressure":1009.73,"temperature":24.32},"name":"mqtt_consumer","tags":{"topic":"arsip/sensor_bme280"},"timestamp":"2026-08-06 02:37:51"}
{"fields":{"humidity":47.89,"pressure":1009.73,"temperature":24.32},"name":"mqtt_consumer","tags":{"topic":"arsip/sensor_bme280"},"timestamp":"2026-08-06 02:37:52"}
{"fields":{"humidity":47.89,"pressure":1009.73,"temperature":24.32},"name":"mqtt_consumer","tags":{"topic":"arsip/sensor_bme280"},"timestamp":"2026-08-06 02:37:55"}
{"fields":{"humidity":47.89,"pressure":1009.73,"temperature":24.32},"name":"mqtt_consumer","tags":{"topic":"arsip/sensor_bme280"},"timestamp":"2026-08-06 02:37:56"}
{"fields":{"humidity":47.55,"pressure":1009.71,"temperature":24.33},"name":"mqtt_consumer","tags":{"topic":"arsip/sensor_bme280"},"timestamp":"2026-08-06 02:37:59"}
{"fields":{"humidity":47.55,"pressure":1009.71,"temperature":24.33},"name":"mqtt_consumer","tags":{"topic":"arsip/sensor_bme280"},"timestamp":"2026-08-06 02:38:00"}
{"fields":{"humidity":47.55,"pressure":1009.71,"temperature":24.33},"name":"mqtt_consumer","tags":{"topic":"arsip/sensor_bme280"},"timestamp":"2026-08-06 02:38:03"}
{"fields":{"humidity":47.55,"pressure":1009.71,"temperature":24.33},"name":"mqtt_consumer","tags":{"topic":"arsip/sensor_bme280"},"timestamp":"2026-08-06 02:38:04"}
{"fields":{"humidity":47.55,"pressure":1009.71,"temperature":24.33},"name":"mqtt_consumer","tags":{"topic":"arsip/sensor_bme280"},"timestamp":"2026-08-06 02:38:07"}
{"fields":{"humidity":47.55,"pressure":1009.71,"temperature":24.33},"name":"mqtt_consumer","tags":{"topic":"arsip/sensor_bme280"},"timestamp":"2026-08-06 02:38:08"}
{"fields":{"humidity":47.55,"pressure":1009.71,"temperature":24.33},"name":"mqtt_consumer","tags":{"topic":"arsip/sensor_bme280"},"timestamp":"2026-08-06 02:38:11"}
{"fields":{"humidity":47.55,"pressure":1009.71,"temperature":24.33},"name":"mqtt_consumer","tags":{"topic":"arsip/sensor_bme280"},"timestamp":"2026-08-06 02:38:12"}
{"fields":{"humidity":46.77,"temperature":25.68},"name":"mqtt_consumer","tags":{"topic":"arsip/sensor_dht11"},"timestamp":"2026-08-06 02:38:14"}
{"fields":{"humidity":47.55,"pressure":1009.71,"temperature":24.33},"name":"mqtt_consumer","tags":{"topic":"arsip/sensor_bme280"},"timestamp":"2026-08-06 02:38:15"}
{"fields":{"humidity":47.55,"pressure":1009.71,"temperature":24.33},"name":"mqtt_consumer","tags":{"topic":"arsip/sensor_bme280"},"timestamp":"2026-08-06 02:38:16"}
{"fields":{"humidity":47.55,"pressure":1009.71,"temperature":24.33},"name":"mqtt_consumer","tags":{"topic":"arsip/sensor_bme280"},"timestamp":"2026-08-06 02:38:19"}
{"fields":{"humidity":47.55,"pressure":1009.71,"temperature":24.33},"name":"mqtt_consumer","tags":{"topic":"arsip/sensor_bme280"},"timestamp":"2026-08-06 02:38:20"}
{"fields":{"humidity":47.55,"pressure":1009.71,"temperature":24.33},"name":"mqtt_consumer","tags":{"topic":"arsip/sensor_bme280"},"timestamp":"2026-08-06 02:38:23"}
{"fields":{"humidity":47.55,"pressure":1009.71,"temperature":24.33},"name":"mqtt_consumer","tags":{"topic":"arsip/sensor_bme280"},"timestamp":"2026-08-06 02:38:24"}
{"fields":{"humidity":47.55,"pressure":1009.71,"temperature":24.33},"name":"mqtt_consumer","tags":{"topic":"arsip/sensor_bme280"},"timestamp":"2026-08-06 02:38:27"}
{"fields":{"humidity":47.89,"pressure":1009.68,"temperature":24.31},"name":"mqtt_consumer","tags":{"topic":"arsip/sensor_bme280"},"timestamp":"2026-08-06 02:38:28"}
{"fields":{"humidity":47.89,"pressure":1009.68,"temperature":24.31},"name":"mqtt_consumer","tags":{"topic":"arsip/sensor_bme280"},"timestamp":"2026-08-06 02:38:31"}
{"fields":{"humidity":47.89,"pressure":1009.68,"temperature":24.31},"name":"mqtt_consumer","tags":{"topic":"arsip/sensor_bme280"},"timestamp":"2026-08-06 02:38:32"}
{"fields":{"humidity":47.89,"pressure":1009.68,"temperature":24.31},"name":"mqtt_consumer","tags":{"topic":"arsip/sensor_bme280"},"timestamp":"2026-08-06 02:38:35"}
{"fields":{"humidity":47.89,"pressure":1009.68,"temperature":24.31},"name":"mqtt_consumer","tags":{"topic":"arsip/sensor_bme280"},"timestamp":"2026-08-06 02:38:36"}
{"fields":{"humidity":47.89,"pressure":1009.68,"temperature":24.31},"name":"mqtt_consumer","tags":{"topic":"arsip/sensor_bme280"},"timestamp":"2026-08-06 02:38:39"}
{"fields":{"humidity":47.89,"pressure":1009.68,"temperature":24.31},"name":"mqtt_consumer","tags":{"topic":"arsip/sensor_bme280"},"timestamp":"2026-08-06 02:38:40"}
{"fields":{"humidity":47.89,"pressure":1009.68,"temperature":24.31},"name":"mqtt_consumer","tags":{"topic":"arsip/sensor_bme280"},"timestamp":"2026-08-06 02:38:43"}
{"fields":{"humidity":46.85,"temperature":25.68},"name":"mqtt_consumer","tags":{"topic":"arsip/sensor_dht11"},"timestamp":"2026-08-06 02:38:44"}
{"fields":{"humidity":47.89,"pressure":1009.68,"temperature":24.31},"name":"mqtt_consumer","tags":{"topic":"arsip/sensor_bme280"},"timestamp":"2026-08-06 02:38:44"}
{"fields":{"humidity":47.89,"pressure":1009.68,"temperature":24.31},"name":"mqtt_consumer","tags":{"topic":"arsip/sensor_bme280"},"timestamp":"2026-08-06 02:38:47"}
{"fields":{"humidity":47.89,"pressure":1009.68,"temperature":24.31},"name":"mqtt_consumer","tags":{"topic":"arsip/sensor_bme280"},"timestamp":"2026-08-06 02:38:48"}
{"fields":{"humidity":47.89,"pressure":1009.68,"temperature":24.31},"name":"mqtt_consumer","tags":{"topic":"arsip/sensor_bme280"},"timestamp":"2026-08-06 02:38:51"}
{"fields":{"humidity":47.89,"pressure":1009.68,"temperature":24.31},"name":"mqtt_consumer","tags":{"topic":"arsip/sensor_bme280"},"timestamp":"2026-08-06 02:38:52"}
{"fields":{"humidity":47.89,"pressure":1009.68,"temperature":24.31},"name":"mqtt_consumer","tags":{"topic":"arsip/sensor_bme280"},"timestamp":"2026-08-06 02:38:55"}
{"fields":{"humidity":47.89,"pressure":1009.68,"temperature":24.31},"name":"mqtt_consumer","tags":{"topic":"arsip/sensor_bme280"},"timestamp":"2026-08-06 02:38:56"}
{"fields":{"humidity":47.82,"pressure":1009.71,"temperature":24.39},"name":"mqtt_consumer","tags":{"topic":"arsip/sensor_bme280"},"timestamp":"2026-08-06 02:38:59"}
{"fields":{"humidity":47.82,"pressure":1009.71,"temperature":24.39},"name":"mqtt_consumer","tags":{"topic":"arsip/sensor_bme280"},"timestamp":"2026-08-06 02:39:00"}
{"fields":{"humidity":47.82,"pressure":1009.71,"temperature":24.39},"name":"mqtt_consumer","tags":{"topic":"arsip/sensor_bme280"},"timestamp":"2026-08-06 02:39:03"}
{"fields":{"humidity":47.82,"pressure":1009.71,"temperature":24.39},"name":"mqtt_consumer","tags":{"topic":"arsip/sensor_bme280"},"timestamp":"2026-08-06 02:39:04"}
{"fields":{"humidity":47.82,"pressure":1009.71,"temperature":24.39},"name":"mqtt_consumer","tags":{"topic":"arsip/sensor_bme280"},"timestamp":"2026-08-06 02:39:07"}
{"fields":{"humidity":47.82,"pressure":1009.71,"temperature":24.39},"name":"mqtt_consumer","tags":{"topic":"arsip/sensor_bme280"},"timestamp":"2026-08-06 02:39:08"}
{"fields":{"humidity":47.82,"pressure":1009.71,"temperature":24.39},"name":"mqtt_consumer","tags":{"topic":"arsip/sensor_bme280"},"timestamp":"2026-08-06 02:39:11"}
{"fields":{"humidity":47.82,"pressure":1009.71,"temperature":24.39},"name":"mqtt_consumer","tags":{"topic":"arsip/sensor_bme280"},"timestamp":"2026-08-06 02:39:12"}
{"fields":{"humidity":46.85,"temperature":25.68},"name":"mqtt_consumer","tags":{"topic":"arsip/sensor_dht11"},"timestamp":"2026-08-06 02:39:14"}
{"fields":{"humidity":47.82,"pressure":1009.71,"temperature":24.39},"name":"mqtt_consumer","tags":{"topic":"arsip/sensor_bme280"},"timestamp":"2026-08-06 02:39:15"}
{"fields":{"humidity":47.82,"pressure":1009.71,"temperature":24.39},"name":"mqtt_consumer","tags":{"topic":"arsip/sensor_bme280"},"timestamp":"2026-08-06 02:39:16"}
{"fields":{"humidity":47.82,"pressure":1009.71,"temperature":24.39},"name":"mqtt_consumer","tags":{"topic":"arsip/sensor_bme280"},"timestamp":"2026-08-06 02:39:19"}
{"fields":{"humidity":47.82,"pressure":1009.71,"temperature":24.39},"name":"mqtt_consumer","tags":{"topic":"arsip/sensor_bme280"},"timestamp":"2026-08-06 02:39:20"}
{"fields":{"humidity":47.82,"pressure":1009.71,"temperature":24.39},"name":"mqtt_consumer","tags":{"topic":"arsip/sensor_bme280"},"timestamp":"2026-08-06 02:39:23"}
{"fields":{"humidity":47.82,"pressure":1009.71,"temperature":24.39},"name":"mqtt_consumer","tags":{"topic":"arsip/sensor_bme280"},"timestamp":"2026-08-06 02:39:24"}
{"fields":{"humidity":47.82,"pressure":1009.71,"temperature":24.39},"name":"mqtt_consumer","tags":{"topic":"arsip/sensor_bme280"},"timestamp":"2026-08-06 02:39:27"}
{"fields":{"humidity":47.86,"pressure":1009.74,"temperature":24.39},"name":"mqtt_consumer","tags":{"topic":"arsip/sensor_bme280"},"timestamp":"2026-08-06 02:39:28"}
{"fields":{"humidity":47.86,"pressure":1009.74,"temperature":24.39},"name":"mqtt_consumer","tags":{"topic":"arsip/sensor_bme280"},"timestamp":"2026-08-06 02:39:31"}
{"fields":{"humidity":47.86,"pressure":1009.74,"temperature":24.39},"name":"mqtt_consumer","tags":{"topic":"arsip/sensor_bme280"},"timestamp":"2026-08-06 02:39:32"}
{"fields":{"humidity":47.86,"pressure":1009.74,"temperature":24.39},"name":"mqtt_consumer","tags":{"topic":"arsip/sensor_bme280"},"timestamp":"2026-08-06 02:39:35"}
{"fields":{"humidity":47.86,"pressure":1009.74,"temperature":24.39},"name":"mqtt_consumer","tags":{"topic":"arsip/sensor_bme280"},"timestamp":"2026-08-06 02:39:36"}
{"fields":{"humidity":47.86,"pressure":1009.74,"temperature":24.39},"name":"mqtt_consumer","tags":{"topic":"arsip/sensor_bme280"},"timestamp":"2026-08-06 02:39:39"}
{"fields":{"humidity":47.86,"pressure":1009.74,"temperature":24.39},"name":"mqtt_consumer","tags":{"topic":"arsip/sensor_bme280"},"timestamp":"2026-08-06 02:39:40"}
{"fields":{"humidity":47.86,"pressure":1009.74,"temperature":24.39},"name":"mqtt_consumer","tags":{"topic":"arsip/sensor_bme280"},"timestamp":"2026-08-06 02:39:43"}
{"fields":{"humidity":46.61,"temperature":25.79},"name":"mqtt_consumer","tags":{"topic":"arsip/sensor_dht11"},"timestamp":"2026-08-06 02:39:44"}
{"fields":{"humidity":47.86,"pressure":1009.74,"temperature":24.39},"name":"mqtt_consumer","tags":{"topic":"arsip/sensor_bme280"},"timestamp":"2026-08-06 02:39:44"}
{"fields":{"humidity":47.86,"pressure":1009.74,"temperature":24.39},"name":"mqtt_consumer","tags":{"topic":"arsip/sensor_bme280"},"timestamp":"2026-08-06 02:39:47"}
{"fields":{"humidity":47.86,"pressure":1009.74,"temperature":24.39},"name":"mqtt_consumer","tags":{"topic":"arsip/sensor_bme280"},"timestamp":"2026-08-06 02:39:48"}
{"fields":{"humidity":47.86,"pressure":1009.74,"temperature":24.39},"name":"mqtt_consumer","tags":{"topic":"arsip/sensor_bme280"},"timestamp":"2026-08-06 02:39:51"}
{"fields":{"humidity":47.86,"pressure":1009.74,"temperature":24.39},"name":"mqtt_consumer","tags":{"topic":"arsip/sensor_bme280"},"timestamp":"2026-08-06 02:39:52"}
{"fields":{"humidity":47.86,"pressure":1009.74,"temperature":24.39},"name":"mqtt_consumer","tags":{"topic":"arsip/sensor_bme280"},"timestamp":"2026-08-06 02:39:55"}
{"fields":{"humidity":47.86,"pressure":1009.74,"temperature":24.39},"name":"mqtt_consumer","tags":{"topic":"arsip/sensor_bme280"},"timestamp":"2026-08-06 02:39:56"}
{"fields":{"humidity":48.23,"pressure":1009.74,"temperature":24.33},"name":"mqtt_consumer","tags":{"topic":"arsip/sensor_bme280"},"timestamp":"2026-08-06 02:39:59"}
{"fields":{"humidity":48.23,"pressure":1009.74,"temperature":24.33},"name":"mqtt_consumer","tags":{"topic":"arsip/sensor_bme280"},"timestamp":"2026-08-06 02:40:00"}
{"fields":{"humidity":48.23,"pressure":1009.74,"temperature":24.33},"name":"mqtt_consumer","tags":{"topic":"arsip/sensor_bme280"},"timestamp":"2026-08-06 02:40:03"}
{"fields":{"humidity":48.23,"pressure":1009.74,"temperature":24.33},"name":"mqtt_consumer","tags":{"topic":"arsip/sensor_bme280"},"timestamp":"2026-08-06 02:40:04"}
{"fields":{"humidity":48.23,"pressure":1009.74,"temperature":24.33},"name":"mqtt_consumer","tags":{"topic":"arsip/sensor_bme280"},"timestamp":"2026-08-06 02:40:07"}
{"fields":{"humidity":48.23,"pressure":1009.74,"temperature":24.33},"name":"mqtt_consumer","tags":{"topic":"arsip/sensor_bme280"},"timestamp":"2026-08-06 02:40:08"}
{"fields":{"humidity":48.23,"pressure":1009.74,"temperature":24.33},"name":"mqtt_consumer","tags":{"topic":"arsip/sensor_bme280"},"timestamp":"2026-08-06 02:40:11"}
{"fields":{"humidity":48.23,"pressure":1009.74,"temperature":24.33},"name":"mqtt_consumer","tags":{"topic":"arsip/sensor_bme280"},"timestamp":"2026-08-06 02:40:12"}
{"fields":{"humidity":46.69,"temperature":25.79},"name":"mqtt_consumer","tags":{"topic":"arsip/sensor_dht11"},"timestamp":"2026-08-06 02:40:14"}
{"fields":{"humidity":48.23,"pressure":1009.74,"temperature":24.33},"name":"mqtt_consumer","tags":{"topic":"arsip/sensor_bme280"},"timestamp":"2026-08-06 02:40:15"}
{"fields":{"humidity":48.23,"pressure":1009.74,"temperature":24.33},"name":"mqtt_consumer","tags":{"topic":"arsip/sensor_bme280"},"timestamp":"2026-08-06 02:40:16"}
{"fields":{"humidity":48.23,"pressure":1009.74,"temperature":24.33},"name":"mqtt_consumer","tags":{"topic":"arsip/sensor_bme280"},"timestamp":"2026-08-06 02:40:19"}
{"fields":{"humidity":48.23,"pressure":1009.74,"temperature":24.33},"name":"mqtt_consumer","tags":{"topic":"arsip/sensor_bme280"},"timestamp":"2026-08-06 02:40:20"}
{"fields":{"humidity":48.23,"pressure":1009.74,"temperature":24.33},"name":"mqtt_consumer","tags":{"topic":"arsip/sensor_bme280"},"timestamp":"2026-08-06 02:40:23"}
{"fields":{"humidity":48.23,"pressure":1009.74,"temperature":24.33},"name":"mqtt_consumer","tags":{"topic":"arsip/sensor_bme280"},"timestamp":"2026-08-06 02:40:24"}
{"fields":{"humidity":48.23,"pressure":1009.74,"temperature":24.33},"name":"mqtt_consumer","tags":{"topic":"arsip/sensor_bme280"},"timestamp":"2026-08-06 02:40:27"}
{"fields":{"humidity":48.16,"pressure":1009.72,"temperature":24.43},"name":"mqtt_consumer","tags":{"topic":"arsip/sensor_bme280"},"timestamp":"2026-08-06 02:40:28"}
{"fields":{"humidity":48.16,"pressure":1009.72,"temperature":24.43},"name":"mqtt_consumer","tags":{"topic":"arsip/sensor_bme280"},"timestamp":"2026-08-06 02:40:31"}
{"fields":{"humidity":48.16,"pressure":1009.72,"temperature":24.43},"name":"mqtt_consumer","tags":{"topic":"arsip/sensor_bme280"},"timestamp":"2026-08-06 02:40:32"}
{"fields":{"humidity":48.16,"pressure":1009.72,"temperature":24.43},"name":"mqtt_consumer","tags":{"topic":"arsip/sensor_bme280"},"timestamp":"2026-08-06 02:40:35"}
{"fields":{"humidity":48.16,"pressure":1009.72,"temperature":24.43},"name":"mqtt_consumer","tags":{"topic":"arsip/sensor_bme280"},"timestamp":"2026-08-06 02:40:36"}
{"fields":{"humidity":48.16,"pressure":1009.72,"temperature":24.43},"name":"mqtt_consumer","tags":{"topic":"arsip/sensor_bme280"},"timestamp":"2026-08-06 02:40:39"}
{"fields":{"humidity":48.16,"pressure":1009.72,"temperature":24.43},"name":"mqtt_consumer","tags":{"topic":"arsip/sensor_bme280"},"timestamp":"2026-08-06 02:40:40"}
{"fields":{"humidity":48.16,"pressure":1009.72,"temperature":24.43},"name":"mqtt_consumer","tags":{"topic":"arsip/sensor_bme280"},"timestamp":"2026-08-06 02:40:43"}
{"fields":{"humidity":46.85,"temperature":25.79},"name":"mqtt_consumer","tags":{"topic":"arsip/sensor_dht11"},"timestamp":"2026-08-06 02:40:44"}
{"fields":{"humidity":48.16,"pressure":1009.72,"temperature":24.43},"name":"mqtt_consumer","tags":{"topic":"arsip/sensor_bme280"},"timestamp":"2026-08-06 02:40:44"}
{"fields":{"humidity":48.16,"pressure":1009.72,"temperature":24.43},"name":"mqtt_consumer","tags":{"topic":"arsip/sensor_bme280"},"timestamp":"2026-08-06 02:40:47"}
{"fields":{"humidity":48.16,"pressure":1009.72,"temperature":24.43},"name":"mqtt_consumer","tags":{"topic":"arsip/sensor_bme280"},"timestamp":"2026-08-06 02:40:48"}
{"fields":{"humidity":48.16,"pressure":1009.72,"temperature":24.43},"name":"mqtt_consumer","tags":{"topic":"arsip/sensor_bme280"},"timestamp":"2026-08-06 02:40:51"}
{"fields":{"humidity":48.16,"pressure":1009.72,"temperature":24.43},"name":"mqtt_consumer","tags":{"topic":"arsip/sensor_bme280"},"timestamp":"2026-08-06 02:40:52"}
{"fields":{"humidity":48.16,"pressure":1009.72,"temperature":24.43},"name":"mqtt_consumer","tags":{"topic":"arsip/sensor_bme280"},"timestamp":"2026-08-06 02:40:55"}
{"fields":{"humidity":48.16,"pressure":1009.72,"temperature":24.43},"name":"mqtt_consumer","tags":{"topic":"arsip/sensor_bme280"},"timestamp":"2026-08-06 02:40:56"}
{"fields":{"humidity":48.39,"pressure":1009.68,"temperature":24.48},"name":"mqtt_consumer","tags":{"topic":"arsip/sensor_bme280"},"timestamp":"2026-08-06 02:40:59"}
{"fields":{"humidity":48.39,"pressure":1009.68,"temperature":24.48},"name":"mqtt_consumer","tags":{"topic":"arsip/sensor_bme280"},"timestamp":"2026-08-06 02:41:00"}
{"fields":{"humidity":48.39,"pressure":1009.68,"temperature":24.48},"name":"mqtt_consumer","tags":{"topic":"arsip/sensor_bme280"},"timestamp":"2026-08-06 02:41:03"}
{"fields":{"humidity":48.39,"pressure":1009.68,"temperature":24.48},"name":"mqtt_consumer","tags":{"topic":"arsip/sensor_bme280"},"timestamp":"2026-08-06 02:41:04"}
{"fields":{"humidity":48.39,"pressure":1009.68,"temperature":24.48},"name":"mqtt_consumer","tags":{"topic":"arsip/sensor_bme280"},"timestamp":"2026-08-06 02:41:07"}
{"fields":{"humidity":48.39,"pressure":1009.68,"temperature":24.48},"name":"mqtt_consumer","tags":{"topic":"arsip/sensor_bme280"},"timestamp":"2026-08-06 02:41:08"}
{"fields":{"humidity":48.39,"pressure":1009.68,"temperature":24.48},"name":"mqtt_consumer","tags":{"topic":"arsip/sensor_bme280"},"timestamp":"2026-08-06 02:41:11"}
{"fields":{"humidity":48.39,"pressure":1009.68,"temperature":24.48},"name":"mqtt_consumer","tags":{"topic":"arsip/sensor_bme280"},"timestamp":"2026-08-06 02:41:12"}
{"fields":{"humidity":47.18,"temperature":25.89},"name":"mqtt_consumer","tags":{"topic":"arsip/sensor_dht11"},"timestamp":"2026-08-06 02:41:14"}
{"fields":{"humidity":48.39,"pressure":1009.68,"temperature":24.48},"name":"mqtt_consumer","tags":{"topic":"arsip/sensor_bme280"},"timestamp":"2026-08-06 02:41:15"}
{"fields":{"humidity":48.39,"pressure":1009.68,"temperature":24.48},"name":"mqtt_consumer","tags":{"topic":"arsip/sensor_bme280"},"timestamp":"2026-08-06 02:41:16"}
{"fields":{"humidity":48.39,"pressure":1009.68,"temperature":24.48},"name":"mqtt_consumer","tags":{"topic":"arsip/sensor_bme280"},"timestamp":"2026-08-06 02:41:19"}
{"fields":{"humidity":48.39,"pressure":1009.68,"temperature":24.48},"name":"mqtt_consumer","tags":{"topic":"arsip/sensor_bme280"},"timestamp":"2026-08-06 02:41:20"}
{"fields":{"humidity":48.39,"pressure":1009.68,"temperature":24.48},"name":"mqtt_consumer","tags":{"topic":"arsip/sensor_bme280"},"timestamp":"2026-08-06 02:41:23"}
{"fields":{"humidity":48.39,"pressure":1009.68,"temperature":24.48},"name":"mqtt_consumer","tags":{"topic":"arsip/sensor_bme280"},"timestamp":"2026-08-06 02:41:24"}
{"fields":{"humidity":48.39,"pressure":1009.68,"temperature":24.48},"name":"mqtt_consumer","tags":{"topic":"arsip/sensor_bme280"},"timestamp":"2026-08-06 02:41:27"}
{"fields":{"humidity":48.15,"pressure":1009.71,"temperature":24.58},"name":"mqtt_consumer","tags":{"topic":"arsip/sensor_bme280"},"timestamp":"2026-08-06 02:41:28"}
{"fields":{"humidity":48.15,"pressure":1009.71,"temperature":24.58},"name":"mqtt_consumer","tags":{"topic":"arsip/sensor_bme280"},"timestamp":"2026-08-06 02:41:31"}
{"fields":{"humidity":48.15,"pressure":1009.71,"temperature":24.58},"name":"mqtt_consumer","tags":{"topic":"arsip/sensor_bme280"},"timestamp":"2026-08-06 02:41:32"}
{"fields":{"humidity":48.15,"pressure":1009.71,"temperature":24.58},"name":"mqtt_consumer","tags":{"topic":"arsip/sensor_bme280"},"timestamp":"2026-08-06 02:41:35"}
{"fields":{"humidity":48.15,"pressure":1009.71,"temperature":24.58},"name":"mqtt_consumer","tags":{"topic":"arsip/sensor_bme280"},"timestamp":"2026-08-06 02:41:36"}
{"fields":{"humidity":48.15,"pressure":1009.71,"temperature":24.58},"name":"mqtt_consumer","tags":{"topic":"arsip/sensor_bme280"},"timestamp":"2026-08-06 02:41:39"}
{"fields":{"humidity":48.15,"pressure":1009.71,"temperature":24.58},"name":"mqtt_consumer","tags":{"topic":"arsip/sensor_bme280"},"timestamp":"2026-08-06 02:41:40"}
{"fields":{"humidity":48.15,"pressure":1009.71,"temperature":24.58},"name":"mqtt_consumer","tags":{"topic":"arsip/sensor_bme280"},"timestamp":"2026-08-06 02:41:43"}
{"fields":{"humidity":47.42,"temperature":25.89},"name":"mqtt_consumer","tags":{"topic":"arsip/sensor_dht11"},"timestamp":"2026-08-06 02:41:44"}
{"fields":{"humidity":48.15,"pressure":1009.71,"temperature":24.58},"name":"mqtt_consumer","tags":{"topic":"arsip/sensor_bme280"},"timestamp":"2026-08-06 02:41:44"}
{"fields":{"humidity":48.15,"pressure":1009.71,"temperature":24.58},"name":"mqtt_consumer","tags":{"topic":"arsip/sensor_bme280"},"timestamp":"2026-08-06 02:41:47"}
{"fields":{"humidity":48.15,"pressure":1009.71,"temperature":24.58},"name":"mqtt_consumer","tags":{"topic":"arsip/sensor_bme280"},"timestamp":"2026-08-06 02:41:48"}
{"fields":{"humidity":48.15,"pressure":1009.71,"temperature":24.58},"name":"mqtt_consumer","tags":{"topic":"arsip/sensor_bme280"},"timestamp":"2026-08-06 02:41:51"}
{"fields":{"humidity":48.15,"pressure":1009.71,"temperature":24.58},"name":"mqtt_consumer","tags":{"topic":"arsip/sensor_bme280"},"timestamp":"2026-08-06 02:41:52"}
{"fields":{"humidity":48.15,"pressure":1009.71,"temperature":24.58},"name":"mqtt_consumer","tags":{"topic":"arsip/sensor_bme280"},"timestamp":"2026-08-06 02:41:55"}
{"fields":{"humidity":48.15,"pressure":1009.71,"temperature":24.58},"name":"mqtt_consumer","tags":{"topic":"arsip/sensor_bme280"},"timestamp":"2026-08-06 02:41:56"}
{"fields":{"humidity":48.2,"pressure":1009.71,"temperature":24.7},"name":"mqtt_consumer","tags":{"topic":"arsip/sensor_bme280"},"timestamp":"2026-08-06 02:41:59"}
{"fields":{"humidity":48.2,"pressure":1009.71,"temperature":24.7},"name":"mqtt_consumer","tags":{"topic":"arsip/sensor_bme280"},"timestamp":"2026-08-06 02:42:00"}
{"fields":{"humidity":48.2,"pressure":1009.71,"temperature":24.7},"name":"mqtt_consumer","tags":{"topic":"arsip/sensor_bme280"},"timestamp":"2026-08-06 02:42:03"}
{"fields":{"humidity":48.2,"pressure":1009.71,"temperature":24.7},"name":"mqtt_consumer","tags":{"topic":"arsip/sensor_bme280"},"timestamp":"2026-08-06 02:42:04"}
{"fields":{"humidity":48.2,"pressure":1009.71,"temperature":24.7},"name":"mqtt_consumer","tags":{"topic":"arsip/sensor_bme280"},"timestamp":"2026-08-06 02:42:07"}
{"fields":{"humidity":48.2,"pressure":1009.71,"temperature":24.7},"name":"mqtt_consumer","tags":{"topic":"arsip/sensor_bme280"},"timestamp":"2026-08-06 02:42:08"}
{"fields":{"humidity":48.2,"pressure":1009.71,"temperature":24.7},"name":"mqtt_consumer","tags":{"topic":"arsip/sensor_bme280"},"timestamp":"2026-08-06 02:42:11"}
{"fields":{"humidity":48.2,"pressure":1009.71,"temperature":24.7},"name":"mqtt_consumer","tags":{"topic":"arsip/sensor_bme280"},"timestamp":"2026-08-06 02:42:12"}
{"fields":{"humidity":47.58,"temperature":26},"name":"mqtt_consumer","tags":{"topic":"arsip/sensor_dht11"},"timestamp":"2026-08-06 02:42:14"}
{"fields":{"humidity":48.2,"pressure":1009.71,"temperature":24.7},"name":"mqtt_consumer","tags":{"topic":"arsip/sensor_bme280"},"timestamp":"2026-08-06 02:42:15"}
{"fields":{"humidity":48.2,"pressure":1009.71,"temperature":24.7},"name":"mqtt_consumer","tags":{"topic":"arsip/sensor_bme280"},"timestamp":"2026-08-06 02:42:16"}
{"fields":{"humidity":48.2,"pressure":1009.71,"temperature":24.7},"name":"mqtt_consumer","tags":{"topic":"arsip/sensor_bme280"},"timestamp":"2026-08-06 02:42:19"}
{"fields":{"humidity":48.2,"pressure":1009.71,"temperature":24.7},"name":"mqtt_consumer","tags":{"topic":"arsip/sensor_bme280"},"timestamp":"2026-08-06 02:42:20"}
{"fields":{"humidity":48.2,"pressure":1009.71,"temperature":24.7},"name":"mqtt_consumer","tags":{"topic":"arsip/sensor_bme280"},"timestamp":"2026-08-06 02:42:23"}
{"fields":{"humidity":48.2,"pressure":1009.71,"temperature":24.7},"name":"mqtt_consumer","tags":{"topic":"arsip/sensor_bme280"},"timestamp":"2026-08-06 02:42:24"}
{"fields":{"humidity":48.2,"pressure":1009.71,"temperature":24.7},"name":"mqtt_consumer","tags":{"topic":"arsip/sensor_bme280"},"timestamp":"2026-08-06 02:42:27"}
{"fields":{"humidity":48.52,"pressure":1009.72,"temperature":24.7},"name":"mqtt_consumer","tags":{"topic":"arsip/sensor_bme280"},"timestamp":"2026-08-06 02:42:28"}
{"fields":{"humidity":48.52,"pressure":1009.72,"temperature":24.7},"name":"mqtt_consumer","tags":{"topic":"arsip/sensor_bme280"},"timestamp":"2026-08-06 02:42:31"}
{"fields":{"humidity":48.52,"pressure":1009.72,"temperature":24.7},"name":"mqtt_consumer","tags":{"topic":"arsip/sensor_bme280"},"timestamp":"2026-08-06 02:42:32"}
{"fields":{"humidity":48.52,"pressure":1009.72,"temperature":24.7},"name":"mqtt_consumer","tags":{"topic":"arsip/sensor_bme280"},"timestamp":"2026-08-06 02:42:35"}
{"fields":{"humidity":48.52,"pressure":1009.72,"temperature":24.7},"name":"mqtt_consumer","tags":{"topic":"arsip/sensor_bme280"},"timestamp":"2026-08-06 02:42:36"}
{"fields":{"humidity":48.52,"pressure":1009.72,"temperature":24.7},"name":"mqtt_consumer","tags":{"topic":"arsip/sensor_bme280"},"timestamp":"2026-08-06 02:42:39"}
{"fields":{"humidity":48.52,"pressure":1009.72,"temperature":24.7},"name":"mqtt_consumer","tags":{"topic":"arsip/sensor_bme280"},"timestamp":"2026-08-06 02:42:40"}
{"fields":{"humidity":48.52,"pressure":1009.72,"temperature":24.7},"name":"mqtt_consumer","tags":{"topic":"arsip/sensor_bme280"},"timestamp":"2026-08-06 02:42:43"}
{"fields":{"humidity":47.34,"temperature":26.11},"name":"mqtt_consumer","tags":{"topic":"arsip/sensor_dht11"},"timestamp":"2026-08-06 02:42:44"}
{"fields":{"humidity":48.52,"pressure":1009.72,"temperature":24.7},"name":"mqtt_consumer","tags":{"topic":"arsip/sensor_bme280"},"timestamp":"2026-08-06 02:42:44"}
{"fields":{"humidity":48.52,"pressure":1009.72,"temperature":24.7},"name":"mqtt_consumer","tags":{"topic":"arsip/sensor_bme280"},"timestamp":"2026-08-06 02:42:47"}
{"fields":{"humidity":48.52,"pressure":1009.72,"temperature":24.7},"name":"mqtt_consumer","tags":{"topic":"arsip/sensor_bme280"},"timestamp":"2026-08-06 02:42:48"}
{"fields":{"humidity":48.52,"pressure":1009.72,"temperature":24.7},"name":"mqtt_consumer","tags":{"topic":"arsip/sensor_bme280"},"timestamp":"2026-08-06 02:42:51"}
{"fields":{"humidity":48.52,"pressure":1009.72,"temperature":24.7},"name":"mqtt_consumer","tags":{"topic":"arsip/sensor_bme280"},"timestamp":"2026-08-06 02:42:52"}
{"fields":{"humidity":48.52,"pressure":1009.72,"temperature":24.7},"name":"mqtt_consumer","tags":{"topic":"arsip/sensor_bme280"},"timestamp":"2026-08-06 02:42:55"}
{"fields":{"humidity":48.52,"pressure":1009.72,"temperature":24.7},"name":"mqtt_consumer","tags":{"topic":"arsip/sensor_bme280"},"timestamp":"2026-08-06 02:42:56"}
{"fields":{"humidity":48.01,"pressure":1009.69,"temperature":24.67},"name":"mqtt_consumer","tags":{"topic":"arsip/sensor_bme280"},"timestamp":"2026-08-06 02:42:59"}
{"fields":{"humidity":48.01,"pressure":1009.69,"temperature":24.67},"name":"mqtt_consumer","tags":{"topic":"arsip/sensor_bme280"},"timestamp":"2026-08-06 02:43:00"}
{"fields":{"humidity":48.01,"pressure":1009.69,"temperature":24.67},"name":"mqtt_consumer","tags":{"topic":"arsip/sensor_bme280"},"timestamp":"2026-08-06 02:43:03"}
{"fields":{"humidity":48.01,"pressure":1009.69,"temperature":24.67},"name":"mqtt_consumer","tags":{"topic":"arsip/sensor_bme280"},"timestamp":"2026-08-06 02:43:04"}
{"fields":{"humidity":48.01,"pressure":1009.69,"temperature":24.67},"name":"mqtt_consumer","tags":{"topic":"arsip/sensor_bme280"},"timestamp":"2026-08-06 02:43:07"}
{"fields":{"humidity":48.01,"pressure":1009.69,"temperature":24.67},"name":"mqtt_consumer","tags":{"topic":"arsip/sensor_bme280"},"timestamp":"2026-08-06 02:43:08"}
{"fields":{"humidity":48.01,"pressure":1009.69,"temperature":24.67},"name":"mqtt_consumer","tags":{"topic":"arsip/sensor_bme280"},"timestamp":"2026-08-06 02:43:11"}
{"fields":{"humidity":48.01,"pressure":1009.69,"temperature":24.67},"name":"mqtt_consumer","tags":{"topic":"arsip/sensor_bme280"},"timestamp":"2026-08-06 02:43:12"}
{"fields":{"humidity":47.26,"temperature":26.11},"name":"mqtt_consumer","tags":{"topic":"arsip/sensor_dht11"},"timestamp":"2026-08-06 02:43:14"}
{"fields":{"humidity":48.01,"pressure":1009.69,"temperature":24.67},"name":"mqtt_consumer","tags":{"topic":"arsip/sensor_bme280"},"timestamp":"2026-08-06 02:43:15"}
{"fields":{"humidity":48.01,"pressure":1009.69,"temperature":24.67},"name":"mqtt_consumer","tags":{"topic":"arsip/sensor_bme280"},"timestamp":"2026-08-06 02:43:16"}
{"fields":{"humidity":48.01,"pressure":1009.69,"temperature":24.67},"name":"mqtt_consumer","tags":{"topic":"arsip/sensor_bme280"},"timestamp":"2026-08-06 02:43:19"}
{"fields":{"humidity":48.01,"pressure":1009.69,"temperature":24.67},"name":"mqtt_consumer","tags":{"topic":"arsip/sensor_bme280"},"timestamp":"2026-08-06 02:43:20"}
{"fields":{"humidity":48.01,"pressure":1009.69,"temperature":24.67},"name":"mqtt_consumer","tags":{"topic":"arsip/sensor_bme280"},"timestamp":"2026-08-06 02:43:23"}
{"fields":{"humidity":48.01,"pressure":1009.69,"temperature":24.67},"name":"mqtt_consumer","tags":{"topic":"arsip/sensor_bme280"},"timestamp":"2026-08-06 02:43:24"}
{"fields":{"humidity":48.01,"pressure":1009.69,"temperature":24.67},"name":"mqtt_consumer","tags":{"topic":"arsip/sensor_bme280"},"timestamp":"2026-08-06 02:43:27"}
{"fields":{"humidity":48.63,"pressure":1009.68,"temperature":24.62},"name":"mqtt_consumer","tags":{"topic":"arsip/sensor_bme280"},"timestamp":"2026-08-06 02:43:28"}
{"fields":{"humidity":48.63,"pressure":1009.68,"temperature":24.62},"name":"mqtt_consumer","tags":{"topic":"arsip/sensor_bme280"},"timestamp":"2026-08-06 02:43:31"}
{"fields":{"humidity":48.63,"pressure":1009.68,"temperature":24.62},"name":"mqtt_consumer","tags":{"topic":"arsip/sensor_bme280"},"timestamp":"2026-08-06 02:43:32"}
{"fields":{"humidity":48.63,"pressure":1009.68,"temperature":24.62},"name":"mqtt_consumer","tags":{"topic":"arsip/sensor_bme280"},"timestamp":"2026-08-06 02:43:35"}
{"fields":{"humidity":48.63,"pressure":1009.68,"temperature":24.62},"name":"mqtt_consumer","tags":{"topic":"arsip/sensor_bme280"},"timestamp":"2026-08-06 02:43:36"}
{"fields":{"humidity":48.63,"pressure":1009.68,"temperature":24.62},"name":"mqtt_consumer","tags":{"topic":"arsip/sensor_bme280"},"timestamp":"2026-08-06 02:43:39"}
{"fields":{"humidity":48.63,"pressure":1009.68,"temperature":24.62},"name":"mqtt_consumer","tags":{"topic":"arsip/sensor_bme280"},"timestamp":"2026-08-06 02:43:40"}
{"fields":{"humidity":48.63,"pressure":1009.68,"temperature":24.62},"name":"mqtt_consumer","tags":{"topic":"arsip/sensor_bme280"},"timestamp":"2026-08-06 02:43:43"}
{"fields":{"humidity":47.1,"temperature":26},"name":"mqtt_consumer","tags":{"topic":"arsip/sensor_dht11"},"timestamp":"2026-08-06 02:43:44"}
{"fields":{"humidity":48.63,"pressure":1009.68,"temperature":24.62},"name":"mqtt_consumer","tags":{"topic":"arsip/sensor_bme280"},"timestamp":"2026-08-06 02:43:44"}
{"fields":{"humidity":48.63,"pressure":1009.68,"temperature":24.62},"name":"mqtt_consumer","tags":{"topic":"arsip/sensor_bme280"},"timestamp":"2026-08-06 02:43:47"}
{"fields":{"humidity":48.63,"pressure":1009.68,"temperature":24.62},"name":"mqtt_consumer","tags":{"topic":"arsip/sensor_bme280"},"timestamp":"2026-08-06 02:43:48"}
{"fields":{"humidity":48.63,"pressure":1009.68,"temperature":24.62},"name":"mqtt_consumer","tags":{"topic":"arsip/sensor_bme280"},"timestamp":"2026-08-06 02:43:51"}
{"fields":{"humidity":48.63,"pressure":1009.68,"temperature":24.62},"name":"mqtt_consumer","tags":{"topic":"arsip/sensor_bme280"},"timestamp":"2026-08-06 02:43:52"}
{"fields":{"humidity":48.63,"pressure":1009.68,"temperature":24.62},"name":"mqtt_consumer","tags":{"topic":"arsip/sensor_bme280"},"timestamp":"2026-08-06 02:43:55"}
{"fields":{"humidity":48.63,"pressure":1009.68,"temperature":24.62},"name":"mqtt_consumer","tags":{"topic":"arsip/sensor_bme280"},"timestamp":"2026-08-06 02:43:56"}
{"fields":{"humidity":48.84,"pressure":1009.75,"temperature":24.64},"name":"mqtt_consumer","tags":{"topic":"arsip/sensor_bme280"},"timestamp":"2026-08-06 02:43:59"}
{"fields":{"humidity":48.84,"pressure":1009.75,"temperature":24.64},"name":"mqtt_consumer","tags":{"topic":"arsip/sensor_bme280"},"timestamp":"2026-08-06 02:44:00"}
{"fields":{"humidity":48.84,"pressure":1009.75,"temperature":24.64},"name":"mqtt_consumer","tags":{"topic":"arsip/sensor_bme280"},"timestamp":"2026-08-06 02:44:03"}
{"fields":{"humidity":48.84,"pressure":1009.75,"temperature":24.64},"name":"mqtt_consumer","tags":{"topic":"arsip/sensor_bme280"},"timestamp":"2026-08-06 02:44:04"}
{"fields":{"humidity":48.84,"pressure":1009.75,"temperature":24.64},"name":"mqtt_consumer","tags":{"topic":"arsip/sensor_bme280"},"timestamp":"2026-08-06 02:44:07"}
{"fields":{"humidity":48.84,"pressure":1009.75,"temperature":24.64},"name":"mqtt_consumer","tags":{"topic":"arsip/sensor_bme280"},"timestamp":"2026-08-06 02:44:08"}
{"fields":{"humidity":48.84,"pressure":1009.75,"temperature":24.64},"name":"mqtt_consumer","tags":{"topic":"arsip/sensor_bme280"},"timestamp":"2026-08-06 02:44:11"}
{"fields":{"humidity":48.84,"pressure":1009.75,"temperature":24.64},"name":"mqtt_consumer","tags":{"topic":"arsip/sensor_bme280"},"timestamp":"2026-08-06 02:44:12"}
{"fields":{"humidity":47.1,"temperature":26.11},"name":"mqtt_consumer","tags":{"topic":"arsip/sensor_dht11"},"timestamp":"2026-08-06 02:44:14"}
{"fields":{"humidity":48.84,"pressure":1009.75,"temperature":24.64},"name":"mqtt_consumer","tags":{"topic":"arsip/sensor_bme280"},"timestamp":"2026-08-06 02:44:15"}
{"fields":{"humidity":48.84,"pressure":1009.75,"temperature":24.64},"name":"mqtt_consumer","tags":{"topic":"arsip/sensor_bme280"},"timestamp":"2026-08-06 02:44:16"}
{"fields":{"humidity":48.84,"pressure":1009.75,"temperature":24.64},"name":"mqtt_consumer","tags":{"topic":"arsip/sensor_bme280"},"timestamp":"2026-08-06 02:44:19"}
{"fields":{"humidity":48.84,"pressure":1009.75,"temperature":24.64},"name":"mqtt_consumer","tags":{"topic":"arsip/sensor_bme280"},"timestamp":"2026-08-06 02:44:20"}
{"fields":{"humidity":48.84,"pressure":1009.75,"temperature":24.64},"name":"mqtt_consumer","tags":{"topic":"arsip/sensor_bme280"},"timestamp":"2026-08-06 02:44:23"}
{"fields":{"humidity":48.84,"pressure":1009.75,"temperature":24.64},"name":"mqtt_consumer","tags":{"topic":"arsip/sensor_bme280"},"timestamp":"2026-08-06 02:44:24"}
{"fields":{"humidity":48.84,"pressure":1009.75,"temperature":24.64},"name":"mqtt_consumer","tags":{"topic":"arsip/sensor_bme280"},"timestamp":"2026-08-06 02:44:27"}
{"fields":{"humidity":48.51,"pressure":1009.68,"temperature":24.65},"name":"mqtt_consumer","tags":{"topic":"arsip/sensor_bme280"},"timestamp":"2026-08-06 02:44:28"}
{"fields":{"humidity":48.51,"pressure":1009.68,"temperature":24.65},"name":"mqtt_consumer","tags":{"topic":"arsip/sensor_bme280"},"timestamp":"2026-08-06 02:44:31"}
{"fields":{"humidity":48.51,"pressure":1009.68,"temperature":24.65},"name":"mqtt_consumer","tags":{"topic":"arsip/sensor_bme280"},"timestamp":"2026-08-06 02:44:32"}
{"fields":{"humidity":48.51,"pressure":1009.68,"temperature":24.65},"name":"mqtt_consumer","tags":{"topic":"arsip/sensor_bme280"},"timestamp":"2026-08-06 02:44:35"}
{"fields":{"humidity":48.51,"pressure":1009.68,"temperature":24.65},"name":"mqtt_consumer","tags":{"topic":"arsip/sensor_bme280"},"timestamp":"2026-08-06 02:44:36"}
{"fields":{"humidity":48.51,"pressure":1009.68,"temperature":24.65},"name":"mqtt_consumer","tags":{"topic":"arsip/sensor_bme280"},"timestamp":"2026-08-06 02:44:39"}
{"fields":{"humidity":48.51,"pressure":1009.68,"temperature":24.65},"name":"mqtt_consumer","tags":{"topic":"arsip/sensor_bme280"},"timestamp":"2026-08-06 02:44:40"}
{"fields":{"humidity":48.51,"pressure":1009.68,"temperature":24.65},"name":"mqtt_consumer","tags":{"topic":"arsip/sensor_bme280"},"timestamp":"2026-08-06 02:44:43"}
{"fields":{"humidity":47.34,"temperature":26.11},"name":"mqtt_consumer","tags":{"topic":"arsip/sensor_dht11"},"timestamp":"2026-08-06 02:44:44"}
{"fields":{"humidity":48.51,"pressure":1009.68,"temperature":24.65},"name":"mqtt_consumer","tags":{"topic":"arsip/sensor_bme280"},"timestamp":"2026-08-06 02:44:44"}
{"fields":{"humidity":48.51,"pressure":1009.68,"temperature":24.65},"name":"mqtt_consumer","tags":{"topic":"arsip/sensor_bme280"},"timestamp":"2026-08-06 02:44:47"}
{"fields":{"humidity":48.51,"pressure":1009.68,"temperature":24.65},"name":"mqtt_consumer","tags":{"topic":"arsip/sensor_bme280"},"timestamp":"2026-08-06 02:44:48"}
{"fields":{"humidity":48.51,"pressure":1009.68,"temperature":24.65},"name":"mqtt_consumer","tags":{"topic":"arsip/sensor_bme280"},"timestamp":"2026-08-06 02:44:51"}
{"fields":{"humidity":48.51,"pressure":1009.68,"temperature":24.65},"name":"mqtt_consumer","tags":{"topic":"arsip/sensor_bme280"},"timestamp":"2026-08-06 02:44:52"}
{"fields":{"humidity":48.51,"pressure":1009.68,"temperature":24.65},"name":"mqtt_consumer","tags":{"topic":"arsip/sensor_bme280"},"timestamp":"2026-08-06 02:44:55"}
{"fields":{"humidity":48.51,"pressure":1009.68,"temperature":24.65},"name":"mqtt_consumer","tags":{"topic":"arsip/sensor_bme280"},"timestamp":"2026-08-06 02:44:56"}
{"fields":{"humidity":48.78,"pressure":1009.68,"temperature":24.68},"name":"mqtt_consumer","tags":{"topic":"arsip/sensor_bme280"},"timestamp":"2026-08-06 02:44:59"}
{"fields":{"humidity":48.78,"pressure":1009.68,"temperature":24.68},"name":"mqtt_consumer","tags":{"topic":"arsip/sensor_bme280"},"timestamp":"2026-08-06 02:45:00"}
{"fields":{"humidity":48.78,"pressure":1009.68,"temperature":24.68},"name":"mqtt_consumer","tags":{"topic":"arsip/sensor_bme280"},"timestamp":"2026-08-06 02:45:03"}
{"fields":{"humidity":48.78,"pressure":1009.68,"temperature":24.68},"name":"mqtt_consumer","tags":{"topic":"arsip/sensor_bme280"},"timestamp":"2026-08-06 02:45:04"}
{"fields":{"humidity":48.78,"pressure":1009.68,"temperature":24.68},"name":"mqtt_consumer","tags":{"topic":"arsip/sensor_bme280"},"timestamp":"2026-08-06 02:45:07"}
{"fields":{"humidity":48.78,"pressure":1009.68,"temperature":24.68},"name":"mqtt_consumer","tags":{"topic":"arsip/sensor_bme280"},"timestamp":"2026-08-06 02:45:08"}
{"fields":{"humidity":48.78,"pressure":1009.68,"temperature":24.68},"name":"mqtt_consumer","tags":{"topic":"arsip/sensor_bme280"},"timestamp":"2026-08-06 02:45:11"}
{"fields":{"humidity":48.78,"pressure":1009.68,"temperature":24.68},"name":"mqtt_consumer","tags":{"topic":"arsip/sensor_bme280"},"timestamp":"2026-08-06 02:45:12"}
{"fields":{"humidity":47.34,"temperature":26.11},"name":"mqtt_consumer","tags":{"topic":"arsip/sensor_dht11"},"timestamp":"2026-08-06 02:45:14"}
{"fields":{"humidity":48.78,"pressure":1009.68,"temperature":24.68},"name":"mqtt_consumer","tags":{"topic":"arsip/sensor_bme280"},"timestamp":"2026-08-06 02:45:15"}
{"fields":{"humidity":48.78,"pressure":1009.68,"temperature":24.68},"name":"mqtt_consumer","tags":{"topic":"arsip/sensor_bme280"},"timestamp":"2026-08-06 02:45:16"}
{"fields":{"humidity":48.78,"pressure":1009.68,"temperature":24.68},"name":"mqtt_consumer","tags":{"topic":"arsip/sensor_bme280"},"timestamp":"2026-08-06 02:45:19"}
{"fields":{"humidity":48.78,"pressure":1009.68,"temperature":24.68},"name":"mqtt_consumer","tags":{"topic":"arsip/sensor_bme280"},"timestamp":"2026-08-06 02:45:20"}
{"fields":{"humidity":48.78,"pressure":1009.68,"temperature":24.68},"name":"mqtt_consumer","tags":{"topic":"arsip/sensor_bme280"},"timestamp":"2026-08-06 02:45:23"}
{"fields":{"humidity":48.78,"pressure":1009.68,"temperature":24.68},"name":"mqtt_consumer","tags":{"topic":"arsip/sensor_bme280"},"timestamp":"2026-08-06 02:45:24"}
{"fields":{"humidity":48.78,"pressure":1009.68,"temperature":24.68},"name":"mqtt_consumer","tags":{"topic":"arsip/sensor_bme280"},"timestamp":"2026-08-06 02:45:27"}
{"fields":{"humidity":48.28,"pressure":1009.64,"temperature":24.64},"name":"mqtt_consumer","tags":{"topic":"arsip/sensor_bme280"},"timestamp":"2026-08-06 02:45:28"}
{"fields":{"humidity":48.28,"pressure":1009.64,"temperature":24.64},"name":"mqtt_consumer","tags":{"topic":"arsip/sensor_bme280"},"timestamp":"2026-08-06 02:45:31"}
{"fields":{"humidity":48.28,"pressure":1009.64,"temperature":24.64},"name":"mqtt_consumer","tags":{"topic":"arsip/sensor_bme280"},"timestamp":"2026-08-06 02:45:32"}
{"fields":{"humidity":48.28,"pressure":1009.64,"temperature":24.64},"name":"mqtt_consumer","tags":{"topic":"arsip/sensor_bme280"},"timestamp":"2026-08-06 02:45:35"}
{"fields":{"humidity":48.28,"pressure":1009.64,"temperature":24.64},"name":"mqtt_consumer","tags":{"topic":"arsip/sensor_bme280"},"timestamp":"2026-08-06 02:45:36"}
{"fields":{"humidity":48.28,"pressure":1009.64,"temperature":24.64},"name":"mqtt_consumer","tags":{"topic":"arsip/sensor_bme280"},"timestamp":"2026-08-06 02:45:39"}
{"fields":{"humidity":48.28,"pressure":1009.64,"temperature":24.64},"name":"mqtt_consumer","tags":{"topic":"arsip/sensor_bme280"},"timestamp":"2026-08-06 02:45:40"}
{"fields":{"humidity":48.28,"pressure":1009.64,"temperature":24.64},"name":"mqtt_consumer","tags":{"topic":"arsip/sensor_bme280"},"timestamp":"2026-08-06 02:45:43"}
{"fields":{"humidity":47.34,"temperature":26.11},"name":"mqtt_consumer","tags":{"topic":"arsip/sensor_dht11"},"timestamp":"2026-08-06 02:45:44"}
{"fields":{"humidity":48.28,"pressure":1009.64,"temperature":24.64},"name":"mqtt_consumer","tags":{"topic":"arsip/sensor_bme280"},"timestamp":"2026-08-06 02:45:44"}
{"fields":{"humidity":48.28,"pressure":1009.64,"temperature":24.64},"name":"mqtt_consumer","tags":{"topic":"arsip/sensor_bme280"},"timestamp":"2026-08-06 02:45:47"}
{"fields":{"humidity":48.28,"pressure":1009.64,"temperature":24.64},"name":"mqtt_consumer","tags":{"topic":"arsip/sensor_bme280"},"timestamp":"2026-08-06 02:45:48"}
{"fields":{"humidity":48.28,"pressure":1009.64,"temperature":24.64},"name":"mqtt_consumer","tags":{"topic":"arsip/sensor_bme280"},"timestamp":"2026-08-06 02:45:51"}
{"fields":{"humidity":48.28,"pressure":1009.64,"temperature":24.64},"name":"mqtt_consumer","tags":{"topic":"arsip/sensor_bme280"},"timestamp":"2026-08-06 02:45:52"}
{"fields":{"humidity":48.28,"pressure":1009.64,"temperature":24.64},"name":"mqtt_consumer","tags":{"topic":"arsip/sensor_bme280"},"timestamp":"2026-08-06 02:45:55"}
{"fields":{"humidity":48.28,"pressure":1009.64,"temperature":24.64},"name":"mqtt_consumer","tags":{"topic":"arsip/sensor_bme280"},"timestamp":"2026-08-06 02:45:56"}
{"fields":{"humidity":48.44,"pressure":1009.73,"temperature":24.59},"name":"mqtt_consumer","tags":{"topic":"arsip/sensor_bme280"},"timestamp":"2026-08-06 02:45:59"}
{"fields":{"humidity":48.44,"pressure":1009.73,"temperature":24.59},"name":"mqtt_consumer","tags":{"topic":"arsip/sensor_bme280"},"timestamp":"2026-08-06 02:46:00"}
{"fields":{"humidity":48.44,"pressure":1009.73,"temperature":24.59},"name":"mqtt_consumer","tags":{"topic":"arsip/sensor_bme280"},"timestamp":"2026-08-06 02:46:03"}
{"fields":{"humidity":48.44,"pressure":1009.73,"temperature":24.59},"name":"mqtt_consumer","tags":{"topic":"arsip/sensor_bme280"},"timestamp":"2026-08-06 02:46:04"}
{"fields":{"humidity":48.44,"pressure":1009.73,"temperature":24.59},"name":"mqtt_consumer","tags":{"topic":"arsip/sensor_bme280"},"timestamp":"2026-08-06 02:46:07"}
{"fields":{"humidity":48.44,"pressure":1009.73,"temperature":24.59},"name":"mqtt_consumer","tags":{"topic":"arsip/sensor_bme280"},"timestamp":"2026-08-06 02:46:08"}
{"fields":{"humidity":48.44,"pressure":1009.73,"temperature":24.59},"name":"mqtt_consumer","tags":{"topic":"arsip/sensor_bme280"},"timestamp":"2026-08-06 02:46:11"}
{"fields":{"humidity":48.44,"pressure":1009.73,"temperature":24.59},"name":"mqtt_consumer","tags":{"topic":"arsip/sensor_bme280"},"timestamp":"2026-08-06 02:46:12"}
{"fields":{"humidity":47.26,"temperature":26.11},"name":"mqtt_consumer","tags":{"topic":"arsip/sensor_dht11"},"timestamp":"2026-08-06 02:46:14"}
{"fields":{"humidity":48.44,"pressure":1009.73,"temperature":24.59},"name":"mqtt_consumer","tags":{"topic":"arsip/sensor_bme280"},"timestamp":"2026-08-06 02:46:15"}
{"fields":{"humidity":48.44,"pressure":1009.73,"temperature":24.59},"name":"mqtt_consumer","tags":{"topic":"arsip/sensor_bme280"},"timestamp":"2026-08-06 02:46:16"}
{"fields":{"humidity":48.44,"pressure":1009.73,"temperature":24.59},"name":"mqtt_consumer","tags":{"topic":"arsip/sensor_bme280"},"timestamp":"2026-08-06 02:46:19"}
{"fields":{"humidity":48.44,"pressure":1009.73,"temperature":24.59},"name":"mqtt_consumer","tags":{"topic":"arsip/sensor_bme280"},"timestamp":"2026-08-06 02:46:20"}
{"fields":{"humidity":48.44,"pressure":1009.73,"temperature":24.59},"name":"mqtt_consumer","tags":{"topic":"arsip/sensor_bme280"},"timestamp":"2026-08-06 02:46:23"}
{"fields":{"humidity":48.44,"pressure":1009.73,"temperature":24.59},"name":"mqtt_consumer","tags":{"topic":"arsip/sensor_bme280"},"timestamp":"2026-08-06 02:46:24"}
{"fields":{"humidity":48.44,"pressure":1009.73,"temperature":24.59},"name":"mqtt_consumer","tags":{"topic":"arsip/sensor_bme280"},"timestamp":"2026-08-06 02:46:27"}
{"fields":{"humidity":48.82,"pressure":1009.64,"temperature":24.81},"name":"mqtt_consumer","tags":{"topic":"arsip/sensor_bme280"},"timestamp":"2026-08-06 02:46:28"}
{"fields":{"humidity":48.82,"pressure":1009.64,"temperature":24.81},"name":"mqtt_consumer","tags":{"topic":"arsip/sensor_bme280"},"timestamp":"2026-08-06 02:46:31"}
{"fields":{"humidity":48.82,"pressure":1009.64,"temperature":24.81},"name":"mqtt_consumer","tags":{"topic":"arsip/sensor_bme280"},"timestamp":"2026-08-06 02:46:32"}
{"fields":{"humidity":48.82,"pressure":1009.64,"temperature":24.81},"name":"mqtt_consumer","tags":{"topic":"arsip/sensor_bme280"},"timestamp":"2026-08-06 02:46:35"}
{"fields":{"humidity":48.82,"pressure":1009.64,"temperature":24.81},"name":"mqtt_consumer","tags":{"topic":"arsip/sensor_bme280"},"timestamp":"2026-08-06 02:46:36"}
{"fields":{"humidity":48.82,"pressure":1009.64,"temperature":24.81},"name":"mqtt_consumer","tags":{"topic":"arsip/sensor_bme280"},"timestamp":"2026-08-06 02:46:39"}
{"fields":{"humidity":48.82,"pressure":1009.64,"temperature":24.81},"name":"mqtt_consumer","tags":{"topic":"arsip/sensor_bme280"},"timestamp":"2026-08-06 02:46:40"}
{"fields":{"humidity":48.82,"pressure":1009.64,"temperature":24.81},"name":"mqtt_consumer","tags":{"topic":"arsip/sensor_bme280"},"timestamp":"2026-08-06 02:46:43"}
{"fields":{"humidity":48.31,"temperature":26.11},"name":"mqtt_consumer","tags":{"topic":"arsip/sensor_dht11"},"timestamp":"2026-08-06 02:46:44"}
{"fields":{"humidity":48.82,"pressure":1009.64,"temperature":24.81},"name":"mqtt_consumer","tags":{"topic":"arsip/sensor_bme280"},"timestamp":"2026-08-06 02:46:44"}
{"fields":{"humidity":48.82,"pressure":1009.64,"temperature":24.81},"name":"mqtt_consumer","tags":{"topic":"arsip/sensor_bme280"},"timestamp":"2026-08-06 02:46:47"}
{"fields":{"humidity":48.82,"pressure":1009.64,"temperature":24.81},"name":"mqtt_consumer","tags":{"topic":"arsip/sensor_bme280"},"timestamp":"2026-08-06 02:46:48"}
{"fields":{"humidity":48.82,"pressure":1009.64,"temperature":24.81},"name":"mqtt_consumer","tags":{"topic":"arsip/sensor_bme280"},"timestamp":"2026-08-06 02:46:51"}
{"fields":{"humidity":48.82,"pressure":1009.64,"temperature":24.81},"name":"mqtt_consumer","tags":{"topic":"arsip/sensor_bme280"},"timestamp":"2026-08-06 02:46:52"}
{"fields":{"humidity":48.82,"pressure":1009.64,"temperature":24.81},"name":"mqtt_consumer","tags":{"topic":"arsip/sensor_bme280"},"timestamp":"2026-08-06 02:46:55"}
{"fields":{"humidity":48.82,"pressure":1009.64,"temperature":24.81},"name":"mqtt_consumer","tags":{"topic":"arsip/sensor_bme280"},"timestamp":"2026-08-06 02:46:56"}
{"fields":{"humidity":48.27,"pressure":1009.7,"temperature":24.71},"name":"mqtt_consumer","tags":{"topic":"arsip/sensor_bme280"},"timestamp":"2026-08-06 02:46:59"}
{"fields":{"humidity":48.27,"pressure":1009.7,"temperature":24.71},"name":"mqtt_consumer","tags":{"topic":"arsip/sensor_bme280"},"timestamp":"2026-08-06 02:47:00"}
{"fields":{"humidity":48.27,"pressure":1009.7,"temperature":24.71},"name":"mqtt_consumer","tags":{"topic":"arsip/sensor_bme280"},"timestamp":"2026-08-06 02:47:03"}
{"fields":{"humidity":48.27,"pressure":1009.7,"temperature":24.71},"name":"mqtt_consumer","tags":{"topic":"arsip/sensor_bme280"},"timestamp":"2026-08-06 02:47:04"}
{"fields":{"humidity":48.27,"pressure":1009.7,"temperature":24.71},"name":"mqtt_consumer","tags":{"topic":"arsip/sensor_bme280"},"timestamp":"2026-08-06 02:47:07"}
{"fields":{"humidity":48.27,"pressure":1009.7,"temperature":24.71},"name":"mqtt_consumer","tags":{"topic":"arsip/sensor_bme280"},"timestamp":"2026-08-06 02:47:08"}
{"fields":{"humidity":48.27,"pressure":1009.7,"temperature":24.71},"name":"mqtt_consumer","tags":{"topic":"arsip/sensor_bme280"},"timestamp":"2026-08-06 02:47:11"}
{"fields":{"humidity":48.27,"pressure":1009.7,"temperature":24.71},"name":"mqtt_consumer","tags":{"topic":"arsip/sensor_bme280"},"timestamp":"2026-08-06 02:47:12"}
{"fields":{"humidity":47.91,"temperature":26.11},"name":"mqtt_consumer","tags":{"topic":"arsip/sensor_dht11"},"timestamp":"2026-08-06 02:47:14"}
{"fields":{"humidity":48.27,"pressure":1009.7,"temperature":24.71},"name":"mqtt_consumer","tags":{"topic":"arsip/sensor_bme280"},"timestamp":"2026-08-06 02:47:15"}
{"fields":{"humidity":48.27,"pressure":1009.7,"temperature":24.71},"name":"mqtt_consumer","tags":{"topic":"arsip/sensor_bme280"},"timestamp":"2026-08-06 02:47:16"}
{"fields":{"humidity":48.27,"pressure":1009.7,"temperature":24.71},"name":"mqtt_consumer","tags":{"topic":"arsip/sensor_bme280"},"timestamp":"2026-08-06 02:47:19"}
{"fields":{"humidity":48.27,"pressure":1009.7,"temperature":24.71},"name":"mqtt_consumer","tags":{"topic":"arsip/sensor_bme280"},"timestamp":"2026-08-06 02:47:20"}
{"fields":{"humidity":48.27,"pressure":1009.7,"temperature":24.71},"name":"mqtt_consumer","tags":{"topic":"arsip/sensor_bme280"},"timestamp":"2026-08-06 02:47:23"}
{"fields":{"humidity":48.27,"pressure":1009.7,"temperature":24.71},"name":"mqtt_consumer","tags":{"topic":"arsip/sensor_bme280"},"timestamp":"2026-08-06 02:47:24"}
{"fields":{"humidity":48.27,"pressure":1009.7,"temperature":24.71},"name":"mqtt_consumer","tags":{"topic":"arsip/sensor_bme280"},"timestamp":"2026-08-06 02:47:27"}
{"fields":{"humidity":47.71,"pressure":1009.65,"temperature":24.59},"name":"mqtt_consumer","tags":{"topic":"arsip/sensor_bme280"},"timestamp":"2026-08-06 02:47:28"}
{"fields":{"humidity":47.71,"pressure":1009.65,"temperature":24.59},"name":"mqtt_consumer","tags":{"topic":"arsip/sensor_bme280"},"timestamp":"2026-08-06 02:47:31"}
{"fields":{"humidity":47.71,"pressure":1009.65,"temperature":24.59},"name":"mqtt_consumer","tags":{"topic":"arsip/sensor_bme280"},"timestamp":"2026-08-06 02:47:32"}
{"fields":{"humidity":47.71,"pressure":1009.65,"temperature":24.59},"name":"mqtt_consumer","tags":{"topic":"arsip/sensor_bme280"},"timestamp":"2026-08-06 02:47:35"}
{"fields":{"humidity":47.71,"pressure":1009.65,"temperature":24.59},"name":"mqtt_consumer","tags":{"topic":"arsip/sensor_bme280"},"timestamp":"2026-08-06 02:47:36"}
{"fields":{"humidity":47.71,"pressure":1009.65,"temperature":24.59},"name":"mqtt_consumer","tags":{"topic":"arsip/sensor_bme280"},"timestamp":"2026-08-06 02:47:39"}
{"fields":{"humidity":47.71,"pressure":1009.65,"temperature":24.59},"name":"mqtt_consumer","tags":{"topic":"arsip/sensor_bme280"},"timestamp":"2026-08-06 02:47:40"}
{"fields":{"humidity":47.71,"pressure":1009.65,"temperature":24.59},"name":"mqtt_consumer","tags":{"topic":"arsip/sensor_bme280"},"timestamp":"2026-08-06 02:47:43"}
{"fields":{"humidity":47.34,"temperature":26.11},"name":"mqtt_consumer","tags":{"topic":"arsip/sensor_dht11"},"timestamp":"2026-08-06 02:47:44"}
{"fields":{"humidity":47.71,"pressure":1009.65,"temperature":24.59},"name":"mqtt_consumer","tags":{"topic":"arsip/sensor_bme280"},"timestamp":"2026-08-06 02:47:44"}
{"fields":{"humidity":47.71,"pressure":1009.65,"temperature":24.59},"name":"mqtt_consumer","tags":{"topic":"arsip/sensor_bme280"},"timestamp":"2026-08-06 02:47:47"}
{"fields":{"humidity":47.71,"pressure":1009.65,"temperature":24.59},"name":"mqtt_consumer","tags":{"topic":"arsip/sensor_bme280"},"timestamp":"2026-08-06 02:47:48"}
{"fields":{"humidity":47.71,"pressure":1009.65,"temperature":24.59},"name":"mqtt_consumer","tags":{"topic":"arsip/sensor_bme280"},"timestamp":"2026-08-06 02:47:51"}
{"fields":{"humidity":47.71,"pressure":1009.65,"temperature":24.59},"name":"mqtt_consumer","tags":{"topic":"arsip/sensor_bme280"},"timestamp":"2026-08-06 02:47:52"}
{"fields":{"humidity":47.71,"pressure":1009.65,"temperature":24.59},"name":"mqtt_consumer","tags":{"topic":"arsip/sensor_bme280"},"timestamp":"2026-08-06 02:47:55"}
{"fields":{"humidity":47.71,"pressure":1009.65,"temperature":24.59},"name":"mqtt_consumer","tags":{"topic":"arsip/sensor_bme280"},"timestamp":"2026-08-06 02:47:56"}
{"fields":{"humidity":47.94,"pressure":1009.66,"temperature":24.48},"name":"mqtt_consumer","tags":{"topic":"arsip/sensor_bme280"},"timestamp":"2026-08-06 02:47:59"}
{"fields":{"humidity":47.94,"pressure":1009.66,"temperature":24.48},"name":"mqtt_consumer","tags":{"topic":"arsip/sensor_bme280"},"timestamp":"2026-08-06 02:48:00"}
{"fields":{"humidity":47.94,"pressure":1009.66,"temperature":24.48},"name":"mqtt_consumer","tags":{"topic":"arsip/sensor_bme280"},"timestamp":"2026-08-06 02:48:03"}
{"fields":{"humidity":47.94,"pressure":1009.66,"temperature":24.48},"name":"mqtt_consumer","tags":{"topic":"arsip/sensor_bme280"},"timestamp":"2026-08-06 02:48:04"}
{"fields":{"humidity":47.94,"pressure":1009.66,"temperature":24.48},"name":"mqtt_consumer","tags":{"topic":"arsip/sensor_bme280"},"timestamp":"2026-08-06 02:48:07"}
{"fields":{"humidity":47.94,"pressure":1009.66,"temperature":24.48},"name":"mqtt_consumer","tags":{"topic":"arsip/sensor_bme280"},"timestamp":"2026-08-06 02:48:08"}
{"fields":{"humidity":47.94,"pressure":1009.66,"temperature":24.48},"name":"mqtt_consumer","tags":{"topic":"arsip/sensor_bme280"},"timestamp":"2026-08-06 02:48:11"}
{"fields":{"humidity":47.94,"pressure":1009.66,"temperature":24.48},"name":"mqtt_consumer","tags":{"topic":"arsip/sensor_bme280"},"timestamp":"2026-08-06 02:48:12"}
{"fields":{"humidity":46.85,"temperature":26.11},"name":"mqtt_consumer","tags":{"topic":"arsip/sensor_dht11"},"timestamp":"2026-08-06 02:48:14"}
{"fields":{"humidity":47.94,"pressure":1009.66,"temperature":24.48},"name":"mqtt_consumer","tags":{"topic":"arsip/sensor_bme280"},"timestamp":"2026-08-06 02:48:15"}
{"fields":{"humidity":47.94,"pressure":1009.66,"temperature":24.48},"name":"mqtt_consumer","tags":{"topic":"arsip/sensor_bme280"},"timestamp":"2026-08-06 02:48:16"}
{"fields":{"humidity":47.94,"pressure":1009.66,"temperature":24.48},"name":"mqtt_consumer","tags":{"topic":"arsip/sensor_bme280"},"timestamp":"2026-08-06 02:48:19"}
{"fields":{"humidity":47.94,"pressure":1009.66,"temperature":24.48},"name":"mqtt_consumer","tags":{"topic":"arsip/sensor_bme280"},"timestamp":"2026-08-06 02:48:20"}
{"fields":{"humidity":47.94,"pressure":1009.66,"temperature":24.48},"name":"mqtt_consumer","tags":{"topic":"arsip/sensor_bme280"},"timestamp":"2026-08-06 02:48:23"}
{"fields":{"humidity":47.94,"pressure":1009.66,"temperature":24.48},"name":"mqtt_consumer","tags":{"topic":"arsip/sensor_bme280"},"timestamp":"2026-08-06 02:48:24"}
{"fields":{"humidity":47.94,"pressure":1009.66,"temperature":24.48},"name":"mqtt_consumer","tags":{"topic":"arsip/sensor_bme280"},"timestamp":"2026-08-06 02:48:27"}
{"fields":{"humidity":48.02,"pressure":1009.71,"temperature":24.54},"name":"mqtt_consumer","tags":{"topic":"arsip/sensor_bme280"},"timestamp":"2026-08-06 02:48:28"}
{"fields":{"humidity":48.02,"pressure":1009.71,"temperature":24.54},"name":"mqtt_consumer","tags":{"topic":"arsip/sensor_bme280"},"timestamp":"2026-08-06 02:48:31"}
{"fields":{"humidity":48.02,"pressure":1009.71,"temperature":24.54},"name":"mqtt_consumer","tags":{"topic":"arsip/sensor_bme280"},"timestamp":"2026-08-06 02:48:32"}
{"fields":{"humidity":48.02,"pressure":1009.71,"temperature":24.54},"name":"mqtt_consumer","tags":{"topic":"arsip/sensor_bme280"},"timestamp":"2026-08-06 02:48:35"}
{"fields":{"humidity":48.02,"pressure":1009.71,"temperature":24.54},"name":"mqtt_consumer","tags":{"topic":"arsip/sensor_bme280"},"timestamp":"2026-08-06 02:48:36"}
{"fields":{"humidity":48.02,"pressure":1009.71,"temperature":24.54},"name":"mqtt_consumer","tags":{"topic":"arsip/sensor_bme280"},"timestamp":"2026-08-06 02:48:39"}
{"fields":{"humidity":48.02,"pressure":1009.71,"temperature":24.54},"name":"mqtt_consumer","tags":{"topic":"arsip/sensor_bme280"},"timestamp":"2026-08-06 02:48:40"}
{"fields":{"humidity":48.02,"pressure":1009.71,"temperature":24.54},"name":"mqtt_consumer","tags":{"topic":"arsip/sensor_bme280"},"timestamp":"2026-08-06 02:48:43"}
{"fields":{"humidity":46.69,"temperature":26},"name":"mqtt_consumer","tags":{"topic":"arsip/sensor_dht11"},"timestamp":"2026-08-06 02:48:44"}
{"fields":{"humidity":48.02,"pressure":1009.71,"temperature":24.54},"name":"mqtt_consumer","tags":{"topic":"arsip/sensor_bme280"},"timestamp":"2026-08-06 02:48:44"}
{"fields":{"humidity":48.02,"pressure":1009.71,"temperature":24.54},"name":"mqtt_consumer","tags":{"topic":"arsip/sensor_bme280"},"timestamp":"2026-08-06 02:48:47"}
{"fields":{"humidity":48.02,"pressure":1009.71,"temperature":24.54},"name":"mqtt_consumer","tags":{"topic":"arsip/sensor_bme280"},"timestamp":"2026-08-06 02:48:48"}
{"fields":{"humidity":48.02,"pressure":1009.71,"temperature":24.54},"name":"mqtt_consumer","tags":{"topic":"arsip/sensor_bme280"},"timestamp":"2026-08-06 02:48:51"}
{"fields":{"humidity":48.02,"pressure":1009.71,"temperature":24.54},"name":"mqtt_consumer","tags":{"topic":"arsip/sensor_bme280"},"timestamp":"2026-08-06 02:48:52"}
{"fields":{"humidity":48.02,"pressure":1009.71,"temperature":24.54},"name":"mqtt_consumer","tags":{"topic":"arsip/sensor_bme280"},"timestamp":"2026-08-06 02:48:55"}
{"fields":{"humidity":48.02,"pressure":1009.71,"temperature":24.54},"name":"mqtt_consumer","tags":{"topic":"arsip/sensor_bme280"},"timestamp":"2026-08-06 02:48:56"}
{"fields":{"humidity":48.11,"pressure":1009.68,"temperature":24.52},"name":"mqtt_consumer","tags":{"topic":"arsip/sensor_bme280"},"timestamp":"2026-08-06 02:48:59"}
{"fields":{"humidity":48.11,"pressure":1009.68,"temperature":24.52},"name":"mqtt_consumer","tags":{"topic":"arsip/sensor_bme280"},"timestamp":"2026-08-06 02:49:00"}
{"fields":{"humidity":48.11,"pressure":1009.68,"temperature":24.52},"name":"mqtt_consumer","tags":{"topic":"arsip/sensor_bme280"},"timestamp":"2026-08-06 02:49:03"}
{"fields":{"humidity":48.11,"pressure":1009.68,"temperature":24.52},"name":"mqtt_consumer","tags":{"topic":"arsip/sensor_bme280"},"timestamp":"2026-08-06 02:49:04"}
{"fields":{"humidity":48.11,"pressure":1009.68,"temperature":24.52},"name":"mqtt_consumer","tags":{"topic":"arsip/sensor_bme280"},"timestamp":"2026-08-06 02:49:07"}
{"fields":{"humidity":48.11,"pressure":1009.68,"temperature":24.52},"name":"mqtt_consumer","tags":{"topic":"arsip/sensor_bme280"},"timestamp":"2026-08-06 02:49:08"}
{"fields":{"humidity":48.11,"pressure":1009.68,"temperature":24.52},"name":"mqtt_consumer","tags":{"topic":"arsip/sensor_bme280"},"timestamp":"2026-08-06 02:49:11"}
{"fields":{"humidity":48.11,"pressure":1009.68,"temperature":24.52},"name":"mqtt_consumer","tags":{"topic":"arsip/sensor_bme280"},"timestamp":"2026-08-06 02:49:12"}
{"fields":{"humidity":46.61,"temperature":26},"name":"mqtt_consumer","tags":{"topic":"arsip/sensor_dht11"},"timestamp":"2026-08-06 02:49:14"}
{"fields":{"humidity":48.11,"pressure":1009.68,"temperature":24.52},"name":"mqtt_consumer","tags":{"topic":"arsip/sensor_bme280"},"timestamp":"2026-08-06 02:49:15"}
{"fields":{"humidity":48.11,"pressure":1009.68,"temperature":24.52},"name":"mqtt_consumer","tags":{"topic":"arsip/sensor_bme280"},"timestamp":"2026-08-06 02:49:16"}
{"fields":{"humidity":48.11,"pressure":1009.68,"temperature":24.52},"name":"mqtt_consumer","tags":{"topic":"arsip/sensor_bme280"},"timestamp":"2026-08-06 02:49:19"}
{"fields":{"humidity":48.11,"pressure":1009.68,"temperature":24.52},"name":"mqtt_consumer","tags":{"topic":"arsip/sensor_bme280"},"timestamp":"2026-08-06 02:49:20"}
{"fields":{"humidity":48.11,"pressure":1009.68,"temperature":24.52},"name":"mqtt_consumer","tags":{"topic":"arsip/sensor_bme280"},"timestamp":"2026-08-06 02:49:23"}
{"fields":{"humidity":48.11,"pressure":1009.68,"temperature":24.52},"name":"mqtt_consumer","tags":{"topic":"arsip/sensor_bme280"},"timestamp":"2026-08-06 02:49:24"}
{"fields":{"humidity":48.11,"pressure":1009.68,"temperature":24.52},"name":"mqtt_consumer","tags":{"topic":"arsip/sensor_bme280"},"timestamp":"2026-08-06 02:49:27"}
{"fields":{"humidity":47.6,"pressure":1009.73,"temperature":24.58},"name":"mqtt_consumer","tags":{"topic":"arsip/sensor_bme280"},"timestamp":"2026-08-06 02:49:28"}
{"fields":{"humidity":47.6,"pressure":1009.73,"temperature":24.58},"name":"mqtt_consumer","tags":{"topic":"arsip/sensor_bme280"},"timestamp":"2026-08-06 02:49:31"}
{"fields":{"humidity":47.6,"pressure":1009.73,"temperature":24.58},"name":"mqtt_consumer","tags":{"topic":"arsip/sensor_bme280"},"timestamp":"2026-08-06 02:49:32"}
{"fields":{"humidity":47.6,"pressure":1009.73,"temperature":24.58},"name":"mqtt_consumer","tags":{"topic":"arsip/sensor_bme280"},"timestamp":"2026-08-06 02:49:35"}
{"fields":{"humidity":47.6,"pressure":1009.73,"temperature":24.58},"name":"mqtt_consumer","tags":{"topic":"arsip/sensor_bme280"},"timestamp":"2026-08-06 02:49:36"}
{"fields":{"humidity":47.6,"pressure":1009.73,"temperature":24.58},"name":"mqtt_consumer","tags":{"topic":"arsip/sensor_bme280"},"timestamp":"2026-08-06 02:49:39"}
{"fields":{"humidity":47.6,"pressure":1009.73,"temperature":24.58},"name":"mqtt_consumer","tags":{"topic":"arsip/sensor_bme280"},"timestamp":"2026-08-06 02:49:40"}
{"fields":{"humidity":47.6,"pressure":1009.73,"temperature":24.58},"name":"mqtt_consumer","tags":{"topic":"arsip/sensor_bme280"},"timestamp":"2026-08-06 02:49:43"}
{"fields":{"humidity":46.53,"temperature":26.11},"name":"mqtt_consumer","tags":{"topic":"arsip/sensor_dht11"},"timestamp":"2026-08-06 02:49:44"}
{"fields":{"humidity":47.6,"pressure":1009.73,"temperature":24.58},"name":"mqtt_consumer","tags":{"topic":"arsip/sensor_bme280"},"timestamp":"2026-08-06 02:49:44"}
{"fields":{"humidity":47.6,"pressure":1009.73,"temperature":24.58},"name":"mqtt_consumer","tags":{"topic":"arsip/sensor_bme280"},"timestamp":"2026-08-06 02:49:47"}
{"fields":{"humidity":47.6,"pressure":1009.73,"temperature":24.58},"name":"mqtt_consumer","tags":{"topic":"arsip/sensor_bme280"},"timestamp":"2026-08-06 02:49:48"}
{"fields":{"humidity":47.6,"pressure":1009.73,"temperature":24.58},"name":"mqtt_consumer","tags":{"topic":"arsip/sensor_bme280"},"timestamp":"2026-08-06 02:49:51"}
{"fields":{"humidity":47.6,"pressure":1009.73,"temperature":24.58},"name":"mqtt_consumer","tags":{"topic":"arsip/sensor_bme280"},"timestamp":"2026-08-06 02:49:52"}
{"fields":{"humidity":47.6,"pressure":1009.73,"temperature":24.58},"name":"mqtt_consumer","tags":{"topic":"arsip/sensor_bme280"},"timestamp":"2026-08-06 02:49:55"}
{"fields":{"humidity":47.6,"pressure":1009.73,"temperature":24.58},"name":"mqtt_consumer","tags":{"topic":"arsip/sensor_bme280"},"timestamp":"2026-08-06 02:49:56"}
{"fields":{"humidity":47.8,"pressure":1009.69,"temperature":24.66},"name":"mqtt_consumer","tags":{"topic":"arsip/sensor_bme280"},"timestamp":"2026-08-06 02:49:59"}
{"fields":{"humidity":47.8,"pressure":1009.69,"temperature":24.66},"name":"mqtt_consumer","tags":{"topic":"arsip/sensor_bme280"},"timestamp":"2026-08-06 02:50:00"}
{"fields":{"humidity":47.8,"pressure":1009.69,"temperature":24.66},"name":"mqtt_consumer","tags":{"topic":"arsip/sensor_bme280"},"timestamp":"2026-08-06 02:50:03"}
{"fields":{"humidity":47.8,"pressure":1009.69,"temperature":24.66},"name":"mqtt_consumer","tags":{"topic":"arsip/sensor_bme280"},"timestamp":"2026-08-06 02:50:04"}
{"fields":{"humidity":47.8,"pressure":1009.69,"temperature":24.66},"name":"mqtt_consumer","tags":{"topic":"arsip/sensor_bme280"},"timestamp":"2026-08-06 02:50:07"}
{"fields":{"humidity":47.8,"pressure":1009.69,"temperature":24.66},"name":"mqtt_consumer","tags":{"topic":"arsip/sensor_bme280"},"timestamp":"2026-08-06 02:50:08"}
{"fields":{"humidity":47.8,"pressure":1009.69,"temperature":24.66},"name":"mqtt_consumer","tags":{"topic":"arsip/sensor_bme280"},"timestamp":"2026-08-06 02:50:11"}
{"fields":{"humidity":47.8,"pressure":1009.69,"temperature":24.66},"name":"mqtt_consumer","tags":{"topic":"arsip/sensor_bme280"},"timestamp":"2026-08-06 02:50:12"}
{"fields":{"humidity":46.28,"temperature":26.11},"name":"mqtt_consumer","tags":{"topic":"arsip/sensor_dht11"},"timestamp":"2026-08-06 02:50:14"}
{"fields":{"humidity":47.8,"pressure":1009.69,"temperature":24.66},"name":"mqtt_consumer","tags":{"topic":"arsip/sensor_bme280"},"timestamp":"2026-08-06 02:50:15"}
{"fields":{"humidity":47.8,"pressure":1009.69,"temperature":24.66},"name":"mqtt_consumer","tags":{"topic":"arsip/sensor_bme280"},"timestamp":"2026-08-06 02:50:16"}
{"fields":{"humidity":47.8,"pressure":1009.69,"temperature":24.66},"name":"mqtt_consumer","tags":{"topic":"arsip/sensor_bme280"},"timestamp":"2026-08-06 02:50:19"}
{"fields":{"humidity":47.8,"pressure":1009.69,"temperature":24.66},"name":"mqtt_consumer","tags":{"topic":"arsip/sensor_bme280"},"timestamp":"2026-08-06 02:50:20"}
{"fields":{"humidity":47.8,"pressure":1009.69,"temperature":24.66},"name":"mqtt_consumer","tags":{"topic":"arsip/sensor_bme280"},"timestamp":"2026-08-06 02:50:23"}
{"fields":{"humidity":47.8,"pressure":1009.69,"temperature":24.66},"name":"mqtt_consumer","tags":{"topic":"arsip/sensor_bme280"},"timestamp":"2026-08-06 02:50:24"}
{"fields":{"humidity":47.8,"pressure":1009.69,"temperature":24.66},"name":"mqtt_consumer","tags":{"topic":"arsip/sensor_bme280"},"timestamp":"2026-08-06 02:50:27"}
{"fields":{"humidity":47.88,"pressure":1009.71,"temperature":24.62},"name":"mqtt_consumer","tags":{"topic":"arsip/sensor_bme280"},"timestamp":"2026-08-06 02:50:28"}
{"fields":{"humidity":47.88,"pressure":1009.71,"temperature":24.62},"name":"mqtt_consumer","tags":{"topic":"arsip/sensor_bme280"},"timestamp":"2026-08-06 02:50:31"}
{"fields":{"humidity":47.88,"pressure":1009.71,"temperature":24.62},"name":"mqtt_consumer","tags":{"topic":"arsip/sensor_bme280"},"timestamp":"2026-08-06 02:50:32"}
{"fields":{"humidity":47.88,"pressure":1009.71,"temperature":24.62},"name":"mqtt_consumer","tags":{"topic":"arsip/sensor_bme280"},"timestamp":"2026-08-06 02:50:35"}
{"fields":{"humidity":47.88,"pressure":1009.71,"temperature":24.62},"name":"mqtt_consumer","tags":{"topic":"arsip/sensor_bme280"},"timestamp":"2026-08-06 02:50:36"}
{"fields":{"humidity":47.88,"pressure":1009.71,"temperature":24.62},"name":"mqtt_consumer","tags":{"topic":"arsip/sensor_bme280"},"timestamp":"2026-08-06 02:50:39"}
{"fields":{"humidity":47.88,"pressure":1009.71,"temperature":24.62},"name":"mqtt_consumer","tags":{"topic":"arsip/sensor_bme280"},"timestamp":"2026-08-06 02:50:40"}
{"fields":{"humidity":47.88,"pressure":1009.71,"temperature":24.62},"name":"mqtt_consumer","tags":{"topic":"arsip/sensor_bme280"},"timestamp":"2026-08-06 02:50:43"}
{"fields":{"humidity":46.2,"temperature":26.11},"name":"mqtt_consumer","tags":{"topic":"arsip/sensor_dht11"},"timestamp":"2026-08-06 02:50:44"}
{"fields":{"humidity":47.88,"pressure":1009.71,"temperature":24.62},"name":"mqtt_consumer","tags":{"topic":"arsip/sensor_bme280"},"timestamp":"2026-08-06 02:50:44"}
{"fields":{"humidity":47.88,"pressure":1009.71,"temperature":24.62},"name":"mqtt_consumer","tags":{"topic":"arsip/sensor_bme280"},"timestamp":"2026-08-06 02:50:47"}
{"fields":{"humidity":47.88,"pressure":1009.71,"temperature":24.62},"name":"mqtt_consumer","tags":{"topic":"arsip/sensor_bme280"},"timestamp":"2026-08-06 02:50:48"}
{"fields":{"humidity":47.88,"pressure":1009.71,"temperature":24.62},"name":"mqtt_consumer","tags":{"topic":"arsip/sensor_bme280"},"timestamp":"2026-08-06 02:50:51"}
{"fields":{"humidity":47.88,"pressure":1009.71,"temperature":24.62},"name":"mqtt_consumer","tags":{"topic":"arsip/sensor_bme280"},"timestamp":"2026-08-06 02:50:52"}
{"fields":{"humidity":47.88,"pressure":1009.71,"temperature":24.62},"name":"mqtt_consumer","tags":{"topic":"arsip/sensor_bme280"},"timestamp":"2026-08-06 02:50:55"}
{"fields":{"humidity":47.88,"pressure":1009.71,"temperature":24.62},"name":"mqtt_consumer","tags":{"topic":"arsip/sensor_bme280"},"timestamp":"2026-08-06 02:50:56"}
{"fields":{"humidity":47.63,"pressure":1009.69,"temperature":24.62},"name":"mqtt_consumer","tags":{"topic":"arsip/sensor_bme280"},"timestamp":"2026-08-06 02:50:59"}
{"fields":{"humidity":47.63,"pressure":1009.69,"temperature":24.62},"name":"mqtt_consumer","tags":{"topic":"arsip/sensor_bme280"},"timestamp":"2026-08-06 02:51:00"}
{"fields":{"humidity":47.63,"pressure":1009.69,"temperature":24.62},"name":"mqtt_consumer","tags":{"topic":"arsip/sensor_bme280"},"timestamp":"2026-08-06 02:51:03"}
{"fields":{"humidity":47.63,"pressure":1009.69,"temperature":24.62},"name":"mqtt_consumer","tags":{"topic":"arsip/sensor_bme280"},"timestamp":"2026-08-06 02:51:04"}
{"fields":{"humidity":47.63,"pressure":1009.69,"temperature":24.62},"name":"mqtt_consumer","tags":{"topic":"arsip/sensor_bme280"},"timestamp":"2026-08-06 02:51:07"}
{"fields":{"humidity":47.63,"pressure":1009.69,"temperature":24.62},"name":"mqtt_consumer","tags":{"topic":"arsip/sensor_bme280"},"timestamp":"2026-08-06 02:51:08"}
{"fields":{"humidity":47.63,"pressure":1009.69,"temperature":24.62},"name":"mqtt_consumer","tags":{"topic":"arsip/sensor_bme280"},"timestamp":"2026-08-06 02:51:11"}
{"fields":{"humidity":47.63,"pressure":1009.69,"temperature":24.62},"name":"mqtt_consumer","tags":{"topic":"arsip/sensor_bme280"},"timestamp":"2026-08-06 02:51:12"}
{"fields":{"humidity":46.12,"temperature":26.11},"name":"mqtt_consumer","tags":{"topic":"arsip/sensor_dht11"},"timestamp":"2026-08-06 02:51:14"}
{"fields":{"humidity":47.63,"pressure":1009.69,"temperature":24.62},"name":"mqtt_consumer","tags":{"topic":"arsip/sensor_bme280"},"timestamp":"2026-08-06 02:51:15"}
{"fields":{"humidity":47.63,"pressure":1009.69,"temperature":24.62},"name":"mqtt_consumer","tags":{"topic":"arsip/sensor_bme280"},"timestamp":"2026-08-06 02:51:16"}
{"fields":{"humidity":47.63,"pressure":1009.69,"temperature":24.62},"name":"mqtt_consumer","tags":{"topic":"arsip/sensor_bme280"},"timestamp":"2026-08-06 02:51:19"}
{"fields":{"humidity":47.63,"pressure":1009.69,"temperature":24.62},"name":"mqtt_consumer","tags":{"topic":"arsip/sensor_bme280"},"timestamp":"2026-08-06 02:51:20"}
{"fields":{"humidity":47.63,"pressure":1009.69,"temperature":24.62},"name":"mqtt_consumer","tags":{"topic":"arsip/sensor_bme280"},"timestamp":"2026-08-06 02:51:23"}
{"fields":{"humidity":47.63,"pressure":1009.69,"temperature":24.62},"name":"mqtt_consumer","tags":{"topic":"arsip/sensor_bme280"},"timestamp":"2026-08-06 02:51:24"}
{"fields":{"humidity":47.63,"pressure":1009.69,"temperature":24.62},"name":"mqtt_consumer","tags":{"topic":"arsip/sensor_bme280"},"timestamp":"2026-08-06 02:51:27"}
{"fields":{"humidity":47.67,"pressure":1009.7,"temperature":24.61},"name":"mqtt_consumer","tags":{"topic":"arsip/sensor_bme280"},"timestamp":"2026-08-06 02:51:29"}
{"fields":{"humidity":47.67,"pressure":1009.7,"temperature":24.61},"name":"mqtt_consumer","tags":{"topic":"arsip/sensor_bme280"},"timestamp":"2026-08-06 02:51:31"}
{"fields":{"humidity":47.67,"pressure":1009.7,"temperature":24.61},"name":"mqtt_consumer","tags":{"topic":"arsip/sensor_bme280"},"timestamp":"2026-08-06 02:51:32"}
{"fields":{"humidity":47.67,"pressure":1009.7,"temperature":24.61},"name":"mqtt_consumer","tags":{"topic":"arsip/sensor_bme280"},"timestamp":"2026-08-06 02:51:35"}
{"fields":{"humidity":47.67,"pressure":1009.7,"temperature":24.61},"name":"mqtt_consumer","tags":{"topic":"arsip/sensor_bme280"},"timestamp":"2026-08-06 02:51:36"}
{"fields":{"humidity":47.67,"pressure":1009.7,"temperature":24.61},"name":"mqtt_consumer","tags":{"topic":"arsip/sensor_bme280"},"timestamp":"2026-08-06 02:51:39"}
{"fields":{"humidity":47.67,"pressure":1009.7,"temperature":24.61},"name":"mqtt_consumer","tags":{"topic":"arsip/sensor_bme280"},"timestamp":"2026-08-06 02:51:40"}
{"fields":{"humidity":47.67,"pressure":1009.7,"temperature":24.61},"name":"mqtt_consumer","tags":{"topic":"arsip/sensor_bme280"},"timestamp":"2026-08-06 02:51:43"}
{"fields":{"humidity":45.96,"temperature":26.11},"name":"mqtt_consumer","tags":{"topic":"arsip/sensor_dht11"},"timestamp":"2026-08-06 02:51:44"}
{"fields":{"humidity":47.67,"pressure":1009.7,"temperature":24.61},"name":"mqtt_consumer","tags":{"topic":"arsip/sensor_bme280"},"timestamp":"2026-08-06 02:51:44"}
{"fields":{"humidity":47.67,"pressure":1009.7,"temperature":24.61},"name":"mqtt_consumer","tags":{"topic":"arsip/sensor_bme280"},"timestamp":"2026-08-06 02:51:47"}
{"fields":{"humidity":47.67,"pressure":1009.7,"temperature":24.61},"name":"mqtt_consumer","tags":{"topic":"arsip/sensor_bme280"},"timestamp":"2026-08-06 02:51:48"}
{"fields":{"humidity":47.67,"pressure":1009.7,"temperature":24.61},"name":"mqtt_consumer","tags":{"topic":"arsip/sensor_bme280"},"timestamp":"2026-08-06 02:51:51"}
{"fields":{"humidity":47.67,"pressure":1009.7,"temperature":24.61},"name":"mqtt_consumer","tags":{"topic":"arsip/sensor_bme280"},"timestamp":"2026-08-06 02:51:52"}
{"fields":{"humidity":47.67,"pressure":1009.7,"temperature":24.61},"name":"mqtt_consumer","tags":{"topic":"arsip/sensor_bme280"},"timestamp":"2026-08-06 02:51:55"}
{"fields":{"humidity":47.67,"pressure":1009.7,"temperature":24.61},"name":"mqtt_consumer","tags":{"topic":"arsip/sensor_bme280"},"timestamp":"2026-08-06 02:51:56"}
{"fields":{"humidity":47.09,"pressure":1009.7,"temperature":24.59},"name":"mqtt_consumer","tags":{"topic":"arsip/sensor_bme280"},"timestamp":"2026-08-06 02:51:59"}
{"fields":{"humidity":47.09,"pressure":1009.7,"temperature":24.59},"name":"mqtt_consumer","tags":{"topic":"arsip/sensor_bme280"},"timestamp":"2026-08-06 02:52:00"}
{"fields":{"humidity":47.09,"pressure":1009.7,"temperature":24.59},"name":"mqtt_consumer","tags":{"topic":"arsip/sensor_bme280"},"timestamp":"2026-08-06 02:52:03"}
{"fields":{"humidity":47.09,"pressure":1009.7,"temperature":24.59},"name":"mqtt_consumer","tags":{"topic":"arsip/sensor_bme280"},"timestamp":"2026-08-06 02:52:04"}
{"fields":{"humidity":47.09,"pressure":1009.7,"temperature":24.59},"name":"mqtt_consumer","tags":{"topic":"arsip/sensor_bme280"},"timestamp":"2026-08-06 02:52:07"}
{"fields":{"humidity":47.09,"pressure":1009.7,"temperature":24.59},"name":"mqtt_consumer","tags":{"topic":"arsip/sensor_bme280"},"timestamp":"2026-08-06 02:52:08"}
{"fields":{"humidity":47.09,"pressure":1009.7,"temperature":24.59},"name":"mqtt_consumer","tags":{"topic":"arsip/sensor_bme280"},"timestamp":"2026-08-06 02:52:11"}
{"fields":{"humidity":47.09,"pressure":1009.7,"temperature":24.59},"name":"mqtt_consumer","tags":{"topic":"arsip/sensor_bme280"},"timestamp":"2026-08-06 02:52:12"}
{"fields":{"humidity":45.88,"temperature":26.11},"name":"mqtt_consumer","tags":{"topic":"arsip/sensor_dht11"},"timestamp":"2026-08-06 02:52:14"}
{"fields":{"humidity":47.09,"pressure":1009.7,"temperature":24.59},"name":"mqtt_consumer","tags":{"topic":"arsip/sensor_bme280"},"timestamp":"2026-08-06 02:52:15"}
{"fields":{"humidity":47.09,"pressure":1009.7,"temperature":24.59},"name":"mqtt_consumer","tags":{"topic":"arsip/sensor_bme280"},"timestamp":"2026-08-06 02:52:16"}
{"fields":{"humidity":47.09,"pressure":1009.7,"temperature":24.59},"name":"mqtt_consumer","tags":{"topic":"arsip/sensor_bme280"},"timestamp":"2026-08-06 02:52:19"}
{"fields":{"humidity":47.09,"pressure":1009.7,"temperature":24.59},"name":"mqtt_consumer","tags":{"topic":"arsip/sensor_bme280"},"timestamp":"2026-08-06 02:52:20"}
{"fields":{"humidity":47.09,"pressure":1009.7,"temperature":24.59},"name":"mqtt_consumer","tags":{"topic":"arsip/sensor_bme280"},"timestamp":"2026-08-06 02:52:23"}
{"fields":{"humidity":47.09,"pressure":1009.7,"temperature":24.59},"name":"mqtt_consumer","tags":{"topic":"arsip/sensor_bme280"},"timestamp":"2026-08-06 02:52:24"}
{"fields":{"humidity":47.09,"pressure":1009.7,"temperature":24.59},"name":"mqtt_consumer","tags":{"topic":"arsip/sensor_bme280"},"timestamp":"2026-08-06 02:52:27"}
{"fields":{"humidity":47.37,"pressure":1009.64,"temperature":24.54},"name":"mqtt_consumer","tags":{"topic":"arsip/sensor_bme280"},"timestamp":"2026-08-06 02:52:28"}
{"fields":{"humidity":47.37,"pressure":1009.64,"temperature":24.54},"name":"mqtt_consumer","tags":{"topic":"arsip/sensor_bme280"},"timestamp":"2026-08-06 02:52:31"}
{"fields":{"humidity":47.37,"pressure":1009.64,"temperature":24.54},"name":"mqtt_consumer","tags":{"topic":"arsip/sensor_bme280"},"timestamp":"2026-08-06 02:52:32"}
{"fields":{"humidity":47.37,"pressure":1009.64,"temperature":24.54},"name":"mqtt_consumer","tags":{"topic":"arsip/sensor_bme280"},"timestamp":"2026-08-06 02:52:35"}
{"fields":{"humidity":47.37,"pressure":1009.64,"temperature":24.54},"name":"mqtt_consumer","tags":{"topic":"arsip/sensor_bme280"},"timestamp":"2026-08-06 02:52:36"}
{"fields":{"humidity":47.37,"pressure":1009.64,"temperature":24.54},"name":"mqtt_consumer","tags":{"topic":"arsip/sensor_bme280"},"timestamp":"2026-08-06 02:52:39"}
{"fields":{"humidity":47.37,"pressure":1009.64,"temperature":24.54},"name":"mqtt_consumer","tags":{"topic":"arsip/sensor_bme280"},"timestamp":"2026-08-06 02:52:40"}
{"fields":{"humidity":47.37,"pressure":1009.64,"temperature":24.54},"name":"mqtt_consumer","tags":{"topic":"arsip/sensor_bme280"},"timestamp":"2026-08-06 02:52:43"}
{"fields":{"humidity":45.47,"temperature":26.11},"name":"mqtt_consumer","tags":{"topic":"arsip/sensor_dht11"},"timestamp":"2026-08-06 02:52:44"}
{"fields":{"humidity":47.37,"pressure":1009.64,"temperature":24.54},"name":"mqtt_consumer","tags":{"topic":"arsip/sensor_bme280"},"timestamp":"2026-08-06 02:52:44"}
{"fields":{"humidity":47.37,"pressure":1009.64,"temperature":24.54},"name":"mqtt_consumer","tags":{"topic":"arsip/sensor_bme280"},"timestamp":"2026-08-06 02:52:47"}
{"fields":{"humidity":47.37,"pressure":1009.64,"temperature":24.54},"name":"mqtt_consumer","tags":{"topic":"arsip/sensor_bme280"},"timestamp":"2026-08-06 02:52:48"}
{"fields":{"humidity":47.37,"pressure":1009.64,"temperature":24.54},"name":"mqtt_consumer","tags":{"topic":"arsip/sensor_bme280"},"timestamp":"2026-08-06 02:52:51"}
{"fields":{"humidity":47.37,"pressure":1009.64,"temperature":24.54},"name":"mqtt_consumer","tags":{"topic":"arsip/sensor_bme280"},"timestamp":"2026-08-06 02:52:52"}
{"fields":{"humidity":47.37,"pressure":1009.64,"temperature":24.54},"name":"mqtt_consumer","tags":{"topic":"arsip/sensor_bme280"},"timestamp":"2026-08-06 02:52:55"}
{"fields":{"humidity":47.37,"pressure":1009.64,"temperature":24.54},"name":"mqtt_consumer","tags":{"topic":"arsip/sensor_bme280"},"timestamp":"2026-08-06 02:52:56"}
{"fields":{"humidity":47.44,"pressure":1009.64,"temperature":24.5},"name":"mqtt_consumer","tags":{"topic":"arsip/sensor_bme280"},"timestamp":"2026-08-06 02:52:59"}
{"fields":{"humidity":47.44,"pressure":1009.64,"temperature":24.5},"name":"mqtt_consumer","tags":{"topic":"arsip/sensor_bme280"},"timestamp":"2026-08-06 02:53:00"}
{"fields":{"humidity":47.44,"pressure":1009.64,"temperature":24.5},"name":"mqtt_consumer","tags":{"topic":"arsip/sensor_bme280"},"timestamp":"2026-08-06 02:53:03"}
{"fields":{"humidity":47.44,"pressure":1009.64,"temperature":24.5},"name":"mqtt_consumer","tags":{"topic":"arsip/sensor_bme280"},"timestamp":"2026-08-06 02:53:04"}
{"fields":{"humidity":47.44,"pressure":1009.64,"temperature":24.5},"name":"mqtt_consumer","tags":{"topic":"arsip/sensor_bme280"},"timestamp":"2026-08-06 02:53:07"}
{"fields":{"humidity":47.44,"pressure":1009.64,"temperature":24.5},"name":"mqtt_consumer","tags":{"topic":"arsip/sensor_bme280"},"timestamp":"2026-08-06 02:53:08"}
{"fields":{"humidity":47.44,"pressure":1009.64,"temperature":24.5},"name":"mqtt_consumer","tags":{"topic":"arsip/sensor_bme280"},"timestamp":"2026-08-06 02:53:11"}
{"fields":{"humidity":47.44,"pressure":1009.64,"temperature":24.5},"name":"mqtt_consumer","tags":{"topic":"arsip/sensor_bme280"},"timestamp":"2026-08-06 02:53:12"}
{"fields":{"humidity":45.31,"temperature":26},"name":"mqtt_consumer","tags":{"topic":"arsip/sensor_dht11"},"timestamp":"2026-08-06 02:53:14"}
{"fields":{"humidity":47.44,"pressure":1009.64,"temperature":24.5},"name":"mqtt_consumer","tags":{"topic":"arsip/sensor_bme280"},"timestamp":"2026-08-06 02:53:15"}
{"fields":{"humidity":47.44,"pressure":1009.64,"temperature":24.5},"name":"mqtt_consumer","tags":{"topic":"arsip/sensor_bme280"},"timestamp":"2026-08-06 02:53:16"}
{"fields":{"humidity":47.44,"pressure":1009.64,"temperature":24.5},"name":"mqtt_consumer","tags":{"topic":"arsip/sensor_bme280"},"timestamp":"2026-08-06 02:53:19"}
{"fields":{"humidity":47.44,"pressure":1009.64,"temperature":24.5},"name":"mqtt_consumer","tags":{"topic":"arsip/sensor_bme280"},"timestamp":"2026-08-06 02:53:20"}
{"fields":{"humidity":47.44,"pressure":1009.64,"temperature":24.5},"name":"mqtt_consumer","tags":{"topic":"arsip/sensor_bme280"},"timestamp":"2026-08-06 02:53:23"}
{"fields":{"humidity":47.44,"pressure":1009.64,"temperature":24.5},"name":"mqtt_consumer","tags":{"topic":"arsip/sensor_bme280"},"timestamp":"2026-08-06 02:53:24"}
{"fields":{"humidity":47.44,"pressure":1009.64,"temperature":24.5},"name":"mqtt_consumer","tags":{"topic":"arsip/sensor_bme280"},"timestamp":"2026-08-06 02:53:27"}
{"fields":{"humidity":47.03,"pressure":1009.7,"temperature":24.49},"name":"mqtt_consumer","tags":{"topic":"arsip/sensor_bme280"},"timestamp":"2026-08-06 02:53:28"}
{"fields":{"humidity":47.03,"pressure":1009.7,"temperature":24.49},"name":"mqtt_consumer","tags":{"topic":"arsip/sensor_bme280"},"timestamp":"2026-08-06 02:53:31"}
{"fields":{"humidity":47.03,"pressure":1009.7,"temperature":24.49},"name":"mqtt_consumer","tags":{"topic":"arsip/sensor_bme280"},"timestamp":"2026-08-06 02:53:32"}
{"fields":{"humidity":47.03,"pressure":1009.7,"temperature":24.49},"name":"mqtt_consumer","tags":{"topic":"arsip/sensor_bme280"},"timestamp":"2026-08-06 02:53:36"}
{"fields":{"humidity":47.03,"pressure":1009.7,"temperature":24.49},"name":"mqtt_consumer","tags":{"topic":"arsip/sensor_bme280"},"timestamp":"2026-08-06 02:53:36"}
{"fields":{"humidity":47.03,"pressure":1009.7,"temperature":24.49},"name":"mqtt_consumer","tags":{"topic":"arsip/sensor_bme280"},"timestamp":"2026-08-06 02:53:39"}
{"fields":{"humidity":47.03,"pressure":1009.7,"temperature":24.49},"name":"mqtt_consumer","tags":{"topic":"arsip/sensor_bme280"},"timestamp":"2026-08-06 02:53:40"}
{"fields":{"humidity":47.03,"pressure":1009.7,"temperature":24.49},"name":"mqtt_consumer","tags":{"topic":"arsip/sensor_bme280"},"timestamp":"2026-08-06 02:53:43"}
{"fields":{"humidity":45.39,"temperature":26},"name":"mqtt_consumer","tags":{"topic":"arsip/sensor_dht11"},"timestamp":"2026-08-06 02:53:44"}
{"fields":{"humidity":47.03,"pressure":1009.7,"temperature":24.49},"name":"mqtt_consumer","tags":{"topic":"arsip/sensor_bme280"},"timestamp":"2026-08-06 02:53:44"}
{"fields":{"humidity":47.03,"pressure":1009.7,"temperature":24.49},"name":"mqtt_consumer","tags":{"topic":"arsip/sensor_bme280"},"timestamp":"2026-08-06 02:53:47"}
{"fields":{"humidity":47.03,"pressure":1009.7,"temperature":24.49},"name":"mqtt_consumer","tags":{"topic":"arsip/sensor_bme280"},"timestamp":"2026-08-06 02:53:48"}
{"fields":{"humidity":47.03,"pressure":1009.7,"temperature":24.49},"name":"mqtt_consumer","tags":{"topic":"arsip/sensor_bme280"},"timestamp":"2026-08-06 02:53:51"}
{"fields":{"humidity":47.03,"pressure":1009.7,"temperature":24.49},"name":"mqtt_consumer","tags":{"topic":"arsip/sensor_bme280"},"timestamp":"2026-08-06 02:53:52"}
{"fields":{"humidity":47.03,"pressure":1009.7,"temperature":24.49},"name":"mqtt_consumer","tags":{"topic":"arsip/sensor_bme280"},"timestamp":"2026-08-06 02:53:55"}
{"fields":{"humidity":47.03,"pressure":1009.7,"temperature":24.49},"name":"mqtt_consumer","tags":{"topic":"arsip/sensor_bme280"},"timestamp":"2026-08-06 02:53:57"}
{"fields":{"humidity":47.32,"pressure":1009.6,"temperature":24.39},"name":"mqtt_consumer","tags":{"topic":"arsip/sensor_bme280"},"timestamp":"2026-08-06 02:53:59"}
{"fields":{"humidity":47.32,"pressure":1009.6,"temperature":24.39},"name":"mqtt_consumer","tags":{"topic":"arsip/sensor_bme280"},"timestamp":"2026-08-06 02:54:00"}
{"fields":{"humidity":47.32,"pressure":1009.6,"temperature":24.39},"name":"mqtt_consumer","tags":{"topic":"arsip/sensor_bme280"},"timestamp":"2026-08-06 02:54:03"}
{"fields":{"humidity":47.32,"pressure":1009.6,"temperature":24.39},"name":"mqtt_consumer","tags":{"topic":"arsip/sensor_bme280"},"timestamp":"2026-08-06 02:54:04"}
{"fields":{"humidity":47.32,"pressure":1009.6,"temperature":24.39},"name":"mqtt_consumer","tags":{"topic":"arsip/sensor_bme280"},"timestamp":"2026-08-06 02:54:08"}
{"fields":{"humidity":47.32,"pressure":1009.6,"temperature":24.39},"name":"mqtt_consumer","tags":{"topic":"arsip/sensor_bme280"},"timestamp":"2026-08-06 02:54:08"}
{"fields":{"humidity":47.32,"pressure":1009.6,"temperature":24.39},"name":"mqtt_consumer","tags":{"topic":"arsip/sensor_bme280"},"timestamp":"2026-08-06 02:54:11"}
{"fields":{"humidity":47.32,"pressure":1009.6,"temperature":24.39},"name":"mqtt_consumer","tags":{"topic":"arsip/sensor_bme280"},"timestamp":"2026-08-06 02:54:13"}
{"fields":{"humidity":45.39,"temperature":25.89},"name":"mqtt_consumer","tags":{"topic":"arsip/sensor_dht11"},"timestamp":"2026-08-06 02:54:14"}
{"fields":{"humidity":47.32,"pressure":1009.6,"temperature":24.39},"name":"mqtt_consumer","tags":{"topic":"arsip/sensor_bme280"},"timestamp":"2026-08-06 02:54:15"}
{"fields":{"humidity":47.32,"pressure":1009.6,"temperature":24.39},"name":"mqtt_consumer","tags":{"topic":"arsip/sensor_bme280"},"timestamp":"2026-08-06 02:54:17"}
{"fields":{"humidity":47.32,"pressure":1009.6,"temperature":24.39},"name":"mqtt_consumer","tags":{"topic":"arsip/sensor_bme280"},"timestamp":"2026-08-06 02:54:20"}
{"fields":{"humidity":47.32,"pressure":1009.6,"temperature":24.39},"name":"mqtt_consumer","tags":{"topic":"arsip/sensor_bme280"},"timestamp":"2026-08-06 02:54:21"}
{"fields":{"humidity":47.32,"pressure":1009.6,"temperature":24.39},"name":"mqtt_consumer","tags":{"topic":"arsip/sensor_bme280"},"timestamp":"2026-08-06 02:54:24"}
{"fields":{"humidity":47.32,"pressure":1009.6,"temperature":24.39},"name":"mqtt_consumer","tags":{"topic":"arsip/sensor_bme280"},"timestamp":"2026-08-06 02:54:25"}
{"fields":{"humidity":47.32,"pressure":1009.6,"temperature":24.39},"name":"mqtt_consumer","tags":{"topic":"arsip/sensor_bme280"},"timestamp":"2026-08-06 02:54:28"}
{"fields":{"humidity":47.2,"pressure":1009.67,"temperature":24.3},"name":"mqtt_consumer","tags":{"topic":"arsip/sensor_bme280"},"timestamp":"2026-08-06 02:54:29"}
{"fields":{"humidity":47.2,"pressure":1009.67,"temperature":24.3},"name":"mqtt_consumer","tags":{"topic":"arsip/sensor_bme280"},"timestamp":"2026-08-06 02:54:32"}
{"fields":{"humidity":47.2,"pressure":1009.67,"temperature":24.3},"name":"mqtt_consumer","tags":{"topic":"arsip/sensor_bme280"},"timestamp":"2026-08-06 02:54:33"}
{"fields":{"humidity":47.2,"pressure":1009.67,"temperature":24.3},"name":"mqtt_consumer","tags":{"topic":"arsip/sensor_bme280"},"timestamp":"2026-08-06 02:54:36"}
{"fields":{"humidity":47.2,"pressure":1009.67,"temperature":24.3},"name":"mqtt_consumer","tags":{"topic":"arsip/sensor_bme280"},"timestamp":"2026-08-06 02:54:37"}
{"fields":{"humidity":47.2,"pressure":1009.67,"temperature":24.3},"name":"mqtt_consumer","tags":{"topic":"arsip/sensor_bme280"},"timestamp":"2026-08-06 02:54:40"}
{"fields":{"humidity":47.2,"pressure":1009.67,"temperature":24.3},"name":"mqtt_consumer","tags":{"topic":"arsip/sensor_bme280"},"timestamp":"2026-08-06 02:54:41"}
{"fields":{"humidity":47.2,"pressure":1009.67,"temperature":24.3},"name":"mqtt_consumer","tags":{"topic":"arsip/sensor_bme280"},"timestamp":"2026-08-06 02:54:44"}
{"fields":{"humidity":44.98,"temperature":25.89},"name":"mqtt_consumer","tags":{"topic":"arsip/sensor_dht11"},"timestamp":"2026-08-06 02:54:44"}
{"fields":{"humidity":47.2,"pressure":1009.67,"temperature":24.3},"name":"mqtt_consumer","tags":{"topic":"arsip/sensor_bme280"},"timestamp":"2026-08-06 02:54:45"}
{"fields":{"humidity":47.2,"pressure":1009.67,"temperature":24.3},"name":"mqtt_consumer","tags":{"topic":"arsip/sensor_bme280"},"timestamp":"2026-08-06 02:54:48"}
{"fields":{"humidity":47.2,"pressure":1009.67,"temperature":24.3},"name":"mqtt_consumer","tags":{"topic":"arsip/sensor_bme280"},"timestamp":"2026-08-06 02:54:49"}
{"fields":{"humidity":47.2,"pressure":1009.67,"temperature":24.3},"name":"mqtt_consumer","tags":{"topic":"arsip/sensor_bme280"},"timestamp":"2026-08-06 02:54:52"}
{"fields":{"humidity":47.2,"pressure":1009.67,"temperature":24.3},"name":"mqtt_consumer","tags":{"topic":"arsip/sensor_bme280"},"timestamp":"2026-08-06 02:54:53"}
{"fields":{"hum_offset":0,"temp_offset":0},"name":"mqtt_consumer","tags":{"topic":"arsip/config"},"timestamp":"2026-08-06 02:55:13"}
{"fields":{"humidity":46.76,"pressure":1009.74,"temperature":24.18},"name":"mqtt_consumer","tags":{"topic":"arsip/sensor_bme280"},"timestamp":"2026-08-06 02:55:13"}
{"fields":{"humidity":44.82,"temperature":25.79},"name":"mqtt_consumer","tags":{"topic":"arsip/sensor_dht11"},"timestamp":"2026-08-06 02:55:14"}
{"fields":{"humidity":46.76,"pressure":1009.74,"temperature":24.18},"name":"mqtt_consumer","tags":{"topic":"arsip/sensor_bme280"},"timestamp":"2026-08-06 02:55:14"}
{"fields":{"humidity":46.76,"pressure":1009.74,"temperature":24.18},"name":"mqtt_consumer","tags":{"topic":"arsip/sensor_bme280"},"timestamp":"2026-08-06 02:55:17"}
{"fields":{"humidity":46.76,"pressure":1009.74,"temperature":24.18},"name":"mqtt_consumer","tags":{"topic":"arsip/sensor_bme280"},"timestamp":"2026-08-06 02:55:18"}
{"fields":{"humidity":46.76,"pressure":1009.74,"temperature":24.18},"name":"mqtt_consumer","tags":{"topic":"arsip/sensor_bme280"},"timestamp":"2026-08-06 02:55:21"}
{"fields":{"humidity":46.76,"pressure":1009.74,"temperature":24.18},"name":"mqtt_consumer","tags":{"topic":"arsip/sensor_bme280"},"timestamp":"2026-08-06 02:55:22"}
{"fields":{"humidity":46.76,"pressure":1009.74,"temperature":24.18},"name":"mqtt_consumer","tags":{"topic":"arsip/sensor_bme280"},"timestamp":"2026-08-06 02:55:25"}
{"fields":{"humidity":46.76,"pressure":1009.74,"temperature":24.18},"name":"mqtt_consumer","tags":{"topic":"arsip/sensor_bme280"},"timestamp":"2026-08-06 02:55:26"}
{"fields":{"humidity":46.76,"pressure":1009.74,"temperature":24.18},"name":"mqtt_consumer","tags":{"topic":"arsip/sensor_bme280"},"timestamp":"2026-08-06 02:55:29"}
{"fields":{"humidity":44.82,"temperature":25.79},"name":"mqtt_consumer","tags":{"topic":"arsip/sensor_dht11"},"timestamp":"2026-08-06 02:55:44"}
{"fields":{"hum_offset":0,"temp_offset":0},"name":"mqtt_consumer","tags":{"topic":"arsip/sensor_bme280/config"},"timestamp":"2026-08-06 02:56:10"}
{"fields":{"humidity":47.06,"pressure":1009.71,"temperature":24.26},"name":"mqtt_consumer","tags":{"topic":"arsip/sensor_bme280"},"timestamp":"2026-08-06 02:56:10"}
{"fields":{"humidity":47.06,"pressure":1009.71,"temperature":24.26},"name":"mqtt_consumer","tags":{"topic":"arsip/sensor_bme280"},"timestamp":"2026-08-06 02:56:11"}
{"fields":{"humidity":44.98,"temperature":25.68},"name":"mqtt_consumer","tags":{"topic":"arsip/sensor_dht11"},"timestamp":"2026-08-06 02:56:14"}
{"fields":{"humidity":47.06,"pressure":1009.71,"temperature":24.26},"name":"mqtt_consumer","tags":{"topic":"arsip/sensor_bme280"},"timestamp":"2026-08-06 02:56:14"}
{"fields":{"humidity":47.06,"pressure":1009.71,"temperature":24.26},"name":"mqtt_consumer","tags":{"topic":"arsip/sensor_bme280"},"timestamp":"2026-08-06 02:56:15"}
{"fields":{"humidity":47.06,"pressure":1009.71,"temperature":24.26},"name":"mqtt_consumer","tags":{"topic":"arsip/sensor_bme280"},"timestamp":"2026-08-06 02:56:18"}
{"fields":{"humidity":47.06,"pressure":1009.71,"temperature":24.26},"name":"mqtt_consumer","tags":{"topic":"arsip/sensor_bme280"},"timestamp":"2026-08-06 02:56:19"}
{"fields":{"humidity":47.06,"pressure":1009.71,"temperature":24.26},"name":"mqtt_consumer","tags":{"topic":"arsip/sensor_bme280"},"timestamp":"2026-08-06 02:56:22"}
{"fields":{"humidity":47.06,"pressure":1009.71,"temperature":24.26},"name":"mqtt_consumer","tags":{"topic":"arsip/sensor_bme280"},"timestamp":"2026-08-06 02:56:23"}
{"fields":{"humidity":47.06,"pressure":1009.71,"temperature":24.26},"name":"mqtt_consumer","tags":{"topic":"arsip/sensor_bme280"},"timestamp":"2026-08-06 02:56:26"}
{"fields":{"humidity":47.06,"pressure":1009.71,"temperature":24.26},"name":"mqtt_consumer","tags":{"topic":"arsip/sensor_bme280"},"timestamp":"2026-08-06 02:56:27"}
{"fields":{"humidity":47.06,"pressure":1009.71,"temperature":24.26},"name":"mqtt_consumer","tags":{"topic":"arsip/sensor_bme280"},"timestamp":"2026-08-06 02:56:30"}
{"fields":{"humidity":47.06,"pressure":1009.71,"temperature":24.26},"name":"mqtt_consumer","tags":{"topic":"arsip/sensor_bme280"},"timestamp":"2026-08-06 02:56:31"}
{"fields":{"humidity":47.06,"pressure":1009.71,"temperature":24.26},"name":"mqtt_consumer","tags":{"topic":"arsip/sensor_bme280"},"timestamp":"2026-08-06 02:56:34"}
{"fields":{"humidity":47.06,"pressure":1009.71,"temperature":24.26},"name":"mqtt_consumer","tags":{"topic":"arsip/sensor_bme280"},"timestamp":"2026-08-06 02:56:35"}
{"fields":{"humidity":47.26,"pressure":1009.67,"temperature":24.32},"name":"mqtt_consumer","tags":{"topic":"arsip/sensor_bme280"},"timestamp":"2026-08-06 02:56:38"}
{"fields":{"humidity":47.26,"pressure":1009.67,"temperature":24.32},"name":"mqtt_consumer","tags":{"topic":"arsip/sensor_bme280"},"timestamp":"2026-08-06 02:56:39"}
{"fields":{"humidity":47.26,"pressure":1009.67,"temperature":24.32},"name":"mqtt_consumer","tags":{"topic":"arsip/sensor_bme280"},"timestamp":"2026-08-06 02:56:42"}
{"fields":{"humidity":47.26,"pressure":1009.67,"temperature":24.32},"name":"mqtt_consumer","tags":{"topic":"arsip/sensor_bme280"},"timestamp":"2026-08-06 02:56:43"}
{"fields":{"humidity":45.15,"temperature":25.68},"name":"mqtt_consumer","tags":{"topic":"arsip/sensor_dht11"},"timestamp":"2026-08-06 02:56:44"}
{"fields":{"humidity":47.26,"pressure":1009.67,"temperature":24.32},"name":"mqtt_consumer","tags":{"topic":"arsip/sensor_bme280"},"timestamp":"2026-08-06 02:56:46"}
{"fields":{"humidity":47.26,"pressure":1009.67,"temperature":24.32},"name":"mqtt_consumer","tags":{"topic":"arsip/sensor_bme280"},"timestamp":"2026-08-06 02:56:47"}
{"fields":{"humidity":47.26,"pressure":1009.67,"temperature":24.32},"name":"mqtt_consumer","tags":{"topic":"arsip/sensor_bme280"},"timestamp":"2026-08-06 02:56:50"}
{"fields":{"humidity":47.26,"pressure":1009.67,"temperature":24.32},"name":"mqtt_consumer","tags":{"topic":"arsip/sensor_bme280"},"timestamp":"2026-08-06 02:56:51"}
{"fields":{"humidity":47.26,"pressure":1009.67,"temperature":24.32},"name":"mqtt_consumer","tags":{"topic":"arsip/sensor_bme280"},"timestamp":"2026-08-06 02:56:54"}
{"fields":{"humidity":47.26,"pressure":1009.67,"temperature":24.32},"name":"mqtt_consumer","tags":{"topic":"arsip/sensor_bme280"},"timestamp":"2026-08-06 02:56:55"}
{"fields":{"humidity":47.26,"pressure":1009.67,"temperature":24.32},"name":"mqtt_consumer","tags":{"topic":"arsip/sensor_bme280"},"timestamp":"2026-08-06 02:56:58"}
{"fields":{"humidity":47.26,"pressure":1009.67,"temperature":24.32},"name":"mqtt_consumer","tags":{"topic":"arsip/sensor_bme280"},"timestamp":"2026-08-06 02:56:59"}
{"fields":{"humidity":47.26,"pressure":1009.67,"temperature":24.32},"name":"mqtt_consumer","tags":{"topic":"arsip/sensor_bme280"},"timestamp":"2026-08-06 02:57:02"}
{"fields":{"humidity":47.26,"pressure":1009.67,"temperature":24.32},"name":"mqtt_consumer","tags":{"topic":"arsip/sensor_bme280"},"timestamp":"2026-08-06 02:57:03"}
{"fields":{"humidity":47.26,"pressure":1009.67,"temperature":24.32},"name":"mqtt_consumer","tags":{"topic":"arsip/sensor_bme280"},"timestamp":"2026-08-06 02:57:06"}
{"fields":{"humidity":46.88,"pressure":1009.71,"temperature":24.39},"name":"mqtt_consumer","tags":{"topic":"arsip/sensor_bme280"},"timestamp":"2026-08-06 02:57:07"}
{"fields":{"humidity":46.88,"pressure":1009.71,"temperature":24.39},"name":"mqtt_consumer","tags":{"topic":"arsip/sensor_bme280"},"timestamp":"2026-08-06 02:57:10"}
{"fields":{"humidity":46.88,"pressure":1009.71,"temperature":24.39},"name":"mqtt_consumer","tags":{"topic":"arsip/sensor_bme280"},"timestamp":"2026-08-06 02:57:11"}
{"fields":{"humidity":45.15,"temperature":25.79},"name":"mqtt_consumer","tags":{"topic":"arsip/sensor_dht11"},"timestamp":"2026-08-06 02:57:14"}
{"fields":{"humidity":46.88,"pressure":1009.71,"temperature":24.39},"name":"mqtt_consumer","tags":{"topic":"arsip/sensor_bme280"},"timestamp":"2026-08-06 02:57:14"}
{"fields":{"humidity":46.88,"pressure":1009.71,"temperature":24.39},"name":"mqtt_consumer","tags":{"topic":"arsip/sensor_bme280"},"timestamp":"2026-08-06 02:57:15"}
{"fields":{"humidity":46.88,"pressure":1009.71,"temperature":24.39},"name":"mqtt_consumer","tags":{"topic":"arsip/sensor_bme280"},"timestamp":"2026-08-06 02:57:18"}
{"fields":{"humidity":46.88,"pressure":1009.71,"temperature":24.39},"name":"mqtt_consumer","tags":{"topic":"arsip/sensor_bme280"},"timestamp":"2026-08-06 02:57:19"}
{"fields":{"humidity":46.88,"pressure":1009.71,"temperature":24.39},"name":"mqtt_consumer","tags":{"topic":"arsip/sensor_bme280"},"timestamp":"2026-08-06 02:57:22"}
{"fields":{"humidity":46.88,"pressure":1009.71,"temperature":24.39},"name":"mqtt_consumer","tags":{"topic":"arsip/sensor_bme280"},"timestamp":"2026-08-06 02:57:23"}
{"fields":{"humidity":46.88,"pressure":1009.71,"temperature":24.39},"name":"mqtt_consumer","tags":{"topic":"arsip/sensor_bme280"},"timestamp":"2026-08-06 02:57:26"}
{"fields":{"humidity":46.88,"pressure":1009.71,"temperature":24.39},"name":"mqtt_consumer","tags":{"topic":"arsip/sensor_bme280"},"timestamp":"2026-08-06 02:57:27"}
{"fields":{"humidity":46.88,"pressure":1009.71,"temperature":24.39},"name":"mqtt_consumer","tags":{"topic":"arsip/sensor_bme280"},"timestamp":"2026-08-06 02:57:30"}
{"fields":{"humidity":46.88,"pressure":1009.71,"temperature":24.39},"name":"mqtt_consumer","tags":{"topic":"arsip/sensor_bme280"},"timestamp":"2026-08-06 02:57:31"}
{"fields":{"humidity":46.88,"pressure":1009.71,"temperature":24.39},"name":"mqtt_consumer","tags":{"topic":"arsip/sensor_bme280"},"timestamp":"2026-08-06 02:57:34"}
{"fields":{"humidity":46.88,"pressure":1009.71,"temperature":24.39},"name":"mqtt_consumer","tags":{"topic":"arsip/sensor_bme280"},"timestamp":"2026-08-06 02:57:35"}
{"fields":{"humidity":46.61,"pressure":1009.67,"temperature":24.37},"name":"mqtt_consumer","tags":{"topic":"arsip/sensor_bme280"},"timestamp":"2026-08-06 02:57:38"}
{"fields":{"humidity":46.61,"pressure":1009.67,"temperature":24.37},"name":"mqtt_consumer","tags":{"topic":"arsip/sensor_bme280"},"timestamp":"2026-08-06 02:57:39"}
{"fields":{"humidity":46.61,"pressure":1009.67,"temperature":24.37},"name":"mqtt_consumer","tags":{"topic":"arsip/sensor_bme280"},"timestamp":"2026-08-06 02:57:42"}
{"fields":{"humidity":46.61,"pressure":1009.67,"temperature":24.37},"name":"mqtt_consumer","tags":{"topic":"arsip/sensor_bme280"},"timestamp":"2026-08-06 02:57:43"}
{"fields":{"humidity":45.15,"temperature":25.79},"name":"mqtt_consumer","tags":{"topic":"arsip/sensor_dht11"},"timestamp":"2026-08-06 02:57:44"}
{"fields":{"humidity":46.61,"pressure":1009.67,"temperature":24.37},"name":"mqtt_consumer","tags":{"topic":"arsip/sensor_bme280"},"timestamp":"2026-08-06 02:57:46"}
{"fields":{"humidity":46.61,"pressure":1009.67,"temperature":24.37},"name":"mqtt_consumer","tags":{"topic":"arsip/sensor_bme280"},"timestamp":"2026-08-06 02:57:47"}
{"fields":{"humidity":46.61,"pressure":1009.67,"temperature":24.37},"name":"mqtt_consumer","tags":{"topic":"arsip/sensor_bme280"},"timestamp":"2026-08-06 02:57:50"}
{"fields":{"humidity":46.61,"pressure":1009.67,"temperature":24.37},"name":"mqtt_consumer","tags":{"topic":"arsip/sensor_bme280"},"timestamp":"2026-08-06 02:57:51"}
{"fields":{"humidity":46.61,"pressure":1009.67,"temperature":24.37},"name":"mqtt_consumer","tags":{"topic":"arsip/sensor_bme280"},"timestamp":"2026-08-06 02:57:54"}
{"fields":{"humidity":46.61,"pressure":1009.67,"temperature":24.37},"name":"mqtt_consumer","tags":{"topic":"arsip/sensor_bme280"},"timestamp":"2026-08-06 02:57:55"}
{"fields":{"humidity":46.61,"pressure":1009.67,"temperature":24.37},"name":"mqtt_consumer","tags":{"topic":"arsip/sensor_bme280"},"timestamp":"2026-08-06 02:57:58"}
{"fields":{"humidity":46.61,"pressure":1009.67,"temperature":24.37},"name":"mqtt_consumer","tags":{"topic":"arsip/sensor_bme280"},"timestamp":"2026-08-06 02:57:59"}
{"fields":{"humidity":46.61,"pressure":1009.67,"temperature":24.37},"name":"mqtt_consumer","tags":{"topic":"arsip/sensor_bme280"},"timestamp":"2026-08-06 02:58:02"}
{"fields":{"humidity":46.61,"pressure":1009.67,"temperature":24.37},"name":"mqtt_consumer","tags":{"topic":"arsip/sensor_bme280"},"timestamp":"2026-08-06 02:58:03"}
{"fields":{"humidity":46.61,"pressure":1009.67,"temperature":24.37},"name":"mqtt_consumer","tags":{"topic":"arsip/sensor_bme280"},"timestamp":"2026-08-06 02:58:06"}
{"fields":{"humidity":47.01,"pressure":1009.71,"temperature":24.46},"name":"mqtt_consumer","tags":{"topic":"arsip/sensor_bme280"},"timestamp":"2026-08-06 02:58:07"}
{"fields":{"humidity":47.01,"pressure":1009.71,"temperature":24.46},"name":"mqtt_consumer","tags":{"topic":"arsip/sensor_bme280"},"timestamp":"2026-08-06 02:58:10"}
{"fields":{"humidity":47.01,"pressure":1009.71,"temperature":24.46},"name":"mqtt_consumer","tags":{"topic":"arsip/sensor_bme280"},"timestamp":"2026-08-06 02:58:11"}
{"fields":{"humidity":45.15,"temperature":25.79},"name":"mqtt_consumer","tags":{"topic":"arsip/sensor_dht11"},"timestamp":"2026-08-06 02:58:14"}
{"fields":{"humidity":47.01,"pressure":1009.71,"temperature":24.46},"name":"mqtt_consumer","tags":{"topic":"arsip/sensor_bme280"},"timestamp":"2026-08-06 02:58:14"}
{"fields":{"humidity":47.01,"pressure":1009.71,"temperature":24.46},"name":"mqtt_consumer","tags":{"topic":"arsip/sensor_bme280"},"timestamp":"2026-08-06 02:58:15"}
{"fields":{"humidity":47.01,"pressure":1009.71,"temperature":24.46},"name":"mqtt_consumer","tags":{"topic":"arsip/sensor_bme280"},"timestamp":"2026-08-06 02:58:18"}
{"fields":{"humidity":47.01,"pressure":1009.71,"temperature":24.46},"name":"mqtt_consumer","tags":{"topic":"arsip/sensor_bme280"},"timestamp":"2026-08-06 02:58:19"}
{"fields":{"humidity":47.01,"pressure":1009.71,"temperature":24.46},"name":"mqtt_consumer","tags":{"topic":"arsip/sensor_bme280"},"timestamp":"2026-08-06 02:58:22"}
{"fields":{"humidity":47.01,"pressure":1009.71,"temperature":24.46},"name":"mqtt_consumer","tags":{"topic":"arsip/sensor_bme280"},"timestamp":"2026-08-06 02:58:23"}
{"fields":{"humidity":47.01,"pressure":1009.71,"temperature":24.46},"name":"mqtt_consumer","tags":{"topic":"arsip/sensor_bme280"},"timestamp":"2026-08-06 02:58:26"}
{"fields":{"humidity":47.01,"pressure":1009.71,"temperature":24.46},"name":"mqtt_consumer","tags":{"topic":"arsip/sensor_bme280"},"timestamp":"2026-08-06 02:58:27"}
{"fields":{"humidity":47.01,"pressure":1009.71,"temperature":24.46},"name":"mqtt_consumer","tags":{"topic":"arsip/sensor_bme280"},"timestamp":"2026-08-06 02:58:30"}
{"fields":{"humidity":47.01,"pressure":1009.71,"temperature":24.46},"name":"mqtt_consumer","tags":{"topic":"arsip/sensor_bme280"},"timestamp":"2026-08-06 02:58:31"}
{"fields":{"humidity":47.01,"pressure":1009.71,"temperature":24.46},"name":"mqtt_consumer","tags":{"topic":"arsip/sensor_bme280"},"timestamp":"2026-08-06 02:58:34"}
{"fields":{"humidity":47.01,"pressure":1009.71,"temperature":24.46},"name":"mqtt_consumer","tags":{"topic":"arsip/sensor_bme280"},"timestamp":"2026-08-06 02:58:35"}
{"fields":{"humidity":46.9,"pressure":1009.65,"temperature":24.39},"name":"mqtt_consumer","tags":{"topic":"arsip/sensor_bme280"},"timestamp":"2026-08-06 02:58:38"}
{"fields":{"humidity":46.9,"pressure":1009.65,"temperature":24.39},"name":"mqtt_consumer","tags":{"topic":"arsip/sensor_bme280"},"timestamp":"2026-08-06 02:58:39"}
{"fields":{"humidity":46.9,"pressure":1009.65,"temperature":24.39},"name":"mqtt_consumer","tags":{"topic":"arsip/sensor_bme280"},"timestamp":"2026-08-06 02:58:42"}
{"fields":{"humidity":46.9,"pressure":1009.65,"temperature":24.39},"name":"mqtt_consumer","tags":{"topic":"arsip/sensor_bme280"},"timestamp":"2026-08-06 02:58:43"}
{"fields":{"humidity":44.98,"temperature":25.89},"name":"mqtt_consumer","tags":{"topic":"arsip/sensor_dht11"},"timestamp":"2026-08-06 02:58:44"}
{"fields":{"humidity":46.9,"pressure":1009.65,"temperature":24.39},"name":"mqtt_consumer","tags":{"topic":"arsip/sensor_bme280"},"timestamp":"2026-08-06 02:58:46"}
{"fields":{"humidity":46.9,"pressure":1009.65,"temperature":24.39},"name":"mqtt_consumer","tags":{"topic":"arsip/sensor_bme280"},"timestamp":"2026-08-06 02:58:47"}
{"fields":{"humidity":46.9,"pressure":1009.65,"temperature":24.39},"name":"mqtt_consumer","tags":{"topic":"arsip/sensor_bme280"},"timestamp":"2026-08-06 02:58:50"}
{"fields":{"humidity":46.9,"pressure":1009.65,"temperature":24.39},"name":"mqtt_consumer","tags":{"topic":"arsip/sensor_bme280"},"timestamp":"2026-08-06 02:58:51"}
{"fields":{"humidity":46.9,"pressure":1009.65,"temperature":24.39},"name":"mqtt_consumer","tags":{"topic":"arsip/sensor_bme280"},"timestamp":"2026-08-06 02:58:54"}
{"fields":{"humidity":46.9,"pressure":1009.65,"temperature":24.39},"name":"mqtt_consumer","tags":{"topic":"arsip/sensor_bme280"},"timestamp":"2026-08-06 02:58:55"}
{"fields":{"humidity":46.9,"pressure":1009.65,"temperature":24.39},"name":"mqtt_consumer","tags":{"topic":"arsip/sensor_bme280"},"timestamp":"2026-08-06 02:58:58"}
{"fields":{"humidity":46.9,"pressure":1009.65,"temperature":24.39},"name":"mqtt_consumer","tags":{"topic":"arsip/sensor_bme280"},"timestamp":"2026-08-06 02:58:59"}
{"fields":{"humidity":46.9,"pressure":1009.65,"temperature":24.39},"name":"mqtt_consumer","tags":{"topic":"arsip/sensor_bme280"},"timestamp":"2026-08-06 02:59:02"}
{"fields":{"humidity":46.9,"pressure":1009.65,"temperature":24.39},"name":"mqtt_consumer","tags":{"topic":"arsip/sensor_bme280"},"timestamp":"2026-08-06 02:59:03"}
{"fields":{"humidity":46.9,"pressure":1009.65,"temperature":24.39},"name":"mqtt_consumer","tags":{"topic":"arsip/sensor_bme280"},"timestamp":"2026-08-06 02:59:06"}
{"fields":{"humidity":46.73,"pressure":1009.61,"temperature":24.32},"name":"mqtt_consumer","tags":{"topic":"arsip/sensor_bme280"},"timestamp":"2026-08-06 02:59:07"}
{"fields":{"humidity":46.73,"pressure":1009.61,"temperature":24.32},"name":"mqtt_consumer","tags":{"topic":"arsip/sensor_bme280"},"timestamp":"2026-08-06 02:59:10"}
{"fields":{"humidity":46.73,"pressure":1009.61,"temperature":24.32},"name":"mqtt_consumer","tags":{"topic":"arsip/sensor_bme280"},"timestamp":"2026-08-06 02:59:11"}
{"fields":{"humidity":44.9,"temperature":25.79},"name":"mqtt_consumer","tags":{"topic":"arsip/sensor_dht11"},"timestamp":"2026-08-06 02:59:14"}
{"fields":{"humidity":46.73,"pressure":1009.61,"temperature":24.32},"name":"mqtt_consumer","tags":{"topic":"arsip/sensor_bme280"},"timestamp":"2026-08-06 02:59:14"}
{"fields":{"humidity":46.73,"pressure":1009.61,"temperature":24.32},"name":"mqtt_consumer","tags":{"topic":"arsip/sensor_bme280"},"timestamp":"2026-08-06 02:59:15"}
{"fields":{"humidity":46.73,"pressure":1009.61,"temperature":24.32},"name":"mqtt_consumer","tags":{"topic":"arsip/sensor_bme280"},"timestamp":"2026-08-06 02:59:18"}
{"fields":{"humidity":46.73,"pressure":1009.61,"temperature":24.32},"name":"mqtt_consumer","tags":{"topic":"arsip/sensor_bme280"},"timestamp":"2026-08-06 02:59:19"}
{"fields":{"humidity":46.73,"pressure":1009.61,"temperature":24.32},"name":"mqtt_consumer","tags":{"topic":"arsip/sensor_bme280"},"timestamp":"2026-08-06 02:59:22"}
{"fields":{"humidity":46.73,"pressure":1009.61,"temperature":24.32},"name":"mqtt_consumer","tags":{"topic":"arsip/sensor_bme280"},"timestamp":"2026-08-06 02:59:23"}
{"fields":{"humidity":46.73,"pressure":1009.61,"temperature":24.32},"name":"mqtt_consumer","tags":{"topic":"arsip/sensor_bme280"},"timestamp":"2026-08-06 02:59:26"}
{"fields":{"humidity":46.73,"pressure":1009.61,"temperature":24.32},"name":"mqtt_consumer","tags":{"topic":"arsip/sensor_bme280"},"timestamp":"2026-08-06 02:59:27"}
{"fields":{"humidity":46.73,"pressure":1009.61,"temperature":24.32},"name":"mqtt_consumer","tags":{"topic":"arsip/sensor_bme280"},"timestamp":"2026-08-06 02:59:30"}
{"fields":{"humidity":46.73,"pressure":1009.61,"temperature":24.32},"name":"mqtt_consumer","tags":{"topic":"arsip/sensor_bme280"},"timestamp":"2026-08-06 02:59:31"}
{"fields":{"humidity":46.73,"pressure":1009.61,"temperature":24.32},"name":"mqtt_consumer","tags":{"topic":"arsip/sensor_bme280"},"timestamp":"2026-08-06 02:59:34"}
{"fields":{"humidity":46.73,"pressure":1009.61,"temperature":24.32},"name":"mqtt_consumer","tags":{"topic":"arsip/sensor_bme280"},"timestamp":"2026-08-06 02:59:35"}
{"fields":{"humidity":47.34,"pressure":1009.65,"temperature":24.36},"name":"mqtt_consumer","tags":{"topic":"arsip/sensor_bme280"},"timestamp":"2026-08-06 02:59:38"}
{"fields":{"humidity":47.34,"pressure":1009.65,"temperature":24.36},"name":"mqtt_consumer","tags":{"topic":"arsip/sensor_bme280"},"timestamp":"2026-08-06 02:59:39"}
{"fields":{"humidity":47.34,"pressure":1009.65,"temperature":24.36},"name":"mqtt_consumer","tags":{"topic":"arsip/sensor_bme280"},"timestamp":"2026-08-06 02:59:42"}
{"fields":{"humidity":47.34,"pressure":1009.65,"temperature":24.36},"name":"mqtt_consumer","tags":{"topic":"arsip/sensor_bme280"},"timestamp":"2026-08-06 02:59:43"}
{"fields":{"humidity":45.15,"temperature":25.68},"name":"mqtt_consumer","tags":{"topic":"arsip/sensor_dht11"},"timestamp":"2026-08-06 02:59:44"}
{"fields":{"humidity":47.34,"pressure":1009.65,"temperature":24.36},"name":"mqtt_consumer","tags":{"topic":"arsip/sensor_bme280"},"timestamp":"2026-08-06 02:59:46"}
{"fields":{"humidity":47.34,"pressure":1009.65,"temperature":24.36},"name":"mqtt_consumer","tags":{"topic":"arsip/sensor_bme280"},"timestamp":"2026-08-06 02:59:47"}
{"fields":{"humidity":47.34,"pressure":1009.65,"temperature":24.36},"name":"mqtt_consumer","tags":{"topic":"arsip/sensor_bme280"},"timestamp":"2026-08-06 02:59:50"}
{"fields":{"humidity":47.34,"pressure":1009.65,"temperature":24.36},"name":"mqtt_consumer","tags":{"topic":"arsip/sensor_bme280"},"timestamp":"2026-08-06 02:59:51"}
{"fields":{"humidity":47.34,"pressure":1009.65,"temperature":24.36},"name":"mqtt_consumer","tags":{"topic":"arsip/sensor_bme280"},"timestamp":"2026-08-06 02:59:54"}
{"fields":{"humidity":47.34,"pressure":1009.65,"temperature":24.36},"name":"mqtt_consumer","tags":{"topic":"arsip/sensor_bme280"},"timestamp":"2026-08-06 02:59:55"}
{"fields":{"humidity":47.34,"pressure":1009.65,"temperature":24.36},"name":"mqtt_consumer","tags":{"topic":"arsip/sensor_bme280"},"timestamp":"2026-08-06 02:59:58"}
{"fields":{"humidity":47.34,"pressure":1009.65,"temperature":24.36},"name":"mqtt_consumer","tags":{"topic":"arsip/sensor_bme280"},"timestamp":"2026-08-06 02:59:59"}
{"fields":{"humidity":47.34,"pressure":1009.65,"temperature":24.36},"name":"mqtt_consumer","tags":{"topic":"arsip/sensor_bme280"},"timestamp":"2026-08-06 03:00:02"}
{"fields":{"humidity":47.34,"pressure":1009.65,"temperature":24.36},"name":"mqtt_consumer","tags":{"topic":"arsip/sensor_bme280"},"timestamp":"2026-08-06 03:00:03"}
{"fields":{"humidity":47.34,"pressure":1009.65,"temperature":24.36},"name":"mqtt_consumer","tags":{"topic":"arsip/sensor_bme280"},"timestamp":"2026-08-06 03:00:06"}
{"fields":{"humidity":47.61,"pressure":1009.6,"temperature":24.31},"name":"mqtt_consumer","tags":{"topic":"arsip/sensor_bme280"},"timestamp":"2026-08-06 03:00:07"}
{"fields":{"humidity":47.61,"pressure":1009.6,"temperature":24.31},"name":"mqtt_consumer","tags":{"topic":"arsip/sensor_bme280"},"timestamp":"2026-08-06 03:00:10"}
{"fields":{"humidity":47.61,"pressure":1009.6,"temperature":24.31},"name":"mqtt_consumer","tags":{"topic":"arsip/sensor_bme280"},"timestamp":"2026-08-06 03:00:11"}
{"fields":{"humidity":45.39,"temperature":25.79},"name":"mqtt_consumer","tags":{"topic":"arsip/sensor_dht11"},"timestamp":"2026-08-06 03:00:14"}
{"fields":{"humidity":47.61,"pressure":1009.6,"temperature":24.31},"name":"mqtt_consumer","tags":{"topic":"arsip/sensor_bme280"},"timestamp":"2026-08-06 03:00:14"}
{"fields":{"humidity":47.61,"pressure":1009.6,"temperature":24.31},"name":"mqtt_consumer","tags":{"topic":"arsip/sensor_bme280"},"timestamp":"2026-08-06 03:00:15"}
{"fields":{"humidity":47.61,"pressure":1009.6,"temperature":24.31},"name":"mqtt_consumer","tags":{"topic":"arsip/sensor_bme280"},"timestamp":"2026-08-06 03:00:18"}
{"fields":{"humidity":47.61,"pressure":1009.6,"temperature":24.31},"name":"mqtt_consumer","tags":{"topic":"arsip/sensor_bme280"},"timestamp":"2026-08-06 03:00:19"}
{"fields":{"humidity":47.61,"pressure":1009.6,"temperature":24.31},"name":"mqtt_consumer","tags":{"topic":"arsip/sensor_bme280"},"timestamp":"2026-08-06 03:00:22"}
{"fields":{"humidity":47.61,"pressure":1009.6,"temperature":24.31},"name":"mqtt_consumer","tags":{"topic":"arsip/sensor_bme280"},"timestamp":"2026-08-06 03:00:23"}
{"fields":{"humidity":47.61,"pressure":1009.6,"temperature":24.31},"name":"mqtt_consumer","tags":{"topic":"arsip/sensor_bme280"},"timestamp":"2026-08-06 03:00:26"}
{"fields":{"humidity":47.61,"pressure":1009.6,"temperature":24.31},"name":"mqtt_consumer","tags":{"topic":"arsip/sensor_bme280"},"timestamp":"2026-08-06 03:00:27"}
{"fields":{"humidity":47.61,"pressure":1009.6,"temperature":24.31},"name":"mqtt_consumer","tags":{"topic":"arsip/sensor_bme280"},"timestamp":"2026-08-06 03:00:30"}
{"fields":{"humidity":47.61,"pressure":1009.6,"temperature":24.31},"name":"mqtt_consumer","tags":{"topic":"arsip/sensor_bme280"},"timestamp":"2026-08-06 03:00:31"}
{"fields":{"humidity":47.61,"pressure":1009.6,"temperature":24.31},"name":"mqtt_consumer","tags":{"topic":"arsip/sensor_bme280"},"timestamp":"2026-08-06 03:00:34"}
{"fields":{"humidity":47.61,"pressure":1009.6,"temperature":24.31},"name":"mqtt_consumer","tags":{"topic":"arsip/sensor_bme280"},"timestamp":"2026-08-06 03:00:35"}
{"fields":{"humidity":47.46,"pressure":1009.68,"temperature":24.32},"name":"mqtt_consumer","tags":{"topic":"arsip/sensor_bme280"},"timestamp":"2026-08-06 03:00:38"}
{"fields":{"humidity":47.46,"pressure":1009.68,"temperature":24.32},"name":"mqtt_consumer","tags":{"topic":"arsip/sensor_bme280"},"timestamp":"2026-08-06 03:00:39"}
{"fields":{"humidity":47.46,"pressure":1009.68,"temperature":24.32},"name":"mqtt_consumer","tags":{"topic":"arsip/sensor_bme280"},"timestamp":"2026-08-06 03:00:42"}
{"fields":{"humidity":47.46,"pressure":1009.68,"temperature":24.32},"name":"mqtt_consumer","tags":{"topic":"arsip/sensor_bme280"},"timestamp":"2026-08-06 03:00:43"}
{"fields":{"humidity":45.39,"temperature":25.79},"name":"mqtt_consumer","tags":{"topic":"arsip/sensor_dht11"},"timestamp":"2026-08-06 03:00:44"}
{"fields":{"humidity":47.46,"pressure":1009.68,"temperature":24.32},"name":"mqtt_consumer","tags":{"topic":"arsip/sensor_bme280"},"timestamp":"2026-08-06 03:00:46"}
{"fields":{"humidity":47.46,"pressure":1009.68,"temperature":24.32},"name":"mqtt_consumer","tags":{"topic":"arsip/sensor_bme280"},"timestamp":"2026-08-06 03:00:47"}
{"fields":{"humidity":47.46,"pressure":1009.68,"temperature":24.32},"name":"mqtt_consumer","tags":{"topic":"arsip/sensor_bme280"},"timestamp":"2026-08-06 03:00:50"}
{"fields":{"humidity":47.46,"pressure":1009.68,"temperature":24.32},"name":"mqtt_consumer","tags":{"topic":"arsip/sensor_bme280"},"timestamp":"2026-08-06 03:00:51"}
{"fields":{"humidity":47.46,"pressure":1009.68,"temperature":24.32},"name":"mqtt_consumer","tags":{"topic":"arsip/sensor_bme280"},"timestamp":"2026-08-06 03:00:54"}
{"fields":{"humidity":47.46,"pressure":1009.68,"temperature":24.32},"name":"mqtt_consumer","tags":{"topic":"arsip/sensor_bme280"},"timestamp":"2026-08-06 03:00:55"}
{"fields":{"humidity":47.46,"pressure":1009.68,"temperature":24.32},"name":"mqtt_consumer","tags":{"topic":"arsip/sensor_bme280"},"timestamp":"2026-08-06 03:00:58"}
{"fields":{"humidity":47.46,"pressure":1009.68,"temperature":24.32},"name":"mqtt_consumer","tags":{"topic":"arsip/sensor_bme280"},"timestamp":"2026-08-06 03:00:59"}
{"fields":{"humidity":47.46,"pressure":1009.68,"temperature":24.32},"name":"mqtt_consumer","tags":{"topic":"arsip/sensor_bme280"},"timestamp":"2026-08-06 03:01:02"}
{"fields":{"humidity":47.46,"pressure":1009.68,"temperature":24.32},"name":"mqtt_consumer","tags":{"topic":"arsip/sensor_bme280"},"timestamp":"2026-08-06 03:01:03"}
{"fields":{"humidity":47.46,"pressure":1009.68,"temperature":24.32},"name":"mqtt_consumer","tags":{"topic":"arsip/sensor_bme280"},"timestamp":"2026-08-06 03:01:06"}
{"fields":{"humidity":48.1,"pressure":1009.66,"temperature":24.43},"name":"mqtt_consumer","tags":{"topic":"arsip/sensor_bme280"},"timestamp":"2026-08-06 03:01:07"}
{"fields":{"humidity":48.1,"pressure":1009.66,"temperature":24.43},"name":"mqtt_consumer","tags":{"topic":"arsip/sensor_bme280"},"timestamp":"2026-08-06 03:01:10"}
{"fields":{"humidity":48.1,"pressure":1009.66,"temperature":24.43},"name":"mqtt_consumer","tags":{"topic":"arsip/sensor_bme280"},"timestamp":"2026-08-06 03:01:11"}
{"fields":{"humidity":45.63,"temperature":25.79},"name":"mqtt_consumer","tags":{"topic":"arsip/sensor_dht11"},"timestamp":"2026-08-06 03:01:14"}
{"fields":{"humidity":48.1,"pressure":1009.66,"temperature":24.43},"name":"mqtt_consumer","tags":{"topic":"arsip/sensor_bme280"},"timestamp":"2026-08-06 03:01:14"}
{"fields":{"humidity":48.1,"pressure":1009.66,"temperature":24.43},"name":"mqtt_consumer","tags":{"topic":"arsip/sensor_bme280"},"timestamp":"2026-08-06 03:01:15"}
{"fields":{"humidity":48.1,"pressure":1009.66,"temperature":24.43},"name":"mqtt_consumer","tags":{"topic":"arsip/sensor_bme280"},"timestamp":"2026-08-06 03:01:18"}
{"fields":{"humidity":48.1,"pressure":1009.66,"temperature":24.43},"name":"mqtt_consumer","tags":{"topic":"arsip/sensor_bme280"},"timestamp":"2026-08-06 03:01:19"}
{"fields":{"humidity":48.1,"pressure":1009.66,"temperature":24.43},"name":"mqtt_consumer","tags":{"topic":"arsip/sensor_bme280"},"timestamp":"2026-08-06 03:01:22"}
{"fields":{"humidity":48.1,"pressure":1009.66,"temperature":24.43},"name":"mqtt_consumer","tags":{"topic":"arsip/sensor_bme280"},"timestamp":"2026-08-06 03:01:23"}
{"fields":{"humidity":48.1,"pressure":1009.66,"temperature":24.43},"name":"mqtt_consumer","tags":{"topic":"arsip/sensor_bme280"},"timestamp":"2026-08-06 03:01:26"}
{"fields":{"humidity":48.1,"pressure":1009.66,"temperature":24.43},"name":"mqtt_consumer","tags":{"topic":"arsip/sensor_bme280"},"timestamp":"2026-08-06 03:01:27"}
{"fields":{"humidity":48.1,"pressure":1009.66,"temperature":24.43},"name":"mqtt_consumer","tags":{"topic":"arsip/sensor_bme280"},"timestamp":"2026-08-06 03:01:30"}
{"fields":{"humidity":48.1,"pressure":1009.66,"temperature":24.43},"name":"mqtt_consumer","tags":{"topic":"arsip/sensor_bme280"},"timestamp":"2026-08-06 03:01:31"}
{"fields":{"humidity":48.1,"pressure":1009.66,"temperature":24.43},"name":"mqtt_consumer","tags":{"topic":"arsip/sensor_bme280"},"timestamp":"2026-08-06 03:01:34"}
{"fields":{"humidity":48.1,"pressure":1009.66,"temperature":24.43},"name":"mqtt_consumer","tags":{"topic":"arsip/sensor_bme280"},"timestamp":"2026-08-06 03:01:35"}
{"fields":{"humidity":47.79,"pressure":1009.67,"temperature":24.45},"name":"mqtt_consumer","tags":{"topic":"arsip/sensor_bme280"},"timestamp":"2026-08-06 03:01:38"}
{"fields":{"humidity":47.79,"pressure":1009.67,"temperature":24.45},"name":"mqtt_consumer","tags":{"topic":"arsip/sensor_bme280"},"timestamp":"2026-08-06 03:01:39"}
{"fields":{"humidity":47.79,"pressure":1009.67,"temperature":24.45},"name":"mqtt_consumer","tags":{"topic":"arsip/sensor_bme280"},"timestamp":"2026-08-06 03:01:42"}
{"fields":{"humidity":47.79,"pressure":1009.67,"temperature":24.45},"name":"mqtt_consumer","tags":{"topic":"arsip/sensor_bme280"},"timestamp":"2026-08-06 03:01:43"}
{"fields":{"humidity":46.69,"temperature":25.79},"name":"mqtt_consumer","tags":{"topic":"arsip/sensor_dht11"},"timestamp":"2026-08-06 03:01:44"}
{"fields":{"humidity":47.79,"pressure":1009.67,"temperature":24.45},"name":"mqtt_consumer","tags":{"topic":"arsip/sensor_bme280"},"timestamp":"2026-08-06 03:01:46"}
{"fields":{"humidity":47.79,"pressure":1009.67,"temperature":24.45},"name":"mqtt_consumer","tags":{"topic":"arsip/sensor_bme280"},"timestamp":"2026-08-06 03:01:47"}
{"fields":{"humidity":47.79,"pressure":1009.67,"temperature":24.45},"name":"mqtt_consumer","tags":{"topic":"arsip/sensor_bme280"},"timestamp":"2026-08-06 03:01:50"}
{"fields":{"humidity":47.79,"pressure":1009.67,"temperature":24.45},"name":"mqtt_consumer","tags":{"topic":"arsip/sensor_bme280"},"timestamp":"2026-08-06 03:01:51"}
{"fields":{"humidity":47.79,"pressure":1009.67,"temperature":24.45},"name":"mqtt_consumer","tags":{"topic":"arsip/sensor_bme280"},"timestamp":"2026-08-06 03:01:54"}
{"fields":{"humidity":47.79,"pressure":1009.67,"temperature":24.45},"name":"mqtt_consumer","tags":{"topic":"arsip/sensor_bme280"},"timestamp":"2026-08-06 03:01:55"}
{"fields":{"humidity":47.79,"pressure":1009.67,"temperature":24.45},"name":"mqtt_consumer","tags":{"topic":"arsip/sensor_bme280"},"timestamp":"2026-08-06 03:01:58"}
{"fields":{"humidity":47.79,"pressure":1009.67,"temperature":24.45},"name":"mqtt_consumer","tags":{"topic":"arsip/sensor_bme280"},"timestamp":"2026-08-06 03:01:59"}
{"fields":{"humidity":47.79,"pressure":1009.67,"temperature":24.45},"name":"mqtt_consumer","tags":{"topic":"arsip/sensor_bme280"},"timestamp":"2026-08-06 03:02:02"}
{"fields":{"humidity":47.79,"pressure":1009.67,"temperature":24.45},"name":"mqtt_consumer","tags":{"topic":"arsip/sensor_bme280"},"timestamp":"2026-08-06 03:02:03"}
{"fields":{"humidity":47.79,"pressure":1009.67,"temperature":24.45},"name":"mqtt_consumer","tags":{"topic":"arsip/sensor_bme280"},"timestamp":"2026-08-06 03:02:06"}
{"fields":{"humidity":48.88,"pressure":1009.64,"temperature":24.52},"name":"mqtt_consumer","tags":{"topic":"arsip/sensor_bme280"},"timestamp":"2026-08-06 03:02:07"}
{"fields":{"humidity":48.88,"pressure":1009.64,"temperature":24.52},"name":"mqtt_consumer","tags":{"topic":"arsip/sensor_bme280"},"timestamp":"2026-08-06 03:02:10"}
{"fields":{"humidity":48.88,"pressure":1009.64,"temperature":24.52},"name":"mqtt_consumer","tags":{"topic":"arsip/sensor_bme280"},"timestamp":"2026-08-06 03:02:11"}
{"fields":{"humidity":46.37,"temperature":25.89},"name":"mqtt_consumer","tags":{"topic":"arsip/sensor_dht11"},"timestamp":"2026-08-06 03:02:14"}
{"fields":{"humidity":48.88,"pressure":1009.64,"temperature":24.52},"name":"mqtt_consumer","tags":{"topic":"arsip/sensor_bme280"},"timestamp":"2026-08-06 03:02:14"}
{"fields":{"humidity":48.88,"pressure":1009.64,"temperature":24.52},"name":"mqtt_consumer","tags":{"topic":"arsip/sensor_bme280"},"timestamp":"2026-08-06 03:02:15"}
{"fields":{"humidity":48.88,"pressure":1009.64,"temperature":24.52},"name":"mqtt_consumer","tags":{"topic":"arsip/sensor_bme280"},"timestamp":"2026-08-06 03:02:18"}
{"fields":{"humidity":48.88,"pressure":1009.64,"temperature":24.52},"name":"mqtt_consumer","tags":{"topic":"arsip/sensor_bme280"},"timestamp":"2026-08-06 03:02:19"}
{"fields":{"humidity":48.88,"pressure":1009.64,"temperature":24.52},"name":"mqtt_consumer","tags":{"topic":"arsip/sensor_bme280"},"timestamp":"2026-08-06 03:02:22"}
{"fields":{"humidity":48.88,"pressure":1009.64,"temperature":24.52},"name":"mqtt_consumer","tags":{"topic":"arsip/sensor_bme280"},"timestamp":"2026-08-06 03:02:23"}
{"fields":{"humidity":48.88,"pressure":1009.64,"temperature":24.52},"name":"mqtt_consumer","tags":{"topic":"arsip/sensor_bme280"},"timestamp":"2026-08-06 03:02:26"}
{"fields":{"humidity":48.88,"pressure":1009.64,"temperature":24.52},"name":"mqtt_consumer","tags":{"topic":"arsip/sensor_bme280"},"timestamp":"2026-08-06 03:02:27"}
{"fields":{"humidity":48.88,"pressure":1009.64,"temperature":24.52},"name":"mqtt_consumer","tags":{"topic":"arsip/sensor_bme280"},"timestamp":"2026-08-06 03:02:30"}
{"fields":{"humidity":48.88,"pressure":1009.64,"temperature":24.52},"name":"mqtt_consumer","tags":{"topic":"arsip/sensor_bme280"},"timestamp":"2026-08-06 03:02:31"}
{"fields":{"humidity":48.88,"pressure":1009.64,"temperature":24.52},"name":"mqtt_consumer","tags":{"topic":"arsip/sensor_bme280"},"timestamp":"2026-08-06 03:02:34"}
{"fields":{"humidity":48.88,"pressure":1009.64,"temperature":24.52},"name":"mqtt_consumer","tags":{"topic":"arsip/sensor_bme280"},"timestamp":"2026-08-06 03:02:35"}
{"fields":{"humidity":47.84,"pressure":1009.64,"temperature":24.52},"name":"mqtt_consumer","tags":{"topic":"arsip/sensor_bme280"},"timestamp":"2026-08-06 03:02:38"}
{"fields":{"humidity":47.84,"pressure":1009.64,"temperature":24.52},"name":"mqtt_consumer","tags":{"topic":"arsip/sensor_bme280"},"timestamp":"2026-08-06 03:02:39"}
{"fields":{"humidity":47.84,"pressure":1009.64,"temperature":24.52},"name":"mqtt_consumer","tags":{"topic":"arsip/sensor_bme280"},"timestamp":"2026-08-06 03:02:42"}
{"fields":{"humidity":47.84,"pressure":1009.64,"temperature":24.52},"name":"mqtt_consumer","tags":{"topic":"arsip/sensor_bme280"},"timestamp":"2026-08-06 03:02:43"}
{"fields":{"humidity":46.77,"temperature":25.89},"name":"mqtt_consumer","tags":{"topic":"arsip/sensor_dht11"},"timestamp":"2026-08-06 03:02:44"}
{"fields":{"humidity":47.84,"pressure":1009.64,"temperature":24.52},"name":"mqtt_consumer","tags":{"topic":"arsip/sensor_bme280"},"timestamp":"2026-08-06 03:02:46"}
{"fields":{"humidity":47.84,"pressure":1009.64,"temperature":24.52},"name":"mqtt_consumer","tags":{"topic":"arsip/sensor_bme280"},"timestamp":"2026-08-06 03:02:47"}
{"fields":{"humidity":47.84,"pressure":1009.64,"temperature":24.52},"name":"mqtt_consumer","tags":{"topic":"arsip/sensor_bme280"},"timestamp":"2026-08-06 03:02:50"}
{"fields":{"humidity":47.84,"pressure":1009.64,"temperature":24.52},"name":"mqtt_consumer","tags":{"topic":"arsip/sensor_bme280"},"timestamp":"2026-08-06 03:02:51"}
{"fields":{"humidity":47.84,"pressure":1009.64,"temperature":24.52},"name":"mqtt_consumer","tags":{"topic":"arsip/sensor_bme280"},"timestamp":"2026-08-06 03:02:54"}
{"fields":{"humidity":47.84,"pressure":1009.64,"temperature":24.52},"name":"mqtt_consumer","tags":{"topic":"arsip/sensor_bme280"},"timestamp":"2026-08-06 03:02:55"}
{"fields":{"humidity":47.84,"pressure":1009.64,"temperature":24.52},"name":"mqtt_consumer","tags":{"topic":"arsip/sensor_bme280"},"timestamp":"2026-08-06 03:02:58"}
{"fields":{"humidity":47.84,"pressure":1009.64,"temperature":24.52},"name":"mqtt_consumer","tags":{"topic":"arsip/sensor_bme280"},"timestamp":"2026-08-06 03:02:59"}
{"fields":{"humidity":47.84,"pressure":1009.64,"temperature":24.52},"name":"mqtt_consumer","tags":{"topic":"arsip/sensor_bme280"},"timestamp":"2026-08-06 03:03:02"}
{"fields":{"humidity":47.84,"pressure":1009.64,"temperature":24.52},"name":"mqtt_consumer","tags":{"topic":"arsip/sensor_bme280"},"timestamp":"2026-08-06 03:03:03"}
{"fields":{"humidity":47.84,"pressure":1009.64,"temperature":24.52},"name":"mqtt_consumer","tags":{"topic":"arsip/sensor_bme280"},"timestamp":"2026-08-06 03:03:06"}
{"fields":{"humidity":47.8,"pressure":1009.68,"temperature":24.48},"name":"mqtt_consumer","tags":{"topic":"arsip/sensor_bme280"},"timestamp":"2026-08-06 03:03:07"}
{"fields":{"humidity":47.8,"pressure":1009.68,"temperature":24.48},"name":"mqtt_consumer","tags":{"topic":"arsip/sensor_bme280"},"timestamp":"2026-08-06 03:03:10"}
{"fields":{"humidity":47.8,"pressure":1009.68,"temperature":24.48},"name":"mqtt_consumer","tags":{"topic":"arsip/sensor_bme280"},"timestamp":"2026-08-06 03:03:11"}
{"fields":{"humidity":46.61,"temperature":25.89},"name":"mqtt_consumer","tags":{"topic":"arsip/sensor_dht11"},"timestamp":"2026-08-06 03:03:14"}
{"fields":{"humidity":47.8,"pressure":1009.68,"temperature":24.48},"name":"mqtt_consumer","tags":{"topic":"arsip/sensor_bme280"},"timestamp":"2026-08-06 03:03:14"}
{"fields":{"humidity":47.8,"pressure":1009.68,"temperature":24.48},"name":"mqtt_consumer","tags":{"topic":"arsip/sensor_bme280"},"timestamp":"2026-08-06 03:03:15"}
{"fields":{"humidity":47.8,"pressure":1009.68,"temperature":24.48},"name":"mqtt_consumer","tags":{"topic":"arsip/sensor_bme280"},"timestamp":"2026-08-06 03:03:18"}
{"fields":{"humidity":47.8,"pressure":1009.68,"temperature":24.48},"name":"mqtt_consumer","tags":{"topic":"arsip/sensor_bme280"},"timestamp":"2026-08-06 03:03:19"}
{"fields":{"humidity":47.8,"pressure":1009.68,"temperature":24.48},"name":"mqtt_consumer","tags":{"topic":"arsip/sensor_bme280"},"timestamp":"2026-08-06 03:03:22"}
{"fields":{"humidity":47.8,"pressure":1009.68,"temperature":24.48},"name":"mqtt_consumer","tags":{"topic":"arsip/sensor_bme280"},"timestamp":"2026-08-06 03:03:23"}
{"fields":{"humidity":47.8,"pressure":1009.68,"temperature":24.48},"name":"mqtt_consumer","tags":{"topic":"arsip/sensor_bme280"},"timestamp":"2026-08-06 03:03:26"}
{"fields":{"humidity":47.8,"pressure":1009.68,"temperature":24.48},"name":"mqtt_consumer","tags":{"topic":"arsip/sensor_bme280"},"timestamp":"2026-08-06 03:03:27"}
{"fields":{"humidity":47.8,"pressure":1009.68,"temperature":24.48},"name":"mqtt_consumer","tags":{"topic":"arsip/sensor_bme280"},"timestamp":"2026-08-06 03:03:30"}
{"fields":{"humidity":47.8,"pressure":1009.68,"temperature":24.48},"name":"mqtt_consumer","tags":{"topic":"arsip/sensor_bme280"},"timestamp":"2026-08-06 03:03:31"}
{"fields":{"humidity":47.8,"pressure":1009.68,"temperature":24.48},"name":"mqtt_consumer","tags":{"topic":"arsip/sensor_bme280"},"timestamp":"2026-08-06 03:03:34"}
{"fields":{"humidity":47.8,"pressure":1009.68,"temperature":24.48},"name":"mqtt_consumer","tags":{"topic":"arsip/sensor_bme280"},"timestamp":"2026-08-06 03:03:35"}
{"fields":{"humidity":47.48,"pressure":1009.64,"temperature":24.55},"name":"mqtt_consumer","tags":{"topic":"arsip/sensor_bme280"},"timestamp":"2026-08-06 03:03:38"}
{"fields":{"humidity":47.48,"pressure":1009.64,"temperature":24.55},"name":"mqtt_consumer","tags":{"topic":"arsip/sensor_bme280"},"timestamp":"2026-08-06 03:03:39"}
{"fields":{"humidity":47.48,"pressure":1009.64,"temperature":24.55},"name":"mqtt_consumer","tags":{"topic":"arsip/sensor_bme280"},"timestamp":"2026-08-06 03:03:42"}
{"fields":{"humidity":47.48,"pressure":1009.64,"temperature":24.55},"name":"mqtt_consumer","tags":{"topic":"arsip/sensor_bme280"},"timestamp":"2026-08-06 03:03:43"}
{"fields":{"humidity":46.45,"temperature":25.89},"name":"mqtt_consumer","tags":{"topic":"arsip/sensor_dht11"},"timestamp":"2026-08-06 03:03:44"}
{"fields":{"humidity":47.48,"pressure":1009.64,"temperature":24.55},"name":"mqtt_consumer","tags":{"topic":"arsip/sensor_bme280"},"timestamp":"2026-08-06 03:03:46"}
{"fields":{"humidity":47.48,"pressure":1009.64,"temperature":24.55},"name":"mqtt_consumer","tags":{"topic":"arsip/sensor_bme280"},"timestamp":"2026-08-06 03:03:47"}
{"fields":{"humidity":47.48,"pressure":1009.64,"temperature":24.55},"name":"mqtt_consumer","tags":{"topic":"arsip/sensor_bme280"},"timestamp":"2026-08-06 03:03:50"}
{"fields":{"humidity":47.48,"pressure":1009.64,"temperature":24.55},"name":"mqtt_consumer","tags":{"topic":"arsip/sensor_bme280"},"timestamp":"2026-08-06 03:03:51"}
{"fields":{"humidity":47.48,"pressure":1009.64,"temperature":24.55},"name":"mqtt_consumer","tags":{"topic":"arsip/sensor_bme280"},"timestamp":"2026-08-06 03:03:54"}
{"fields":{"humidity":47.48,"pressure":1009.64,"temperature":24.55},"name":"mqtt_consumer","tags":{"topic":"arsip/sensor_bme280"},"timestamp":"2026-08-06 03:03:55"}
{"fields":{"humidity":47.48,"pressure":1009.64,"temperature":24.55},"name":"mqtt_consumer","tags":{"topic":"arsip/sensor_bme280"},"timestamp":"2026-08-06 03:03:58"}
{"fields":{"humidity":47.48,"pressure":1009.64,"temperature":24.55},"name":"mqtt_consumer","tags":{"topic":"arsip/sensor_bme280"},"timestamp":"2026-08-06 03:03:59"}
{"fields":{"humidity":47.48,"pressure":1009.64,"temperature":24.55},"name":"mqtt_consumer","tags":{"topic":"arsip/sensor_bme280"},"timestamp":"2026-08-06 03:04:02"}
{"fields":{"humidity":47.48,"pressure":1009.64,"temperature":24.55},"name":"mqtt_consumer","tags":{"topic":"arsip/sensor_bme280"},"timestamp":"2026-08-06 03:04:03"}
{"fields":{"humidity":47.48,"pressure":1009.64,"temperature":24.55},"name":"mqtt_consumer","tags":{"topic":"arsip/sensor_bme280"},"timestamp":"2026-08-06 03:04:06"}
{"fields":{"humidity":47.26,"pressure":1009.62,"temperature":24.51},"name":"mqtt_consumer","tags":{"topic":"arsip/sensor_bme280"},"timestamp":"2026-08-06 03:04:07"}
{"fields":{"humidity":47.26,"pressure":1009.62,"temperature":24.51},"name":"mqtt_consumer","tags":{"topic":"arsip/sensor_bme280"},"timestamp":"2026-08-06 03:04:10"}
{"fields":{"humidity":47.26,"pressure":1009.62,"temperature":24.51},"name":"mqtt_consumer","tags":{"topic":"arsip/sensor_bme280"},"timestamp":"2026-08-06 03:04:11"}
{"fields":{"humidity":46.37,"temperature":25.89},"name":"mqtt_consumer","tags":{"topic":"arsip/sensor_dht11"},"timestamp":"2026-08-06 03:04:14"}
{"fields":{"humidity":47.26,"pressure":1009.62,"temperature":24.51},"name":"mqtt_consumer","tags":{"topic":"arsip/sensor_bme280"},"timestamp":"2026-08-06 03:04:14"}
{"fields":{"humidity":47.26,"pressure":1009.62,"temperature":24.51},"name":"mqtt_consumer","tags":{"topic":"arsip/sensor_bme280"},"timestamp":"2026-08-06 03:04:15"}
{"fields":{"humidity":47.26,"pressure":1009.62,"temperature":24.51},"name":"mqtt_consumer","tags":{"topic":"arsip/sensor_bme280"},"timestamp":"2026-08-06 03:04:18"}
{"fields":{"humidity":47.26,"pressure":1009.62,"temperature":24.51},"name":"mqtt_consumer","tags":{"topic":"arsip/sensor_bme280"},"timestamp":"2026-08-06 03:04:19"}
{"fields":{"humidity":47.26,"pressure":1009.62,"temperature":24.51},"name":"mqtt_consumer","tags":{"topic":"arsip/sensor_bme280"},"timestamp":"2026-08-06 03:04:22"}
{"fields":{"humidity":47.26,"pressure":1009.62,"temperature":24.51},"name":"mqtt_consumer","tags":{"topic":"arsip/sensor_bme280"},"timestamp":"2026-08-06 03:04:23"}
{"fields":{"humidity":47.26,"pressure":1009.62,"temperature":24.51},"name":"mqtt_consumer","tags":{"topic":"arsip/sensor_bme280"},"timestamp":"2026-08-06 03:04:26"}
{"fields":{"humidity":47.26,"pressure":1009.62,"temperature":24.51},"name":"mqtt_consumer","tags":{"topic":"arsip/sensor_bme280"},"timestamp":"2026-08-06 03:04:27"}
{"fields":{"humidity":47.26,"pressure":1009.62,"temperature":24.51},"name":"mqtt_consumer","tags":{"topic":"arsip/sensor_bme280"},"timestamp":"2026-08-06 03:04:30"}
{"fields":{"humidity":47.26,"pressure":1009.62,"temperature":24.51},"name":"mqtt_consumer","tags":{"topic":"arsip/sensor_bme280"},"timestamp":"2026-08-06 03:04:31"}
{"fields":{"humidity":47.26,"pressure":1009.62,"temperature":24.51},"name":"mqtt_consumer","tags":{"topic":"arsip/sensor_bme280"},"timestamp":"2026-08-06 03:04:34"}
{"fields":{"humidity":47.26,"pressure":1009.62,"temperature":24.51},"name":"mqtt_consumer","tags":{"topic":"arsip/sensor_bme280"},"timestamp":"2026-08-06 03:04:35"}
{"fields":{"humidity":47.38,"pressure":1009.64,"temperature":24.47},"name":"mqtt_consumer","tags":{"topic":"arsip/sensor_bme280"},"timestamp":"2026-08-06 03:04:38"}
{"fields":{"humidity":47.38,"pressure":1009.64,"temperature":24.47},"name":"mqtt_consumer","tags":{"topic":"arsip/sensor_bme280"},"timestamp":"2026-08-06 03:04:39"}
{"fields":{"humidity":47.38,"pressure":1009.64,"temperature":24.47},"name":"mqtt_consumer","tags":{"topic":"arsip/sensor_bme280"},"timestamp":"2026-08-06 03:04:42"}
{"fields":{"humidity":47.38,"pressure":1009.64,"temperature":24.47},"name":"mqtt_consumer","tags":{"topic":"arsip/sensor_bme280"},"timestamp":"2026-08-06 03:04:43"}
{"fields":{"humidity":45.72,"temperature":25.89},"name":"mqtt_consumer","tags":{"topic":"arsip/sensor_dht11"},"timestamp":"2026-08-06 03:04:44"}
{"fields":{"humidity":47.38,"pressure":1009.64,"temperature":24.47},"name":"mqtt_consumer","tags":{"topic":"arsip/sensor_bme280"},"timestamp":"2026-08-06 03:04:46"}
{"fields":{"humidity":47.38,"pressure":1009.64,"temperature":24.47},"name":"mqtt_consumer","tags":{"topic":"arsip/sensor_bme280"},"timestamp":"2026-08-06 03:04:47"}
{"fields":{"humidity":47.38,"pressure":1009.64,"temperature":24.47},"name":"mqtt_consumer","tags":{"topic":"arsip/sensor_bme280"},"timestamp":"2026-08-06 03:04:50"}
{"fields":{"humidity":47.38,"pressure":1009.64,"temperature":24.47},"name":"mqtt_consumer","tags":{"topic":"arsip/sensor_bme280"},"timestamp":"2026-08-06 03:04:51"}
{"fields":{"humidity":47.38,"pressure":1009.64,"temperature":24.47},"name":"mqtt_consumer","tags":{"topic":"arsip/sensor_bme280"},"timestamp":"2026-08-06 03:04:54"}
{"fields":{"humidity":47.38,"pressure":1009.64,"temperature":24.47},"name":"mqtt_consumer","tags":{"topic":"arsip/sensor_bme280"},"timestamp":"2026-08-06 03:04:55"}
{"fields":{"humidity":47.38,"pressure":1009.64,"temperature":24.47},"name":"mqtt_consumer","tags":{"topic":"arsip/sensor_bme280"},"timestamp":"2026-08-06 03:04:58"}
{"fields":{"humidity":47.38,"pressure":1009.64,"temperature":24.47},"name":"mqtt_consumer","tags":{"topic":"arsip/sensor_bme280"},"timestamp":"2026-08-06 03:04:59"}
{"fields":{"humidity":47.38,"pressure":1009.64,"temperature":24.47},"name":"mqtt_consumer","tags":{"topic":"arsip/sensor_bme280"},"timestamp":"2026-08-06 03:05:02"}
{"fields":{"humidity":47.38,"pressure":1009.64,"temperature":24.47},"name":"mqtt_consumer","tags":{"topic":"arsip/sensor_bme280"},"timestamp":"2026-08-06 03:05:03"}
{"fields":{"humidity":47.38,"pressure":1009.64,"temperature":24.47},"name":"mqtt_consumer","tags":{"topic":"arsip/sensor_bme280"},"timestamp":"2026-08-06 03:05:06"}
{"fields":{"humidity":47.66,"pressure":1009.69,"temperature":24.48},"name":"mqtt_consumer","tags":{"topic":"arsip/sensor_bme280"},"timestamp":"2026-08-06 03:05:07"}
{"fields":{"humidity":47.66,"pressure":1009.69,"temperature":24.48},"name":"mqtt_consumer","tags":{"topic":"arsip/sensor_bme280"},"timestamp":"2026-08-06 03:05:10"}
{"fields":{"humidity":47.66,"pressure":1009.69,"temperature":24.48},"name":"mqtt_consumer","tags":{"topic":"arsip/sensor_bme280"},"timestamp":"2026-08-06 03:05:11"}
{"fields":{"humidity":45.55,"temperature":25.89},"name":"mqtt_consumer","tags":{"topic":"arsip/sensor_dht11"},"timestamp":"2026-08-06 03:05:14"}
{"fields":{"humidity":47.66,"pressure":1009.69,"temperature":24.48},"name":"mqtt_consumer","tags":{"topic":"arsip/sensor_bme280"},"timestamp":"2026-08-06 03:05:14"}
{"fields":{"humidity":47.66,"pressure":1009.69,"temperature":24.48},"name":"mqtt_consumer","tags":{"topic":"arsip/sensor_bme280"},"timestamp":"2026-08-06 03:05:15"}
{"fields":{"humidity":47.66,"pressure":1009.69,"temperature":24.48},"name":"mqtt_consumer","tags":{"topic":"arsip/sensor_bme280"},"timestamp":"2026-08-06 03:05:18"}
{"fields":{"humidity":47.66,"pressure":1009.69,"temperature":24.48},"name":"mqtt_consumer","tags":{"topic":"arsip/sensor_bme280"},"timestamp":"2026-08-06 03:05:19"}
{"fields":{"humidity":47.66,"pressure":1009.69,"temperature":24.48},"name":"mqtt_consumer","tags":{"topic":"arsip/sensor_bme280"},"timestamp":"2026-08-06 03:05:22"}
{"fields":{"humidity":47.66,"pressure":1009.69,"temperature":24.48},"name":"mqtt_consumer","tags":{"topic":"arsip/sensor_bme280"},"timestamp":"2026-08-06 03:05:23"}
{"fields":{"humidity":47.66,"pressure":1009.69,"temperature":24.48},"name":"mqtt_consumer","tags":{"topic":"arsip/sensor_bme280"},"timestamp":"2026-08-06 03:05:26"}
{"fields":{"humidity":47.66,"pressure":1009.69,"temperature":24.48},"name":"mqtt_consumer","tags":{"topic":"arsip/sensor_bme280"},"timestamp":"2026-08-06 03:05:27"}
{"fields":{"humidity":47.66,"pressure":1009.69,"temperature":24.48},"name":"mqtt_consumer","tags":{"topic":"arsip/sensor_bme280"},"timestamp":"2026-08-06 03:05:30"}
{"fields":{"humidity":47.66,"pressure":1009.69,"temperature":24.48},"name":"mqtt_consumer","tags":{"topic":"arsip/sensor_bme280"},"timestamp":"2026-08-06 03:05:31"}
{"fields":{"humidity":47.66,"pressure":1009.69,"temperature":24.48},"name":"mqtt_consumer","tags":{"topic":"arsip/sensor_bme280"},"timestamp":"2026-08-06 03:05:34"}
{"fields":{"humidity":47.66,"pressure":1009.69,"temperature":24.48},"name":"mqtt_consumer","tags":{"topic":"arsip/sensor_bme280"},"timestamp":"2026-08-06 03:05:35"}
{"fields":{"humidity":47.47,"pressure":1009.64,"temperature":24.48},"name":"mqtt_consumer","tags":{"topic":"arsip/sensor_bme280"},"timestamp":"2026-08-06 03:05:38"}
{"fields":{"humidity":47.47,"pressure":1009.64,"temperature":24.48},"name":"mqtt_consumer","tags":{"topic":"arsip/sensor_bme280"},"timestamp":"2026-08-06 03:05:39"}
{"fields":{"humidity":47.47,"pressure":1009.64,"temperature":24.48},"name":"mqtt_consumer","tags":{"topic":"arsip/sensor_bme280"},"timestamp":"2026-08-06 03:05:42"}
{"fields":{"humidity":47.47,"pressure":1009.64,"temperature":24.48},"name":"mqtt_consumer","tags":{"topic":"arsip/sensor_bme280"},"timestamp":"2026-08-06 03:05:43"}
{"fields":{"humidity":45.72,"temperature":25.89},"name":"mqtt_consumer","tags":{"topic":"arsip/sensor_dht11"},"timestamp":"2026-08-06 03:05:44"}
{"fields":{"humidity":47.47,"pressure":1009.64,"temperature":24.48},"name":"mqtt_consumer","tags":{"topic":"arsip/sensor_bme280"},"timestamp":"2026-08-06 03:05:46"}
{"fields":{"humidity":47.47,"pressure":1009.64,"temperature":24.48},"name":"mqtt_consumer","tags":{"topic":"arsip/sensor_bme280"},"timestamp":"2026-08-06 03:05:47"}
{"fields":{"humidity":47.47,"pressure":1009.64,"temperature":24.48},"name":"mqtt_consumer","tags":{"topic":"arsip/sensor_bme280"},"timestamp":"2026-08-06 03:05:50"}
{"fields":{"humidity":47.47,"pressure":1009.64,"temperature":24.48},"name":"mqtt_consumer","tags":{"topic":"arsip/sensor_bme280"},"timestamp":"2026-08-06 03:05:51"}
{"fields":{"humidity":47.47,"pressure":1009.64,"temperature":24.48},"name":"mqtt_consumer","tags":{"topic":"arsip/sensor_bme280"},"timestamp":"2026-08-06 03:05:54"}
{"fields":{"humidity":47.47,"pressure":1009.64,"temperature":24.48},"name":"mqtt_consumer","tags":{"topic":"arsip/sensor_bme280"},"timestamp":"2026-08-06 03:05:55"}
{"fields":{"humidity":47.47,"pressure":1009.64,"temperature":24.48},"name":"mqtt_consumer","tags":{"topic":"arsip/sensor_bme280"},"timestamp":"2026-08-06 03:05:58"}
{"fields":{"humidity":47.47,"pressure":1009.64,"temperature":24.48},"name":"mqtt_consumer","tags":{"topic":"arsip/sensor_bme280"},"timestamp":"2026-08-06 03:05:59"}
{"fields":{"humidity":47.47,"pressure":1009.64,"temperature":24.48},"name":"mqtt_consumer","tags":{"topic":"arsip/sensor_bme280"},"timestamp":"2026-08-06 03:06:02"}
{"fields":{"humidity":47.47,"pressure":1009.64,"temperature":24.48},"name":"mqtt_consumer","tags":{"topic":"arsip/sensor_bme280"},"timestamp":"2026-08-06 03:06:03"}
{"fields":{"humidity":47.47,"pressure":1009.64,"temperature":24.48},"name":"mqtt_consumer","tags":{"topic":"arsip/sensor_bme280"},"timestamp":"2026-08-06 03:06:06"}
{"fields":{"humidity":47.35,"pressure":1009.66,"temperature":24.48},"name":"mqtt_consumer","tags":{"topic":"arsip/sensor_bme280"},"timestamp":"2026-08-06 03:06:07"}
{"fields":{"humidity":47.35,"pressure":1009.66,"temperature":24.48},"name":"mqtt_consumer","tags":{"topic":"arsip/sensor_bme280"},"timestamp":"2026-08-06 03:06:10"}
{"fields":{"humidity":47.35,"pressure":1009.66,"temperature":24.48},"name":"mqtt_consumer","tags":{"topic":"arsip/sensor_bme280"},"timestamp":"2026-08-06 03:06:11"}
{"fields":{"humidity":45.63,"temperature":25.89},"name":"mqtt_consumer","tags":{"topic":"arsip/sensor_dht11"},"timestamp":"2026-08-06 03:06:14"}
{"fields":{"humidity":47.35,"pressure":1009.66,"temperature":24.48},"name":"mqtt_consumer","tags":{"topic":"arsip/sensor_bme280"},"timestamp":"2026-08-06 03:06:14"}
{"fields":{"humidity":47.35,"pressure":1009.66,"temperature":24.48},"name":"mqtt_consumer","tags":{"topic":"arsip/sensor_bme280"},"timestamp":"2026-08-06 03:06:15"}
{"fields":{"humidity":47.35,"pressure":1009.66,"temperature":24.48},"name":"mqtt_consumer","tags":{"topic":"arsip/sensor_bme280"},"timestamp":"2026-08-06 03:06:18"}
{"fields":{"humidity":47.35,"pressure":1009.66,"temperature":24.48},"name":"mqtt_consumer","tags":{"topic":"arsip/sensor_bme280"},"timestamp":"2026-08-06 03:06:19"}
{"fields":{"humidity":47.35,"pressure":1009.66,"temperature":24.48},"name":"mqtt_consumer","tags":{"topic":"arsip/sensor_bme280"},"timestamp":"2026-08-06 03:06:22"}
{"fields":{"humidity":47.35,"pressure":1009.66,"temperature":24.48},"name":"mqtt_consumer","tags":{"topic":"arsip/sensor_bme280"},"timestamp":"2026-08-06 03:06:23"}
{"fields":{"humidity":47.35,"pressure":1009.66,"temperature":24.48},"name":"mqtt_consumer","tags":{"topic":"arsip/sensor_bme280"},"timestamp":"2026-08-06 03:06:26"}
{"fields":{"humidity":47.35,"pressure":1009.66,"temperature":24.48},"name":"mqtt_consumer","tags":{"topic":"arsip/sensor_bme280"},"timestamp":"2026-08-06 03:06:27"}
{"fields":{"humidity":47.35,"pressure":1009.66,"temperature":24.48},"name":"mqtt_consumer","tags":{"topic":"arsip/sensor_bme280"},"timestamp":"2026-08-06 03:06:30"}
{"fields":{"humidity":47.35,"pressure":1009.66,"temperature":24.48},"name":"mqtt_consumer","tags":{"topic":"arsip/sensor_bme280"},"timestamp":"2026-08-06 03:06:31"}
{"fields":{"humidity":47.35,"pressure":1009.66,"temperature":24.48},"name":"mqtt_consumer","tags":{"topic":"arsip/sensor_bme280"},"timestamp":"2026-08-06 03:06:34"}
{"fields":{"humidity":47.35,"pressure":1009.66,"temperature":24.48},"name":"mqtt_consumer","tags":{"topic":"arsip/sensor_bme280"},"timestamp":"2026-08-06 03:06:35"}
{"fields":{"humidity":47.13,"pressure":1009.6,"temperature":24.46},"name":"mqtt_consumer","tags":{"topic":"arsip/sensor_bme280"},"timestamp":"2026-08-06 03:06:38"}
{"fields":{"humidity":47.13,"pressure":1009.6,"temperature":24.46},"name":"mqtt_consumer","tags":{"topic":"arsip/sensor_bme280"},"timestamp":"2026-08-06 03:06:39"}
{"fields":{"humidity":47.13,"pressure":1009.6,"temperature":24.46},"name":"mqtt_consumer","tags":{"topic":"arsip/sensor_bme280"},"timestamp":"2026-08-06 03:06:42"}
{"fields":{"humidity":47.13,"pressure":1009.6,"temperature":24.46},"name":"mqtt_consumer","tags":{"topic":"arsip/sensor_bme280"},"timestamp":"2026-08-06 03:06:43"}
{"fields":{"humidity":45.55,"temperature":25.89},"name":"mqtt_consumer","tags":{"topic":"arsip/sensor_dht11"},"timestamp":"2026-08-06 03:06:44"}
{"fields":{"humidity":47.13,"pressure":1009.6,"temperature":24.46},"name":"mqtt_consumer","tags":{"topic":"arsip/sensor_bme280"},"timestamp":"2026-08-06 03:06:46"}
{"fields":{"humidity":47.13,"pressure":1009.6,"temperature":24.46},"name":"mqtt_consumer","tags":{"topic":"arsip/sensor_bme280"},"timestamp":"2026-08-06 03:06:47"}
{"fields":{"humidity":47.13,"pressure":1009.6,"temperature":24.46},"name":"mqtt_consumer","tags":{"topic":"arsip/sensor_bme280"},"timestamp":"2026-08-06 03:06:50"}
{"fields":{"humidity":47.13,"pressure":1009.6,"temperature":24.46},"name":"mqtt_consumer","tags":{"topic":"arsip/sensor_bme280"},"timestamp":"2026-08-06 03:06:51"}
{"fields":{"humidity":47.13,"pressure":1009.6,"temperature":24.46},"name":"mqtt_consumer","tags":{"topic":"arsip/sensor_bme280"},"timestamp":"2026-08-06 03:06:54"}
{"fields":{"humidity":47.13,"pressure":1009.6,"temperature":24.46},"name":"mqtt_consumer","tags":{"topic":"arsip/sensor_bme280"},"timestamp":"2026-08-06 03:06:55"}
{"fields":{"humidity":47.13,"pressure":1009.6,"temperature":24.46},"name":"mqtt_consumer","tags":{"topic":"arsip/sensor_bme280"},"timestamp":"2026-08-06 03:06:58"}
{"fields":{"humidity":47.13,"pressure":1009.6,"temperature":24.46},"name":"mqtt_consumer","tags":{"topic":"arsip/sensor_bme280"},"timestamp":"2026-08-06 03:06:59"}
{"fields":{"humidity":47.13,"pressure":1009.6,"temperature":24.46},"name":"mqtt_consumer","tags":{"topic":"arsip/sensor_bme280"},"timestamp":"2026-08-06 03:07:02"}
{"fields":{"humidity":47.13,"pressure":1009.6,"temperature":24.46},"name":"mqtt_consumer","tags":{"topic":"arsip/sensor_bme280"},"timestamp":"2026-08-06 03:07:03"}
{"fields":{"humidity":47.13,"pressure":1009.6,"temperature":24.46},"name":"mqtt_consumer","tags":{"topic":"arsip/sensor_bme280"},"timestamp":"2026-08-06 03:07:06"}
{"fields":{"humidity":46.86,"pressure":1009.54,"temperature":24.39},"name":"mqtt_consumer","tags":{"topic":"arsip/sensor_bme280"},"timestamp":"2026-08-06 03:07:07"}
{"fields":{"humidity":46.86,"pressure":1009.54,"temperature":24.39},"name":"mqtt_consumer","tags":{"topic":"arsip/sensor_bme280"},"timestamp":"2026-08-06 03:07:10"}
{"fields":{"humidity":46.86,"pressure":1009.54,"temperature":24.39},"name":"mqtt_consumer","tags":{"topic":"arsip/sensor_bme280"},"timestamp":"2026-08-06 03:07:11"}
{"fields":{"humidity":45.23,"temperature":25.89},"name":"mqtt_consumer","tags":{"topic":"arsip/sensor_dht11"},"timestamp":"2026-08-06 03:07:14"}
{"fields":{"humidity":46.86,"pressure":1009.54,"temperature":24.39},"name":"mqtt_consumer","tags":{"topic":"arsip/sensor_bme280"},"timestamp":"2026-08-06 03:07:14"}
{"fields":{"humidity":46.86,"pressure":1009.54,"temperature":24.39},"name":"mqtt_consumer","tags":{"topic":"arsip/sensor_bme280"},"timestamp":"2026-08-06 03:07:15"}
{"fields":{"humidity":46.86,"pressure":1009.54,"temperature":24.39},"name":"mqtt_consumer","tags":{"topic":"arsip/sensor_bme280"},"timestamp":"2026-08-06 03:07:18"}
{"fields":{"humidity":46.86,"pressure":1009.54,"temperature":24.39},"name":"mqtt_consumer","tags":{"topic":"arsip/sensor_bme280"},"timestamp":"2026-08-06 03:07:19"}
{"fields":{"humidity":46.86,"pressure":1009.54,"temperature":24.39},"name":"mqtt_consumer","tags":{"topic":"arsip/sensor_bme280"},"timestamp":"2026-08-06 03:07:22"}
{"fields":{"humidity":46.86,"pressure":1009.54,"temperature":24.39},"name":"mqtt_consumer","tags":{"topic":"arsip/sensor_bme280"},"timestamp":"2026-08-06 03:07:23"}
{"fields":{"humidity":46.86,"pressure":1009.54,"temperature":24.39},"name":"mqtt_consumer","tags":{"topic":"arsip/sensor_bme280"},"timestamp":"2026-08-06 03:07:26"}
{"fields":{"humidity":46.86,"pressure":1009.54,"temperature":24.39},"name":"mqtt_consumer","tags":{"topic":"arsip/sensor_bme280"},"timestamp":"2026-08-06 03:07:27"}
{"fields":{"humidity":46.86,"pressure":1009.54,"temperature":24.39},"name":"mqtt_consumer","tags":{"topic":"arsip/sensor_bme280"},"timestamp":"2026-08-06 03:07:30"}
{"fields":{"humidity":46.86,"pressure":1009.54,"temperature":24.39},"name":"mqtt_consumer","tags":{"topic":"arsip/sensor_bme280"},"timestamp":"2026-08-06 03:07:31"}
{"fields":{"humidity":46.86,"pressure":1009.54,"temperature":24.39},"name":"mqtt_consumer","tags":{"topic":"arsip/sensor_bme280"},"timestamp":"2026-08-06 03:07:34"}
{"fields":{"humidity":46.86,"pressure":1009.54,"temperature":24.39},"name":"mqtt_consumer","tags":{"topic":"arsip/sensor_bme280"},"timestamp":"2026-08-06 03:07:35"}
{"fields":{"humidity":47.24,"pressure":1009.63,"temperature":24.34},"name":"mqtt_consumer","tags":{"topic":"arsip/sensor_bme280"},"timestamp":"2026-08-06 03:07:38"}
{"fields":{"humidity":47.24,"pressure":1009.63,"temperature":24.34},"name":"mqtt_consumer","tags":{"topic":"arsip/sensor_bme280"},"timestamp":"2026-08-06 03:07:39"}
{"fields":{"humidity":47.24,"pressure":1009.63,"temperature":24.34},"name":"mqtt_consumer","tags":{"topic":"arsip/sensor_bme280"},"timestamp":"2026-08-06 03:07:42"}
{"fields":{"humidity":47.24,"pressure":1009.63,"temperature":24.34},"name":"mqtt_consumer","tags":{"topic":"arsip/sensor_bme280"},"timestamp":"2026-08-06 03:07:43"}
{"fields":{"humidity":44.82,"temperature":25.89},"name":"mqtt_consumer","tags":{"topic":"arsip/sensor_dht11"},"timestamp":"2026-08-06 03:07:44"}
{"fields":{"humidity":47.24,"pressure":1009.63,"temperature":24.34},"name":"mqtt_consumer","tags":{"topic":"arsip/sensor_bme280"},"timestamp":"2026-08-06 03:07:46"}
{"fields":{"humidity":47.24,"pressure":1009.63,"temperature":24.34},"name":"mqtt_consumer","tags":{"topic":"arsip/sensor_bme280"},"timestamp":"2026-08-06 03:07:47"}
{"fields":{"humidity":47.24,"pressure":1009.63,"temperature":24.34},"name":"mqtt_consumer","tags":{"topic":"arsip/sensor_bme280"},"timestamp":"2026-08-06 03:07:50"}
{"fields":{"humidity":47.24,"pressure":1009.63,"temperature":24.34},"name":"mqtt_consumer","tags":{"topic":"arsip/sensor_bme280"},"timestamp":"2026-08-06 03:07:51"}
{"fields":{"humidity":47.24,"pressure":1009.63,"temperature":24.34},"name":"mqtt_consumer","tags":{"topic":"arsip/sensor_bme280"},"timestamp":"2026-08-06 03:07:54"}
{"fields":{"humidity":47.24,"pressure":1009.63,"temperature":24.34},"name":"mqtt_consumer","tags":{"topic":"arsip/sensor_bme280"},"timestamp":"2026-08-06 03:07:55"}
{"fields":{"humidity":47.24,"pressure":1009.63,"temperature":24.34},"name":"mqtt_consumer","tags":{"topic":"arsip/sensor_bme280"},"timestamp":"2026-08-06 03:07:58"}
{"fields":{"humidity":47.24,"pressure":1009.63,"temperature":24.34},"name":"mqtt_consumer","tags":{"topic":"arsip/sensor_bme280"},"timestamp":"2026-08-06 03:07:59"}
{"fields":{"humidity":47.24,"pressure":1009.63,"temperature":24.34},"name":"mqtt_consumer","tags":{"topic":"arsip/sensor_bme280"},"timestamp":"2026-08-06 03:08:02"}
{"fields":{"humidity":47.24,"pressure":1009.63,"temperature":24.34},"name":"mqtt_consumer","tags":{"topic":"arsip/sensor_bme280"},"timestamp":"2026-08-06 03:08:03"}
{"fields":{"humidity":47.24,"pressure":1009.63,"temperature":24.34},"name":"mqtt_consumer","tags":{"topic":"arsip/sensor_bme280"},"timestamp":"2026-08-06 03:08:06"}
{"fields":{"humidity":47.46,"pressure":1009.5,"temperature":24.41},"name":"mqtt_consumer","tags":{"topic":"arsip/sensor_bme280"},"timestamp":"2026-08-06 03:08:07"}
{"fields":{"humidity":47.46,"pressure":1009.5,"temperature":24.41},"name":"mqtt_consumer","tags":{"topic":"arsip/sensor_bme280"},"timestamp":"2026-08-06 03:08:10"}
{"fields":{"humidity":47.46,"pressure":1009.5,"temperature":24.41},"name":"mqtt_consumer","tags":{"topic":"arsip/sensor_bme280"},"timestamp":"2026-08-06 03:08:11"}
{"fields":{"humidity":44.9,"temperature":25.79},"name":"mqtt_consumer","tags":{"topic":"arsip/sensor_dht11"},"timestamp":"2026-08-06 03:08:14"}
{"fields":{"humidity":47.46,"pressure":1009.5,"temperature":24.41},"name":"mqtt_consumer","tags":{"topic":"arsip/sensor_bme280"},"timestamp":"2026-08-06 03:08:14"}
{"fields":{"humidity":47.46,"pressure":1009.5,"temperature":24.41},"name":"mqtt_consumer","tags":{"topic":"arsip/sensor_bme280"},"timestamp":"2026-08-06 03:08:15"}
{"fields":{"humidity":47.46,"pressure":1009.5,"temperature":24.41},"name":"mqtt_consumer","tags":{"topic":"arsip/sensor_bme280"},"timestamp":"2026-08-06 03:08:18"}
{"fields":{"humidity":47.46,"pressure":1009.5,"temperature":24.41},"name":"mqtt_consumer","tags":{"topic":"arsip/sensor_bme280"},"timestamp":"2026-08-06 03:08:19"}
{"fields":{"humidity":47.46,"pressure":1009.5,"temperature":24.41},"name":"mqtt_consumer","tags":{"topic":"arsip/sensor_bme280"},"timestamp":"2026-08-06 03:08:22"}
{"fields":{"humidity":47.46,"pressure":1009.5,"temperature":24.41},"name":"mqtt_consumer","tags":{"topic":"arsip/sensor_bme280"},"timestamp":"2026-08-06 03:08:23"}
{"fields":{"humidity":47.46,"pressure":1009.5,"temperature":24.41},"name":"mqtt_consumer","tags":{"topic":"arsip/sensor_bme280"},"timestamp":"2026-08-06 03:08:26"}
{"fields":{"humidity":47.46,"pressure":1009.5,"temperature":24.41},"name":"mqtt_consumer","tags":{"topic":"arsip/sensor_bme280"},"timestamp":"2026-08-06 03:08:27"}
{"fields":{"humidity":47.46,"pressure":1009.5,"temperature":24.41},"name":"mqtt_consumer","tags":{"topic":"arsip/sensor_bme280"},"timestamp":"2026-08-06 03:08:30"}
{"fields":{"humidity":47.46,"pressure":1009.5,"temperature":24.41},"name":"mqtt_consumer","tags":{"topic":"arsip/sensor_bme280"},"timestamp":"2026-08-06 03:08:31"}
{"fields":{"humidity":47.46,"pressure":1009.5,"temperature":24.41},"name":"mqtt_consumer","tags":{"topic":"arsip/sensor_bme280"},"timestamp":"2026-08-06 03:08:34"}
{"fields":{"humidity":47.46,"pressure":1009.5,"temperature":24.41},"name":"mqtt_consumer","tags":{"topic":"arsip/sensor_bme280"},"timestamp":"2026-08-06 03:08:35"}
{"fields":{"humidity":47.19,"pressure":1009.6,"temperature":24.5},"name":"mqtt_consumer","tags":{"topic":"arsip/sensor_bme280"},"timestamp":"2026-08-06 03:08:38"}
{"fields":{"humidity":47.19,"pressure":1009.6,"temperature":24.5},"name":"mqtt_consumer","tags":{"topic":"arsip/sensor_bme280"},"timestamp":"2026-08-06 03:08:39"}
{"fields":{"humidity":47.19,"pressure":1009.6,"temperature":24.5},"name":"mqtt_consumer","tags":{"topic":"arsip/sensor_bme280"},"timestamp":"2026-08-06 03:08:42"}
{"fields":{"humidity":47.19,"pressure":1009.6,"temperature":24.5},"name":"mqtt_consumer","tags":{"topic":"arsip/sensor_bme280"},"timestamp":"2026-08-06 03:08:43"}
{"fields":{"humidity":45.23,"temperature":25.89},"name":"mqtt_consumer","tags":{"topic":"arsip/sensor_dht11"},"timestamp":"2026-08-06 03:08:44"}
{"fields":{"humidity":47.19,"pressure":1009.6,"temperature":24.5},"name":"mqtt_consumer","tags":{"topic":"arsip/sensor_bme280"},"timestamp":"2026-08-06 03:08:46"}
{"fields":{"humidity":47.19,"pressure":1009.6,"temperature":24.5},"name":"mqtt_consumer","tags":{"topic":"arsip/sensor_bme280"},"timestamp":"2026-08-06 03:08:47"}
{"fields":{"humidity":47.19,"pressure":1009.6,"temperature":24.5},"name":"mqtt_consumer","tags":{"topic":"arsip/sensor_bme280"},"timestamp":"2026-08-06 03:08:50"}
{"fields":{"humidity":47.19,"pressure":1009.6,"temperature":24.5},"name":"mqtt_consumer","tags":{"topic":"arsip/sensor_bme280"},"timestamp":"2026-08-06 03:08:51"}
{"fields":{"humidity":47.19,"pressure":1009.6,"temperature":24.5},"name":"mqtt_consumer","tags":{"topic":"arsip/sensor_bme280"},"timestamp":"2026-08-06 03:08:54"}
{"fields":{"humidity":47.19,"pressure":1009.6,"temperature":24.5},"name":"mqtt_consumer","tags":{"topic":"arsip/sensor_bme280"},"timestamp":"2026-08-06 03:08:55"}
{"fields":{"humidity":47.19,"pressure":1009.6,"temperature":24.5},"name":"mqtt_consumer","tags":{"topic":"arsip/sensor_bme280"},"timestamp":"2026-08-06 03:08:58"}
{"fields":{"humidity":47.19,"pressure":1009.6,"temperature":24.5},"name":"mqtt_consumer","tags":{"topic":"arsip/sensor_bme280"},"timestamp":"2026-08-06 03:08:59"}
{"fields":{"humidity":47.19,"pressure":1009.6,"temperature":24.5},"name":"mqtt_consumer","tags":{"topic":"arsip/sensor_bme280"},"timestamp":"2026-08-06 03:09:02"}
{"fields":{"humidity":47.19,"pressure":1009.6,"temperature":24.5},"name":"mqtt_consumer","tags":{"topic":"arsip/sensor_bme280"},"timestamp":"2026-08-06 03:09:03"}
{"fields":{"humidity":47.19,"pressure":1009.6,"temperature":24.5},"name":"mqtt_consumer","tags":{"topic":"arsip/sensor_bme280"},"timestamp":"2026-08-06 03:09:06"}
{"fields":{"humidity":47.32,"pressure":1009.59,"temperature":24.58},"name":"mqtt_consumer","tags":{"topic":"arsip/sensor_bme280"},"timestamp":"2026-08-06 03:09:07"}
{"fields":{"humidity":47.32,"pressure":1009.59,"temperature":24.58},"name":"mqtt_consumer","tags":{"topic":"arsip/sensor_bme280"},"timestamp":"2026-08-06 03:09:10"}
{"fields":{"humidity":47.32,"pressure":1009.59,"temperature":24.58},"name":"mqtt_consumer","tags":{"topic":"arsip/sensor_bme280"},"timestamp":"2026-08-06 03:09:11"}
{"fields":{"humidity":45.31,"temperature":25.89},"name":"mqtt_consumer","tags":{"topic":"arsip/sensor_dht11"},"timestamp":"2026-08-06 03:09:14"}
{"fields":{"humidity":47.32,"pressure":1009.59,"temperature":24.58},"name":"mqtt_consumer","tags":{"topic":"arsip/sensor_bme280"},"timestamp":"2026-08-06 03:09:14"}
{"fields":{"humidity":47.32,"pressure":1009.59,"temperature":24.58},"name":"mqtt_consumer","tags":{"topic":"arsip/sensor_bme280"},"timestamp":"2026-08-06 03:09:15"}
{"fields":{"humidity":47.32,"pressure":1009.59,"temperature":24.58},"name":"mqtt_consumer","tags":{"topic":"arsip/sensor_bme280"},"timestamp":"2026-08-06 03:09:18"}
{"fields":{"humidity":47.32,"pressure":1009.59,"temperature":24.58},"name":"mqtt_consumer","tags":{"topic":"arsip/sensor_bme280"},"timestamp":"2026-08-06 03:09:19"}
{"fields":{"humidity":47.32,"pressure":1009.59,"temperature":24.58},"name":"mqtt_consumer","tags":{"topic":"arsip/sensor_bme280"},"timestamp":"2026-08-06 03:09:22"}
{"fields":{"humidity":47.32,"pressure":1009.59,"temperature":24.58},"name":"mqtt_consumer","tags":{"topic":"arsip/sensor_bme280"},"timestamp":"2026-08-06 03:09:23"}
{"fields":{"humidity":47.32,"pressure":1009.59,"temperature":24.58},"name":"mqtt_consumer","tags":{"topic":"arsip/sensor_bme280"},"timestamp":"2026-08-06 03:09:26"}
{"fields":{"humidity":47.32,"pressure":1009.59,"temperature":24.58},"name":"mqtt_consumer","tags":{"topic":"arsip/sensor_bme280"},"timestamp":"2026-08-06 03:09:27"}
{"fields":{"humidity":47.32,"pressure":1009.59,"temperature":24.58},"name":"mqtt_consumer","tags":{"topic":"arsip/sensor_bme280"},"timestamp":"2026-08-06 03:09:30"}
{"fields":{"humidity":47.32,"pressure":1009.59,"temperature":24.58},"name":"mqtt_consumer","tags":{"topic":"arsip/sensor_bme280"},"timestamp":"2026-08-06 03:09:31"}
{"fields":{"humidity":47.32,"pressure":1009.59,"temperature":24.58},"name":"mqtt_consumer","tags":{"topic":"arsip/sensor_bme280"},"timestamp":"2026-08-06 03:09:34"}
{"fields":{"humidity":47.32,"pressure":1009.59,"temperature":24.58},"name":"mqtt_consumer","tags":{"topic":"arsip/sensor_bme280"},"timestamp":"2026-08-06 03:09:35"}
{"fields":{"humidity":46.89,"pressure":1009.58,"temperature":24.48},"name":"mqtt_consumer","tags":{"topic":"arsip/sensor_bme280"},"timestamp":"2026-08-06 03:09:38"}
{"fields":{"humidity":46.89,"pressure":1009.58,"temperature":24.48},"name":"mqtt_consumer","tags":{"topic":"arsip/sensor_bme280"},"timestamp":"2026-08-06 03:09:39"}
{"fields":{"humidity":46.89,"pressure":1009.58,"temperature":24.48},"name":"mqtt_consumer","tags":{"topic":"arsip/sensor_bme280"},"timestamp":"2026-08-06 03:09:42"}
{"fields":{"humidity":46.89,"pressure":1009.58,"temperature":24.48},"name":"mqtt_consumer","tags":{"topic":"arsip/sensor_bme280"},"timestamp":"2026-08-06 03:09:43"}
{"fields":{"humidity":45.39,"temperature":25.89},"name":"mqtt_consumer","tags":{"topic":"arsip/sensor_dht11"},"timestamp":"2026-08-06 03:09:44"}
{"fields":{"humidity":46.89,"pressure":1009.58,"temperature":24.48},"name":"mqtt_consumer","tags":{"topic":"arsip/sensor_bme280"},"timestamp":"2026-08-06 03:09:46"}
{"fields":{"humidity":46.89,"pressure":1009.58,"temperature":24.48},"name":"mqtt_consumer","tags":{"topic":"arsip/sensor_bme280"},"timestamp":"2026-08-06 03:09:47"}
{"fields":{"humidity":46.89,"pressure":1009.58,"temperature":24.48},"name":"mqtt_consumer","tags":{"topic":"arsip/sensor_bme280"},"timestamp":"2026-08-06 03:09:50"}
{"fields":{"humidity":46.89,"pressure":1009.58,"temperature":24.48},"name":"mqtt_consumer","tags":{"topic":"arsip/sensor_bme280"},"timestamp":"2026-08-06 03:09:51"}
{"fields":{"humidity":46.89,"pressure":1009.58,"temperature":24.48},"name":"mqtt_consumer","tags":{"topic":"arsip/sensor_bme280"},"timestamp":"2026-08-06 03:09:54"}
{"fields":{"humidity":46.89,"pressure":1009.58,"temperature":24.48},"name":"mqtt_consumer","tags":{"topic":"arsip/sensor_bme280"},"timestamp":"2026-08-06 03:09:55"}
{"fields":{"humidity":46.89,"pressure":1009.58,"temperature":24.48},"name":"mqtt_consumer","tags":{"topic":"arsip/sensor_bme280"},"timestamp":"2026-08-06 03:09:58"}
{"fields":{"humidity":46.89,"pressure":1009.58,"temperature":24.48},"name":"mqtt_consumer","tags":{"topic":"arsip/sensor_bme280"},"timestamp":"2026-08-06 03:09:59"}
{"fields":{"humidity":46.89,"pressure":1009.58,"temperature":24.48},"name":"mqtt_consumer","tags":{"topic":"arsip/sensor_bme280"},"timestamp":"2026-08-06 03:10:02"}
{"fields":{"humidity":46.89,"pressure":1009.58,"temperature":24.48},"name":"mqtt_consumer","tags":{"topic":"arsip/sensor_bme280"},"timestamp":"2026-08-06 03:10:03"}
{"fields":{"humidity":46.89,"pressure":1009.58,"temperature":24.48},"name":"mqtt_consumer","tags":{"topic":"arsip/sensor_bme280"},"timestamp":"2026-08-06 03:10:06"}
{"fields":{"humidity":46.83,"pressure":1009.62,"temperature":24.36},"name":"mqtt_consumer","tags":{"topic":"arsip/sensor_bme280"},"timestamp":"2026-08-06 03:10:07"}
{"fields":{"humidity":46.83,"pressure":1009.62,"temperature":24.36},"name":"mqtt_consumer","tags":{"topic":"arsip/sensor_bme280"},"timestamp":"2026-08-06 03:10:10"}
{"fields":{"humidity":46.83,"pressure":1009.62,"temperature":24.36},"name":"mqtt_consumer","tags":{"topic":"arsip/sensor_bme280"},"timestamp":"2026-08-06 03:10:11"}
{"fields":{"humidity":44.98,"temperature":25.89},"name":"mqtt_consumer","tags":{"topic":"arsip/sensor_dht11"},"timestamp":"2026-08-06 03:10:14"}
{"fields":{"humidity":46.83,"pressure":1009.62,"temperature":24.36},"name":"mqtt_consumer","tags":{"topic":"arsip/sensor_bme280"},"timestamp":"2026-08-06 03:10:14"}
{"fields":{"humidity":46.83,"pressure":1009.62,"temperature":24.36},"name":"mqtt_consumer","tags":{"topic":"arsip/sensor_bme280"},"timestamp":"2026-08-06 03:10:15"}
{"fields":{"humidity":46.83,"pressure":1009.62,"temperature":24.36},"name":"mqtt_consumer","tags":{"topic":"arsip/sensor_bme280"},"timestamp":"2026-08-06 03:10:18"}
{"fields":{"humidity":46.83,"pressure":1009.62,"temperature":24.36},"name":"mqtt_consumer","tags":{"topic":"arsip/sensor_bme280"},"timestamp":"2026-08-06 03:10:19"}
{"fields":{"humidity":46.83,"pressure":1009.62,"temperature":24.36},"name":"mqtt_consumer","tags":{"topic":"arsip/sensor_bme280"},"timestamp":"2026-08-06 03:10:22"}
{"fields":{"humidity":46.83,"pressure":1009.62,"temperature":24.36},"name":"mqtt_consumer","tags":{"topic":"arsip/sensor_bme280"},"timestamp":"2026-08-06 03:10:23"}
{"fields":{"humidity":46.83,"pressure":1009.62,"temperature":24.36},"name":"mqtt_consumer","tags":{"topic":"arsip/sensor_bme280"},"timestamp":"2026-08-06 03:10:26"}
{"fields":{"humidity":46.83,"pressure":1009.62,"temperature":24.36},"name":"mqtt_consumer","tags":{"topic":"arsip/sensor_bme280"},"timestamp":"2026-08-06 03:10:27"}
{"fields":{"humidity":46.83,"pressure":1009.62,"temperature":24.36},"name":"mqtt_consumer","tags":{"topic":"arsip/sensor_bme280"},"timestamp":"2026-08-06 03:10:30"}
{"fields":{"humidity":46.83,"pressure":1009.62,"temperature":24.36},"name":"mqtt_consumer","tags":{"topic":"arsip/sensor_bme280"},"timestamp":"2026-08-06 03:10:31"}
{"fields":{"humidity":46.83,"pressure":1009.62,"temperature":24.36},"name":"mqtt_consumer","tags":{"topic":"arsip/sensor_bme280"},"timestamp":"2026-08-06 03:10:34"}
{"fields":{"humidity":46.83,"pressure":1009.62,"temperature":24.36},"name":"mqtt_consumer","tags":{"topic":"arsip/sensor_bme280"},"timestamp":"2026-08-06 03:10:35"}
{"fields":{"humidity":46.97,"pressure":1009.64,"temperature":24.37},"name":"mqtt_consumer","tags":{"topic":"arsip/sensor_bme280"},"timestamp":"2026-08-06 03:10:38"}
{"fields":{"humidity":46.97,"pressure":1009.64,"temperature":24.37},"name":"mqtt_consumer","tags":{"topic":"arsip/sensor_bme280"},"timestamp":"2026-08-06 03:10:39"}
{"fields":{"humidity":46.97,"pressure":1009.64,"temperature":24.37},"name":"mqtt_consumer","tags":{"topic":"arsip/sensor_bme280"},"timestamp":"2026-08-06 03:10:42"}
{"fields":{"humidity":46.97,"pressure":1009.64,"temperature":24.37},"name":"mqtt_consumer","tags":{"topic":"arsip/sensor_bme280"},"timestamp":"2026-08-06 03:10:43"}
{"fields":{"humidity":44.82,"temperature":25.79},"name":"mqtt_consumer","tags":{"topic":"arsip/sensor_dht11"},"timestamp":"2026-08-06 03:10:44"}
{"fields":{"humidity":46.97,"pressure":1009.64,"temperature":24.37},"name":"mqtt_consumer","tags":{"topic":"arsip/sensor_bme280"},"timestamp":"2026-08-06 03:10:46"}
{"fields":{"humidity":46.97,"pressure":1009.64,"temperature":24.37},"name":"mqtt_consumer","tags":{"topic":"arsip/sensor_bme280"},"timestamp":"2026-08-06 03:10:47"}
{"fields":{"humidity":46.97,"pressure":1009.64,"temperature":24.37},"name":"mqtt_consumer","tags":{"topic":"arsip/sensor_bme280"},"timestamp":"2026-08-06 03:10:50"}
{"fields":{"humidity":46.97,"pressure":1009.64,"temperature":24.37},"name":"mqtt_consumer","tags":{"topic":"arsip/sensor_bme280"},"timestamp":"2026-08-06 03:10:51"}
{"fields":{"humidity":46.97,"pressure":1009.64,"temperature":24.37},"name":"mqtt_consumer","tags":{"topic":"arsip/sensor_bme280"},"timestamp":"2026-08-06 03:10:54"}
{"fields":{"humidity":46.97,"pressure":1009.64,"temperature":24.37},"name":"mqtt_consumer","tags":{"topic":"arsip/sensor_bme280"},"timestamp":"2026-08-06 03:10:55"}
{"fields":{"humidity":46.97,"pressure":1009.64,"temperature":24.37},"name":"mqtt_consumer","tags":{"topic":"arsip/sensor_bme280"},"timestamp":"2026-08-06 03:10:58"}
{"fields":{"humidity":46.97,"pressure":1009.64,"temperature":24.37},"name":"mqtt_consumer","tags":{"topic":"arsip/sensor_bme280"},"timestamp":"2026-08-06 03:10:59"}
{"fields":{"humidity":46.97,"pressure":1009.64,"temperature":24.37},"name":"mqtt_consumer","tags":{"topic":"arsip/sensor_bme280"},"timestamp":"2026-08-06 03:11:02"}
{"fields":{"humidity":46.97,"pressure":1009.64,"temperature":24.37},"name":"mqtt_consumer","tags":{"topic":"arsip/sensor_bme280"},"timestamp":"2026-08-06 03:11:03"}
{"fields":{"humidity":46.97,"pressure":1009.64,"temperature":24.37},"name":"mqtt_consumer","tags":{"topic":"arsip/sensor_bme280"},"timestamp":"2026-08-06 03:11:06"}
{"fields":{"humidity":46.87,"pressure":1009.57,"temperature":24.44},"name":"mqtt_consumer","tags":{"topic":"arsip/sensor_bme280"},"timestamp":"2026-08-06 03:11:07"}
{"fields":{"humidity":46.87,"pressure":1009.57,"temperature":24.44},"name":"mqtt_consumer","tags":{"topic":"arsip/sensor_bme280"},"timestamp":"2026-08-06 03:11:10"}
{"fields":{"humidity":46.87,"pressure":1009.57,"temperature":24.44},"name":"mqtt_consumer","tags":{"topic":"arsip/sensor_bme280"},"timestamp":"2026-08-06 03:11:11"}
{"fields":{"humidity":44.9,"temperature":25.79},"name":"mqtt_consumer","tags":{"topic":"arsip/sensor_dht11"},"timestamp":"2026-08-06 03:11:14"}
{"fields":{"humidity":46.87,"pressure":1009.57,"temperature":24.44},"name":"mqtt_consumer","tags":{"topic":"arsip/sensor_bme280"},"timestamp":"2026-08-06 03:11:14"}
{"fields":{"humidity":46.87,"pressure":1009.57,"temperature":24.44},"name":"mqtt_consumer","tags":{"topic":"arsip/sensor_bme280"},"timestamp":"2026-08-06 03:11:15"}
{"fields":{"hum_offset":0,"temp_offset":0},"name":"mqtt_consumer","tags":{"topic":"arsip/sensor_bme280/config"},"timestamp":"2026-08-06 03:11:31"}
{"fields":{"humidity":46.87,"pressure":1009.57,"temperature":24.44},"name":"mqtt_consumer","tags":{"topic":"arsip/sensor_bme280"},"timestamp":"2026-08-06 03:11:33"}
{"fields":{"humidity":46.87,"pressure":1009.57,"temperature":24.44},"name":"mqtt_consumer","tags":{"topic":"arsip/sensor_bme280"},"timestamp":"2026-08-06 03:11:34"}
{"fields":{"humidity":46.75,"pressure":1009.58,"temperature":24.37},"name":"mqtt_consumer","tags":{"topic":"arsip/sensor_bme280"},"timestamp":"2026-08-06 03:11:37"}
{"fields":{"humidity":46.75,"pressure":1009.58,"temperature":24.37},"name":"mqtt_consumer","tags":{"topic":"arsip/sensor_bme280"},"timestamp":"2026-08-06 03:11:38"}
{"fields":{"humidity":46.75,"pressure":1009.58,"temperature":24.37},"name":"mqtt_consumer","tags":{"topic":"arsip/sensor_bme280"},"timestamp":"2026-08-06 03:11:41"}
{"fields":{"humidity":46.75,"pressure":1009.58,"temperature":24.37},"name":"mqtt_consumer","tags":{"topic":"arsip/sensor_bme280"},"timestamp":"2026-08-06 03:11:42"}
{"fields":{"humidity":45.15,"temperature":25.79},"name":"mqtt_consumer","tags":{"topic":"arsip/sensor_dht11"},"timestamp":"2026-08-06 03:11:44"}
{"fields":{"humidity":46.75,"pressure":1009.58,"temperature":24.37},"name":"mqtt_consumer","tags":{"topic":"arsip/sensor_bme280"},"timestamp":"2026-08-06 03:11:45"}
{"fields":{"humidity":46.75,"pressure":1009.58,"temperature":24.37},"name":"mqtt_consumer","tags":{"topic":"arsip/sensor_bme280"},"timestamp":"2026-08-06 03:11:46"}
{"fields":{"humidity":46.75,"pressure":1009.58,"temperature":24.37},"name":"mqtt_consumer","tags":{"topic":"arsip/sensor_bme280"},"timestamp":"2026-08-06 03:11:49"}
{"fields":{"humidity":46.75,"pressure":1009.58,"temperature":24.37},"name":"mqtt_consumer","tags":{"topic":"arsip/sensor_bme280"},"timestamp":"2026-08-06 03:11:50"}
{"fields":{"humidity":46.75,"pressure":1009.58,"temperature":24.37},"name":"mqtt_consumer","tags":{"topic":"arsip/sensor_bme280"},"timestamp":"2026-08-06 03:11:53"}
{"fields":{"humidity":46.75,"pressure":1009.58,"temperature":24.37},"name":"mqtt_consumer","tags":{"topic":"arsip/sensor_bme280"},"timestamp":"2026-08-06 03:11:54"}
{"fields":{"humidity":46.75,"pressure":1009.58,"temperature":24.37},"name":"mqtt_consumer","tags":{"topic":"arsip/sensor_bme280"},"timestamp":"2026-08-06 03:11:57"}
{"fields":{"humidity":46.75,"pressure":1009.58,"temperature":24.37},"name":"mqtt_consumer","tags":{"topic":"arsip/sensor_bme280"},"timestamp":"2026-08-06 03:11:58"}
{"fields":{"humidity":46.75,"pressure":1009.58,"temperature":24.37},"name":"mqtt_consumer","tags":{"topic":"arsip/sensor_bme280"},"timestamp":"2026-08-06 03:12:01"}
{"fields":{"humidity":46.75,"pressure":1009.58,"temperature":24.37},"name":"mqtt_consumer","tags":{"topic":"arsip/sensor_bme280"},"timestamp":"2026-08-06 03:12:02"}
{"fields":{"humidity":46.75,"pressure":1009.58,"temperature":24.37},"name":"mqtt_consumer","tags":{"topic":"arsip/sensor_bme280"},"timestamp":"2026-08-06 03:12:05"}
{"fields":{"humidity":46.75,"pressure":1009.58,"temperature":24.37},"name":"mqtt_consumer","tags":{"topic":"arsip/sensor_bme280"},"timestamp":"2026-08-06 03:12:06"}
{"fields":{"humidity":46.9,"pressure":1009.62,"temperature":24.42},"name":"mqtt_consumer","tags":{"topic":"arsip/sensor_bme280"},"timestamp":"2026-08-06 03:12:09"}
{"fields":{"humidity":46.9,"pressure":1009.62,"temperature":24.42},"name":"mqtt_consumer","tags":{"topic":"arsip/sensor_bme280"},"timestamp":"2026-08-06 03:12:10"}
{"fields":{"humidity":46.9,"pressure":1009.62,"temperature":24.42},"name":"mqtt_consumer","tags":{"topic":"arsip/sensor_bme280"},"timestamp":"2026-08-06 03:12:13"}
{"fields":{"humidity":45.23,"temperature":25.79},"name":"mqtt_consumer","tags":{"topic":"arsip/sensor_dht11"},"timestamp":"2026-08-06 03:12:14"}
{"fields":{"humidity":46.9,"pressure":1009.62,"temperature":24.42},"name":"mqtt_consumer","tags":{"topic":"arsip/sensor_bme280"},"timestamp":"2026-08-06 03:12:14"}
{"fields":{"humidity":46.9,"pressure":1009.62,"temperature":24.42},"name":"mqtt_consumer","tags":{"topic":"arsip/sensor_bme280"},"timestamp":"2026-08-06 03:12:17"}
{"fields":{"humidity":46.9,"pressure":1009.62,"temperature":24.42},"name":"mqtt_consumer","tags":{"topic":"arsip/sensor_bme280"},"timestamp":"2026-08-06 03:12:18"}
{"fields":{"humidity":46.9,"pressure":1009.62,"temperature":24.42},"name":"mqtt_consumer","tags":{"topic":"arsip/sensor_bme280"},"timestamp":"2026-08-06 03:12:21"}
{"fields":{"humidity":46.9,"pressure":1009.62,"temperature":24.42},"name":"mqtt_consumer","tags":{"topic":"arsip/sensor_bme280"},"timestamp":"2026-08-06 03:12:22"}
{"fields":{"humidity":46.9,"pressure":1009.62,"temperature":24.42},"name":"mqtt_consumer","tags":{"topic":"arsip/sensor_bme280"},"timestamp":"2026-08-06 03:12:25"}
{"fields":{"humidity":46.9,"pressure":1009.62,"temperature":24.42},"name":"mqtt_consumer","tags":{"topic":"arsip/sensor_bme280"},"timestamp":"2026-08-06 03:12:26"}
{"fields":{"humidity":46.9,"pressure":1009.62,"temperature":24.42},"name":"mqtt_consumer","tags":{"topic":"arsip/sensor_bme280"},"timestamp":"2026-08-06 03:12:29"}
{"fields":{"humidity":46.9,"pressure":1009.62,"temperature":24.42},"name":"mqtt_consumer","tags":{"topic":"arsip/sensor_bme280"},"timestamp":"2026-08-06 03:12:30"}
{"fields":{"humidity":46.9,"pressure":1009.62,"temperature":24.42},"name":"mqtt_consumer","tags":{"topic":"arsip/sensor_bme280"},"timestamp":"2026-08-06 03:12:33"}
{"fields":{"humidity":46.9,"pressure":1009.62,"temperature":24.42},"name":"mqtt_consumer","tags":{"topic":"arsip/sensor_bme280"},"timestamp":"2026-08-06 03:12:34"}
{"fields":{"humidity":46.82,"pressure":1009.52,"temperature":24.33},"name":"mqtt_consumer","tags":{"topic":"arsip/sensor_bme280"},"timestamp":"2026-08-06 03:12:37"}
{"fields":{"humidity":46.82,"pressure":1009.52,"temperature":24.33},"name":"mqtt_consumer","tags":{"topic":"arsip/sensor_bme280"},"timestamp":"2026-08-06 03:12:38"}
{"fields":{"humidity":46.82,"pressure":1009.52,"temperature":24.33},"name":"mqtt_consumer","tags":{"topic":"arsip/sensor_bme280"},"timestamp":"2026-08-06 03:12:41"}
{"fields":{"humidity":46.82,"pressure":1009.52,"temperature":24.33},"name":"mqtt_consumer","tags":{"topic":"arsip/sensor_bme280"},"timestamp":"2026-08-06 03:12:42"}
{"fields":{"humidity":45.07,"temperature":25.79},"name":"mqtt_consumer","tags":{"topic":"arsip/sensor_dht11"},"timestamp":"2026-08-06 03:12:44"}
{"fields":{"humidity":46.82,"pressure":1009.52,"temperature":24.33},"name":"mqtt_consumer","tags":{"topic":"arsip/sensor_bme280"},"timestamp":"2026-08-06 03:12:45"}
{"fields":{"humidity":46.82,"pressure":1009.52,"temperature":24.33},"name":"mqtt_consumer","tags":{"topic":"arsip/sensor_bme280"},"timestamp":"2026-08-06 03:12:46"}
{"fields":{"humidity":46.82,"pressure":1009.52,"temperature":24.33},"name":"mqtt_consumer","tags":{"topic":"arsip/sensor_bme280"},"timestamp":"2026-08-06 03:12:49"}
{"fields":{"humidity":46.82,"pressure":1009.52,"temperature":24.33},"name":"mqtt_consumer","tags":{"topic":"arsip/sensor_bme280"},"timestamp":"2026-08-06 03:12:50"}
{"fields":{"humidity":46.82,"pressure":1009.52,"temperature":24.33},"name":"mqtt_consumer","tags":{"topic":"arsip/sensor_bme280"},"timestamp":"2026-08-06 03:12:53"}
{"fields":{"humidity":46.82,"pressure":1009.52,"temperature":24.33},"name":"mqtt_consumer","tags":{"topic":"arsip/sensor_bme280"},"timestamp":"2026-08-06 03:12:54"}
{"fields":{"humidity":46.82,"pressure":1009.52,"temperature":24.33},"name":"mqtt_consumer","tags":{"topic":"arsip/sensor_bme280"},"timestamp":"2026-08-06 03:12:57"}
{"fields":{"humidity":46.82,"pressure":1009.52,"temperature":24.33},"name":"mqtt_consumer","tags":{"topic":"arsip/sensor_bme280"},"timestamp":"2026-08-06 03:12:58"}
{"fields":{"humidity":46.82,"pressure":1009.52,"temperature":24.33},"name":"mqtt_consumer","tags":{"topic":"arsip/sensor_bme280"},"timestamp":"2026-08-06 03:13:01"}
{"fields":{"humidity":46.82,"pressure":1009.52,"temperature":24.33},"name":"mqtt_consumer","tags":{"topic":"arsip/sensor_bme280"},"timestamp":"2026-08-06 03:13:02"}
{"fields":{"humidity":46.82,"pressure":1009.52,"temperature":24.33},"name":"mqtt_consumer","tags":{"topic":"arsip/sensor_bme280"},"timestamp":"2026-08-06 03:13:05"}
{"fields":{"humidity":46.82,"pressure":1009.52,"temperature":24.33},"name":"mqtt_consumer","tags":{"topic":"arsip/sensor_bme280"},"timestamp":"2026-08-06 03:13:06"}
{"fields":{"humidity":46.85,"pressure":1009.59,"temperature":24.36},"name":"mqtt_consumer","tags":{"topic":"arsip/sensor_bme280"},"timestamp":"2026-08-06 03:13:09"}
{"fields":{"humidity":46.85,"pressure":1009.59,"temperature":24.36},"name":"mqtt_consumer","tags":{"topic":"arsip/sensor_bme280"},"timestamp":"2026-08-06 03:13:10"}
{"fields":{"humidity":46.85,"pressure":1009.59,"temperature":24.36},"name":"mqtt_consumer","tags":{"topic":"arsip/sensor_bme280"},"timestamp":"2026-08-06 03:13:13"}
{"fields":{"humidity":44.82,"temperature":25.79},"name":"mqtt_consumer","tags":{"topic":"arsip/sensor_dht11"},"timestamp":"2026-08-06 03:13:14"}
{"fields":{"humidity":46.85,"pressure":1009.59,"temperature":24.36},"name":"mqtt_consumer","tags":{"topic":"arsip/sensor_bme280"},"timestamp":"2026-08-06 03:13:14"}
{"fields":{"humidity":46.85,"pressure":1009.59,"temperature":24.36},"name":"mqtt_consumer","tags":{"topic":"arsip/sensor_bme280"},"timestamp":"2026-08-06 03:13:17"}
{"fields":{"humidity":46.85,"pressure":1009.59,"temperature":24.36},"name":"mqtt_consumer","tags":{"topic":"arsip/sensor_bme280"},"timestamp":"2026-08-06 03:13:18"}
{"fields":{"humidity":46.85,"pressure":1009.59,"temperature":24.36},"name":"mqtt_consumer","tags":{"topic":"arsip/sensor_bme280"},"timestamp":"2026-08-06 03:13:21"}
{"fields":{"humidity":46.85,"pressure":1009.59,"temperature":24.36},"name":"mqtt_consumer","tags":{"topic":"arsip/sensor_bme280"},"timestamp":"2026-08-06 03:13:22"}
{"fields":{"humidity":46.85,"pressure":1009.59,"temperature":24.36},"name":"mqtt_consumer","tags":{"topic":"arsip/sensor_bme280"},"timestamp":"2026-08-06 03:13:25"}
{"fields":{"humidity":46.85,"pressure":1009.59,"temperature":24.36},"name":"mqtt_consumer","tags":{"topic":"arsip/sensor_bme280"},"timestamp":"2026-08-06 03:13:26"}
{"fields":{"humidity":46.85,"pressure":1009.59,"temperature":24.36},"name":"mqtt_consumer","tags":{"topic":"arsip/sensor_bme280"},"timestamp":"2026-08-06 03:13:29"}
{"fields":{"humidity":46.85,"pressure":1009.59,"temperature":24.36},"name":"mqtt_consumer","tags":{"topic":"arsip/sensor_bme280"},"timestamp":"2026-08-06 03:13:30"}
{"fields":{"humidity":46.85,"pressure":1009.59,"temperature":24.36},"name":"mqtt_consumer","tags":{"topic":"arsip/sensor_bme280"},"timestamp":"2026-08-06 03:13:33"}
{"fields":{"humidity":46.85,"pressure":1009.59,"temperature":24.36},"name":"mqtt_consumer","tags":{"topic":"arsip/sensor_bme280"},"timestamp":"2026-08-06 03:13:34"}
{"fields":{"humidity":47.61,"pressure":1009.59,"temperature":24.42},"name":"mqtt_consumer","tags":{"topic":"arsip/sensor_bme280"},"timestamp":"2026-08-06 03:13:37"}
{"fields":{"humidity":47.61,"pressure":1009.59,"temperature":24.42},"name":"mqtt_consumer","tags":{"topic":"arsip/sensor_bme280"},"timestamp":"2026-08-06 03:13:38"}
{"fields":{"humidity":47.61,"pressure":1009.59,"temperature":24.42},"name":"mqtt_consumer","tags":{"topic":"arsip/sensor_bme280"},"timestamp":"2026-08-06 03:13:41"}
{"fields":{"humidity":47.61,"pressure":1009.59,"temperature":24.42},"name":"mqtt_consumer","tags":{"topic":"arsip/sensor_bme280"},"timestamp":"2026-08-06 03:13:42"}
{"fields":{"humidity":44.98,"temperature":25.79},"name":"mqtt_consumer","tags":{"topic":"arsip/sensor_dht11"},"timestamp":"2026-08-06 03:13:44"}
{"fields":{"humidity":47.61,"pressure":1009.59,"temperature":24.42},"name":"mqtt_consumer","tags":{"topic":"arsip/sensor_bme280"},"timestamp":"2026-08-06 03:13:45"}
{"fields":{"humidity":47.61,"pressure":1009.59,"temperature":24.42},"name":"mqtt_consumer","tags":{"topic":"arsip/sensor_bme280"},"timestamp":"2026-08-06 03:13:46"}
{"fields":{"humidity":47.61,"pressure":1009.59,"temperature":24.42},"name":"mqtt_consumer","tags":{"topic":"arsip/sensor_bme280"},"timestamp":"2026-08-06 03:13:49"}
{"fields":{"humidity":47.61,"pressure":1009.59,"temperature":24.42},"name":"mqtt_consumer","tags":{"topic":"arsip/sensor_bme280"},"timestamp":"2026-08-06 03:13:50"}
{"fields":{"hum_offset":0,"temp_offset":0},"name":"mqtt_consumer","tags":{"topic":"arsip/sensor_bme280/config"},"timestamp":"2026-08-06 03:14:07"}
{"fields":{"humidity":46.6,"pressure":1009.53,"temperature":24.37},"name":"mqtt_consumer","tags":{"topic":"arsip/sensor_bme280"},"timestamp":"2026-08-06 03:14:10"}
{"fields":{"humidity":46.6,"pressure":1009.53,"temperature":24.37},"name":"mqtt_consumer","tags":{"topic":"arsip/sensor_bme280"},"timestamp":"2026-08-06 03:14:11"}
{"fields":{"humidity":45.23,"temperature":25.79},"name":"mqtt_consumer","tags":{"topic":"arsip/sensor_dht11"},"timestamp":"2026-08-06 03:14:14"}
{"fields":{"humidity":46.6,"pressure":1009.53,"temperature":24.37},"name":"mqtt_consumer","tags":{"topic":"arsip/sensor_bme280"},"timestamp":"2026-08-06 03:14:14"}
{"fields":{"humidity":46.6,"pressure":1009.53,"temperature":24.37},"name":"mqtt_consumer","tags":{"topic":"arsip/sensor_bme280"},"timestamp":"2026-08-06 03:14:15"}
{"fields":{"humidity":46.6,"pressure":1009.53,"temperature":24.37},"name":"mqtt_consumer","tags":{"topic":"arsip/sensor_bme280"},"timestamp":"2026-08-06 03:14:18"}
{"fields":{"humidity":46.6,"pressure":1009.53,"temperature":24.37},"name":"mqtt_consumer","tags":{"topic":"arsip/sensor_bme280"},"timestamp":"2026-08-06 03:14:19"}
{"fields":{"humidity":46.6,"pressure":1009.53,"temperature":24.37},"name":"mqtt_consumer","tags":{"topic":"arsip/sensor_bme280"},"timestamp":"2026-08-06 03:14:22"}
{"fields":{"humidity":46.6,"pressure":1009.53,"temperature":24.37},"name":"mqtt_consumer","tags":{"topic":"arsip/sensor_bme280"},"timestamp":"2026-08-06 03:14:23"}
{"fields":{"humidity":46.6,"pressure":1009.53,"temperature":24.37},"name":"mqtt_consumer","tags":{"topic":"arsip/sensor_bme280"},"timestamp":"2026-08-06 03:14:26"}
{"fields":{"humidity":46.6,"pressure":1009.53,"temperature":24.37},"name":"mqtt_consumer","tags":{"topic":"arsip/sensor_bme280"},"timestamp":"2026-08-06 03:14:27"}
{"fields":{"humidity":46.6,"pressure":1009.53,"temperature":24.37},"name":"mqtt_consumer","tags":{"topic":"arsip/sensor_bme280"},"timestamp":"2026-08-06 03:14:30"}
{"fields":{"humidity":46.6,"pressure":1009.53,"temperature":24.37},"name":"mqtt_consumer","tags":{"topic":"arsip/sensor_bme280"},"timestamp":"2026-08-06 03:14:31"}
{"fields":{"humidity":46.6,"pressure":1009.53,"temperature":24.37},"name":"mqtt_consumer","tags":{"topic":"arsip/sensor_bme280"},"timestamp":"2026-08-06 03:14:34"}
{"fields":{"humidity":46.6,"pressure":1009.53,"temperature":24.37},"name":"mqtt_consumer","tags":{"topic":"arsip/sensor_bme280"},"timestamp":"2026-08-06 03:14:35"}
{"fields":{"humidity":46.75,"pressure":1009.62,"temperature":24.42},"name":"mqtt_consumer","tags":{"topic":"arsip/sensor_bme280"},"timestamp":"2026-08-06 03:14:38"}
{"fields":{"humidity":46.75,"pressure":1009.62,"temperature":24.42},"name":"mqtt_consumer","tags":{"topic":"arsip/sensor_bme280"},"timestamp":"2026-08-06 03:14:39"}
{"fields":{"humidity":46.75,"pressure":1009.62,"temperature":24.42},"name":"mqtt_consumer","tags":{"topic":"arsip/sensor_bme280"},"timestamp":"2026-08-06 03:14:42"}
{"fields":{"humidity":46.75,"pressure":1009.62,"temperature":24.42},"name":"mqtt_consumer","tags":{"topic":"arsip/sensor_bme280"},"timestamp":"2026-08-06 03:14:43"}
{"fields":{"humidity":45.07,"temperature":25.79},"name":"mqtt_consumer","tags":{"topic":"arsip/sensor_dht11"},"timestamp":"2026-08-06 03:14:44"}
{"fields":{"humidity":46.75,"pressure":1009.62,"temperature":24.42},"name":"mqtt_consumer","tags":{"topic":"arsip/sensor_bme280"},"timestamp":"2026-08-06 03:14:46"}
{"fields":{"humidity":46.75,"pressure":1009.62,"temperature":24.42},"name":"mqtt_consumer","tags":{"topic":"arsip/sensor_bme280"},"timestamp":"2026-08-06 03:14:47"}
{"fields":{"humidity":46.75,"pressure":1009.62,"temperature":24.42},"name":"mqtt_consumer","tags":{"topic":"arsip/sensor_bme280"},"timestamp":"2026-08-06 03:14:50"}
{"fields":{"humidity":46.75,"pressure":1009.62,"temperature":24.42},"name":"mqtt_consumer","tags":{"topic":"arsip/sensor_bme280"},"timestamp":"2026-08-06 03:14:51"}
{"fields":{"humidity":46.75,"pressure":1009.62,"temperature":24.42},"name":"mqtt_consumer","tags":{"topic":"arsip/sensor_bme280"},"timestamp":"2026-08-06 03:14:54"}
{"fields":{"humidity":46.75,"pressure":1009.62,"temperature":24.42},"name":"mqtt_consumer","tags":{"topic":"arsip/sensor_bme280"},"timestamp":"2026-08-06 03:14:55"}
{"fields":{"humidity":46.75,"pressure":1009.62,"temperature":24.42},"name":"mqtt_consumer","tags":{"topic":"arsip/sensor_bme280"},"timestamp":"2026-08-06 03:14:58"}
{"fields":{"humidity":46.75,"pressure":1009.62,"temperature":24.42},"name":"mqtt_consumer","tags":{"topic":"arsip/sensor_bme280"},"timestamp":"2026-08-06 03:14:59"}
{"fields":{"humidity":46.75,"pressure":1009.62,"temperature":24.42},"name":"mqtt_consumer","tags":{"topic":"arsip/sensor_bme280"},"timestamp":"2026-08-06 03:15:02"}
{"fields":{"humidity":46.75,"pressure":1009.62,"temperature":24.42},"name":"mqtt_consumer","tags":{"topic":"arsip/sensor_bme280"},"timestamp":"2026-08-06 03:15:03"}
{"fields":{"humidity":46.75,"pressure":1009.62,"temperature":24.42},"name":"mqtt_consumer","tags":{"topic":"arsip/sensor_bme280"},"timestamp":"2026-08-06 03:15:06"}
{"fields":{"humidity":46.75,"pressure":1009.55,"temperature":24.35},"name":"mqtt_consumer","tags":{"topic":"arsip/sensor_bme280"},"timestamp":"2026-08-06 03:15:07"}
{"fields":{"humidity":46.75,"pressure":1009.55,"temperature":24.35},"name":"mqtt_consumer","tags":{"topic":"arsip/sensor_bme280"},"timestamp":"2026-08-06 03:15:10"}
{"fields":{"humidity":46.75,"pressure":1009.55,"temperature":24.35},"name":"mqtt_consumer","tags":{"topic":"arsip/sensor_bme280"},"timestamp":"2026-08-06 03:15:11"}
{"fields":{"humidity":44.82,"temperature":25.79},"name":"mqtt_consumer","tags":{"topic":"arsip/sensor_dht11"},"timestamp":"2026-08-06 03:15:14"}
{"fields":{"humidity":46.75,"pressure":1009.55,"temperature":24.35},"name":"mqtt_consumer","tags":{"topic":"arsip/sensor_bme280"},"timestamp":"2026-08-06 03:15:14"}
{"fields":{"humidity":46.75,"pressure":1009.55,"temperature":24.35},"name":"mqtt_consumer","tags":{"topic":"arsip/sensor_bme280"},"timestamp":"2026-08-06 03:15:15"}
{"fields":{"humidity":46.75,"pressure":1009.55,"temperature":24.35},"name":"mqtt_consumer","tags":{"topic":"arsip/sensor_bme280"},"timestamp":"2026-08-06 03:15:18"}
{"fields":{"humidity":46.75,"pressure":1009.55,"temperature":24.35},"name":"mqtt_consumer","tags":{"topic":"arsip/sensor_bme280"},"timestamp":"2026-08-06 03:15:19"}
{"fields":{"humidity":46.75,"pressure":1009.55,"temperature":24.35},"name":"mqtt_consumer","tags":{"topic":"arsip/sensor_bme280"},"timestamp":"2026-08-06 03:15:22"}
{"fields":{"humidity":46.75,"pressure":1009.55,"temperature":24.35},"name":"mqtt_consumer","tags":{"topic":"arsip/sensor_bme280"},"timestamp":"2026-08-06 03:15:23"}
{"fields":{"humidity":46.75,"pressure":1009.55,"temperature":24.35},"name":"mqtt_consumer","tags":{"topic":"arsip/sensor_bme280"},"timestamp":"2026-08-06 03:15:26"}
{"fields":{"humidity":46.75,"pressure":1009.55,"temperature":24.35},"name":"mqtt_consumer","tags":{"topic":"arsip/sensor_bme280"},"timestamp":"2026-08-06 03:15:27"}
{"fields":{"humidity":46.75,"pressure":1009.55,"temperature":24.35},"name":"mqtt_consumer","tags":{"topic":"arsip/sensor_bme280"},"timestamp":"2026-08-06 03:15:30"}
{"fields":{"humidity":46.75,"pressure":1009.55,"temperature":24.35},"name":"mqtt_consumer","tags":{"topic":"arsip/sensor_bme280"},"timestamp":"2026-08-06 03:15:31"}
{"fields":{"humidity":46.75,"pressure":1009.55,"temperature":24.35},"name":"mqtt_consumer","tags":{"topic":"arsip/sensor_bme280"},"timestamp":"2026-08-06 03:15:34"}
{"fields":{"humidity":46.75,"pressure":1009.55,"temperature":24.35},"name":"mqtt_consumer","tags":{"topic":"arsip/sensor_bme280"},"timestamp":"2026-08-06 03:15:35"}
{"fields":{"humidity":47.36,"pressure":1009.5,"temperature":24.32},"name":"mqtt_consumer","tags":{"topic":"arsip/sensor_bme280"},"timestamp":"2026-08-06 03:15:38"}
{"fields":{"humidity":47.36,"pressure":1009.5,"temperature":24.32},"name":"mqtt_consumer","tags":{"topic":"arsip/sensor_bme280"},"timestamp":"2026-08-06 03:15:39"}
{"fields":{"humidity":47.36,"pressure":1009.5,"temperature":24.32},"name":"mqtt_consumer","tags":{"topic":"arsip/sensor_bme280"},"timestamp":"2026-08-06 03:15:42"}
{"fields":{"humidity":47.36,"pressure":1009.5,"temperature":24.32},"name":"mqtt_consumer","tags":{"topic":"arsip/sensor_bme280"},"timestamp":"2026-08-06 03:15:43"}
{"fields":{"humidity":44.66,"temperature":25.79},"name":"mqtt_consumer","tags":{"topic":"arsip/sensor_dht11"},"timestamp":"2026-08-06 03:15:44"}
{"fields":{"humidity":47.36,"pressure":1009.5,"temperature":24.32},"name":"mqtt_consumer","tags":{"topic":"arsip/sensor_bme280"},"timestamp":"2026-08-06 03:15:46"}
{"fields":{"humidity":47.36,"pressure":1009.5,"temperature":24.32},"name":"mqtt_consumer","tags":{"topic":"arsip/sensor_bme280"},"timestamp":"2026-08-06 03:15:47"}
{"fields":{"humidity":47.36,"pressure":1009.5,"temperature":24.32},"name":"mqtt_consumer","tags":{"topic":"arsip/sensor_bme280"},"timestamp":"2026-08-06 03:15:50"}
{"fields":{"humidity":47.36,"pressure":1009.5,"temperature":24.32},"name":"mqtt_consumer","tags":{"topic":"arsip/sensor_bme280"},"timestamp":"2026-08-06 03:15:51"}
{"fields":{"humidity":47.36,"pressure":1009.5,"temperature":24.32},"name":"mqtt_consumer","tags":{"topic":"arsip/sensor_bme280"},"timestamp":"2026-08-06 03:15:54"}
{"fields":{"humidity":47.36,"pressure":1009.5,"temperature":24.32},"name":"mqtt_consumer","tags":{"topic":"arsip/sensor_bme280"},"timestamp":"2026-08-06 03:15:55"}
{"fields":{"humidity":47.36,"pressure":1009.5,"temperature":24.32},"name":"mqtt_consumer","tags":{"topic":"arsip/sensor_bme280"},"timestamp":"2026-08-06 03:15:58"}
{"fields":{"humidity":47.36,"pressure":1009.5,"temperature":24.32},"name":"mqtt_consumer","tags":{"topic":"arsip/sensor_bme280"},"timestamp":"2026-08-06 03:15:59"}
{"fields":{"humidity":47.36,"pressure":1009.5,"temperature":24.32},"name":"mqtt_consumer","tags":{"topic":"arsip/sensor_bme280"},"timestamp":"2026-08-06 03:16:02"}
{"fields":{"humidity":47.36,"pressure":1009.5,"temperature":24.32},"name":"mqtt_consumer","tags":{"topic":"arsip/sensor_bme280"},"timestamp":"2026-08-06 03:16:03"}
{"fields":{"hum_offset":0,"temp_offset":0},"name":"mqtt_consumer","tags":{"topic":"arsip/sensor_bme280/config"},"timestamp":"2026-08-06 03:16:20"}
{"fields":{"humidity":47.39,"pressure":1009.51,"temperature":24.44},"name":"mqtt_consumer","tags":{"topic":"arsip/sensor_bme280"},"timestamp":"2026-08-06 03:16:23"}
{"fields":{"humidity":47.39,"pressure":1009.51,"temperature":24.44},"name":"mqtt_consumer","tags":{"topic":"arsip/sensor_bme280"},"timestamp":"2026-08-06 03:16:24"}
{"fields":{"humidity":47.39,"pressure":1009.51,"temperature":24.44},"name":"mqtt_consumer","tags":{"topic":"arsip/sensor_bme280"},"timestamp":"2026-08-06 03:16:27"}
{"fields":{"humidity":47.39,"pressure":1009.51,"temperature":24.44},"name":"mqtt_consumer","tags":{"topic":"arsip/sensor_bme280"},"timestamp":"2026-08-06 03:16:28"}
{"fields":{"humidity":47.39,"pressure":1009.51,"temperature":24.44},"name":"mqtt_consumer","tags":{"topic":"arsip/sensor_bme280"},"timestamp":"2026-08-06 03:16:31"}
{"fields":{"humidity":47.39,"pressure":1009.51,"temperature":24.44},"name":"mqtt_consumer","tags":{"topic":"arsip/sensor_bme280"},"timestamp":"2026-08-06 03:16:32"}
{"fields":{"humidity":47.39,"pressure":1009.51,"temperature":24.44},"name":"mqtt_consumer","tags":{"topic":"arsip/sensor_bme280"},"timestamp":"2026-08-06 03:16:35"}
{"fields":{"humidity":47.39,"pressure":1009.51,"temperature":24.44},"name":"mqtt_consumer","tags":{"topic":"arsip/sensor_bme280"},"timestamp":"2026-08-06 03:16:36"}
{"fields":{"humidity":47.39,"pressure":1009.51,"temperature":24.44},"name":"mqtt_consumer","tags":{"topic":"arsip/sensor_bme280"},"timestamp":"2026-08-06 03:16:39"}
{"fields":{"humidity":47.39,"pressure":1009.51,"temperature":24.44},"name":"mqtt_consumer","tags":{"topic":"arsip/sensor_bme280"},"timestamp":"2026-08-06 03:16:40"}
{"fields":{"humidity":47.39,"pressure":1009.51,"temperature":24.44},"name":"mqtt_consumer","tags":{"topic":"arsip/sensor_bme280"},"timestamp":"2026-08-06 03:16:43"}
{"fields":{"humidity":47.39,"pressure":1009.51,"temperature":24.44},"name":"mqtt_consumer","tags":{"topic":"arsip/sensor_bme280"},"timestamp":"2026-08-06 03:16:44"}
{"fields":{"humidity":47.39,"pressure":1009.51,"temperature":24.44},"name":"mqtt_consumer","tags":{"topic":"arsip/sensor_bme280"},"timestamp":"2026-08-06 03:16:47"}
{"fields":{"humidity":47.39,"pressure":1009.51,"temperature":24.44},"name":"mqtt_consumer","tags":{"topic":"arsip/sensor_bme280"},"timestamp":"2026-08-06 03:16:48"}
{"fields":{"humidity":45.39,"temperature":25.79},"name":"mqtt_consumer","tags":{"topic":"arsip/sensor_dht11"},"timestamp":"2026-08-06 03:16:50"}
{"fields":{"humidity":47.4,"pressure":1009.52,"temperature":24.41},"name":"mqtt_consumer","tags":{"topic":"arsip/sensor_bme280"},"timestamp":"2026-08-06 03:16:51"}
{"fields":{"humidity":47.4,"pressure":1009.52,"temperature":24.41},"name":"mqtt_consumer","tags":{"topic":"arsip/sensor_bme280"},"timestamp":"2026-08-06 03:16:52"}
{"fields":{"humidity":47.4,"pressure":1009.52,"temperature":24.41},"name":"mqtt_consumer","tags":{"topic":"arsip/sensor_bme280"},"timestamp":"2026-08-06 03:16:55"}
{"fields":{"humidity":47.4,"pressure":1009.52,"temperature":24.41},"name":"mqtt_consumer","tags":{"topic":"arsip/sensor_bme280"},"timestamp":"2026-08-06 03:16:56"}
{"fields":{"humidity":47.4,"pressure":1009.52,"temperature":24.41},"name":"mqtt_consumer","tags":{"topic":"arsip/sensor_bme280"},"timestamp":"2026-08-06 03:16:59"}
{"fields":{"humidity":47.4,"pressure":1009.52,"temperature":24.41},"name":"mqtt_consumer","tags":{"topic":"arsip/sensor_bme280"},"timestamp":"2026-08-06 03:17:00"}
{"fields":{"humidity":47.4,"pressure":1009.52,"temperature":24.41},"name":"mqtt_consumer","tags":{"topic":"arsip/sensor_bme280"},"timestamp":"2026-08-06 03:17:03"}
{"fields":{"humidity":47.4,"pressure":1009.52,"temperature":24.41},"name":"mqtt_consumer","tags":{"topic":"arsip/sensor_bme280"},"timestamp":"2026-08-06 03:17:04"}
{"fields":{"humidity":47.4,"pressure":1009.52,"temperature":24.41},"name":"mqtt_consumer","tags":{"topic":"arsip/sensor_bme280"},"timestamp":"2026-08-06 03:17:07"}
{"fields":{"humidity":47.4,"pressure":1009.52,"temperature":24.41},"name":"mqtt_consumer","tags":{"topic":"arsip/sensor_bme280"},"timestamp":"2026-08-06 03:17:08"}
{"fields":{"humidity":47.4,"pressure":1009.52,"temperature":24.41},"name":"mqtt_consumer","tags":{"topic":"arsip/sensor_bme280"},"timestamp":"2026-08-06 03:17:11"}
{"fields":{"humidity":47.4,"pressure":1009.52,"temperature":24.41},"name":"mqtt_consumer","tags":{"topic":"arsip/sensor_bme280"},"timestamp":"2026-08-06 03:17:12"}
{"fields":{"humidity":47.4,"pressure":1009.52,"temperature":24.41},"name":"mqtt_consumer","tags":{"topic":"arsip/sensor_bme280"},"timestamp":"2026-08-06 03:17:15"}
{"fields":{"humidity":47.4,"pressure":1009.52,"temperature":24.41},"name":"mqtt_consumer","tags":{"topic":"arsip/sensor_bme280"},"timestamp":"2026-08-06 03:17:16"}
{"fields":{"humidity":47.4,"pressure":1009.52,"temperature":24.41},"name":"mqtt_consumer","tags":{"topic":"arsip/sensor_bme280"},"timestamp":"2026-08-06 03:17:19"}
{"fields":{"humidity":45.55,"temperature":25.79},"name":"mqtt_consumer","tags":{"topic":"arsip/sensor_dht11"},"timestamp":"2026-08-06 03:17:20"}
{"fields":{"humidity":47.58,"pressure":1009.59,"temperature":24.42},"name":"mqtt_consumer","tags":{"topic":"arsip/sensor_bme280"},"timestamp":"2026-08-06 03:17:20"}
{"fields":{"humidity":47.58,"pressure":1009.59,"temperature":24.42},"name":"mqtt_consumer","tags":{"topic":"arsip/sensor_bme280"},"timestamp":"2026-08-06 03:17:23"}
{"fields":{"humidity":47.58,"pressure":1009.59,"temperature":24.42},"name":"mqtt_consumer","tags":{"topic":"arsip/sensor_bme280"},"timestamp":"2026-08-06 03:17:24"}
{"fields":{"humidity":47.58,"pressure":1009.59,"temperature":24.42},"name":"mqtt_consumer","tags":{"topic":"arsip/sensor_bme280"},"timestamp":"2026-08-06 03:17:27"}
{"fields":{"humidity":47.58,"pressure":1009.59,"temperature":24.42},"name":"mqtt_consumer","tags":{"topic":"arsip/sensor_bme280"},"timestamp":"2026-08-06 03:17:28"}
{"fields":{"humidity":47.58,"pressure":1009.59,"temperature":24.42},"name":"mqtt_consumer","tags":{"topic":"arsip/sensor_bme280"},"timestamp":"2026-08-06 03:17:31"}
{"fields":{"humidity":47.58,"pressure":1009.59,"temperature":24.42},"name":"mqtt_consumer","tags":{"topic":"arsip/sensor_bme280"},"timestamp":"2026-08-06 03:17:32"}
{"fields":{"humidity":47.58,"pressure":1009.59,"temperature":24.42},"name":"mqtt_consumer","tags":{"topic":"arsip/sensor_bme280"},"timestamp":"2026-08-06 03:17:35"}
{"fields":{"humidity":47.58,"pressure":1009.59,"temperature":24.42},"name":"mqtt_consumer","tags":{"topic":"arsip/sensor_bme280"},"timestamp":"2026-08-06 03:17:36"}
{"fields":{"humidity":47.58,"pressure":1009.59,"temperature":24.42},"name":"mqtt_consumer","tags":{"topic":"arsip/sensor_bme280"},"timestamp":"2026-08-06 03:17:39"}
{"fields":{"humidity":47.58,"pressure":1009.59,"temperature":24.42},"name":"mqtt_consumer","tags":{"topic":"arsip/sensor_bme280"},"timestamp":"2026-08-06 03:17:40"}
{"fields":{"humidity":47.58,"pressure":1009.59,"temperature":24.42},"name":"mqtt_consumer","tags":{"topic":"arsip/sensor_bme280"},"timestamp":"2026-08-06 03:17:43"}
{"fields":{"humidity":47.58,"pressure":1009.59,"temperature":24.42},"name":"mqtt_consumer","tags":{"topic":"arsip/sensor_bme280"},"timestamp":"2026-08-06 03:17:44"}
{"fields":{"humidity":47.58,"pressure":1009.59,"temperature":24.42},"name":"mqtt_consumer","tags":{"topic":"arsip/sensor_bme280"},"timestamp":"2026-08-06 03:17:47"}
{"fields":{"humidity":47.58,"pressure":1009.59,"temperature":24.42},"name":"mqtt_consumer","tags":{"topic":"arsip/sensor_bme280"},"timestamp":"2026-08-06 03:17:48"}
{"fields":{"humidity":45.8,"temperature":25.79},"name":"mqtt_consumer","tags":{"topic":"arsip/sensor_dht11"},"timestamp":"2026-08-06 03:17:50"}
{"fields":{"humidity":47.48,"pressure":1009.6,"temperature":24.46},"name":"mqtt_consumer","tags":{"topic":"arsip/sensor_bme280"},"timestamp":"2026-08-06 03:17:51"}
{"fields":{"humidity":47.48,"pressure":1009.6,"temperature":24.46},"name":"mqtt_consumer","tags":{"topic":"arsip/sensor_bme280"},"timestamp":"2026-08-06 03:17:52"}
{"fields":{"humidity":47.48,"pressure":1009.6,"temperature":24.46},"name":"mqtt_consumer","tags":{"topic":"arsip/sensor_bme280"},"timestamp":"2026-08-06 03:17:55"}
{"fields":{"humidity":47.48,"pressure":1009.6,"temperature":24.46},"name":"mqtt_consumer","tags":{"topic":"arsip/sensor_bme280"},"timestamp":"2026-08-06 03:17:56"}
{"fields":{"humidity":47.48,"pressure":1009.6,"temperature":24.46},"name":"mqtt_consumer","tags":{"topic":"arsip/sensor_bme280"},"timestamp":"2026-08-06 03:17:59"}
{"fields":{"humidity":47.48,"pressure":1009.6,"temperature":24.46},"name":"mqtt_consumer","tags":{"topic":"arsip/sensor_bme280"},"timestamp":"2026-08-06 03:18:00"}
{"fields":{"humidity":47.48,"pressure":1009.6,"temperature":24.46},"name":"mqtt_consumer","tags":{"topic":"arsip/sensor_bme280"},"timestamp":"2026-08-06 03:18:03"}
{"fields":{"humidity":47.48,"pressure":1009.6,"temperature":24.46},"name":"mqtt_consumer","tags":{"topic":"arsip/sensor_bme280"},"timestamp":"2026-08-06 03:18:04"}
{"fields":{"humidity":47.48,"pressure":1009.6,"temperature":24.46},"name":"mqtt_consumer","tags":{"topic":"arsip/sensor_bme280"},"timestamp":"2026-08-06 03:18:07"}
{"fields":{"humidity":47.48,"pressure":1009.6,"temperature":24.46},"name":"mqtt_consumer","tags":{"topic":"arsip/sensor_bme280"},"timestamp":"2026-08-06 03:18:08"}
{"fields":{"humidity":47.48,"pressure":1009.6,"temperature":24.46},"name":"mqtt_consumer","tags":{"topic":"arsip/sensor_bme280"},"timestamp":"2026-08-06 03:18:11"}
{"fields":{"humidity":47.48,"pressure":1009.6,"temperature":24.46},"name":"mqtt_consumer","tags":{"topic":"arsip/sensor_bme280"},"timestamp":"2026-08-06 03:18:12"}
{"fields":{"humidity":47.48,"pressure":1009.6,"temperature":24.46},"name":"mqtt_consumer","tags":{"topic":"arsip/sensor_bme280"},"timestamp":"2026-08-06 03:18:15"}
{"fields":{"humidity":47.48,"pressure":1009.6,"temperature":24.46},"name":"mqtt_consumer","tags":{"topic":"arsip/sensor_bme280"},"timestamp":"2026-08-06 03:18:16"}
{"fields":{"humidity":47.48,"pressure":1009.6,"temperature":24.46},"name":"mqtt_consumer","tags":{"topic":"arsip/sensor_bme280"},"timestamp":"2026-08-06 03:18:19"}
{"fields":{"humidity":46.04,"temperature":25.79},"name":"mqtt_consumer","tags":{"topic":"arsip/sensor_dht11"},"timestamp":"2026-08-06 03:18:20"}
{"fields":{"humidity":47.47,"pressure":1009.53,"temperature":24.49},"name":"mqtt_consumer","tags":{"topic":"arsip/sensor_bme280"},"timestamp":"2026-08-06 03:18:20"}
{"fields":{"humidity":47.47,"pressure":1009.53,"temperature":24.49},"name":"mqtt_consumer","tags":{"topic":"arsip/sensor_bme280"},"timestamp":"2026-08-06 03:18:23"}
{"fields":{"humidity":47.47,"pressure":1009.53,"temperature":24.49},"name":"mqtt_consumer","tags":{"topic":"arsip/sensor_bme280"},"timestamp":"2026-08-06 03:18:24"}
{"fields":{"humidity":47.47,"pressure":1009.53,"temperature":24.49},"name":"mqtt_consumer","tags":{"topic":"arsip/sensor_bme280"},"timestamp":"2026-08-06 03:18:27"}
{"fields":{"humidity":47.47,"pressure":1009.53,"temperature":24.49},"name":"mqtt_consumer","tags":{"topic":"arsip/sensor_bme280"},"timestamp":"2026-08-06 03:18:28"}
{"fields":{"humidity":47.47,"pressure":1009.53,"temperature":24.49},"name":"mqtt_consumer","tags":{"topic":"arsip/sensor_bme280"},"timestamp":"2026-08-06 03:18:31"}
{"fields":{"humidity":47.47,"pressure":1009.53,"temperature":24.49},"name":"mqtt_consumer","tags":{"topic":"arsip/sensor_bme280"},"timestamp":"2026-08-06 03:18:32"}
{"fields":{"humidity":47.47,"pressure":1009.53,"temperature":24.49},"name":"mqtt_consumer","tags":{"topic":"arsip/sensor_bme280"},"timestamp":"2026-08-06 03:18:35"}
{"fields":{"humidity":47.47,"pressure":1009.53,"temperature":24.49},"name":"mqtt_consumer","tags":{"topic":"arsip/sensor_bme280"},"timestamp":"2026-08-06 03:18:36"}
{"fields":{"humidity":47.47,"pressure":1009.53,"temperature":24.49},"name":"mqtt_consumer","tags":{"topic":"arsip/sensor_bme280"},"timestamp":"2026-08-06 03:18:39"}
{"fields":{"humidity":47.47,"pressure":1009.53,"temperature":24.49},"name":"mqtt_consumer","tags":{"topic":"arsip/sensor_bme280"},"timestamp":"2026-08-06 03:18:40"}
{"fields":{"humidity":47.47,"pressure":1009.53,"temperature":24.49},"name":"mqtt_consumer","tags":{"topic":"arsip/sensor_bme280"},"timestamp":"2026-08-06 03:18:43"}
{"fields":{"humidity":47.47,"pressure":1009.53,"temperature":24.49},"name":"mqtt_consumer","tags":{"topic":"arsip/sensor_bme280"},"timestamp":"2026-08-06 03:18:44"}
{"fields":{"humidity":47.47,"pressure":1009.53,"temperature":24.49},"name":"mqtt_consumer","tags":{"topic":"arsip/sensor_bme280"},"timestamp":"2026-08-06 03:18:47"}
{"fields":{"humidity":47.47,"pressure":1009.53,"temperature":24.49},"name":"mqtt_consumer","tags":{"topic":"arsip/sensor_bme280"},"timestamp":"2026-08-06 03:18:48"}
{"fields":{"humidity":45.96,"temperature":25.79},"name":"mqtt_consumer","tags":{"topic":"arsip/sensor_dht11"},"timestamp":"2026-08-06 03:18:50"}
{"fields":{"humidity":47.43,"pressure":1009.53,"temperature":24.57},"name":"mqtt_consumer","tags":{"topic":"arsip/sensor_bme280"},"timestamp":"2026-08-06 03:18:51"}
{"fields":{"humidity":47.43,"pressure":1009.53,"temperature":24.57},"name":"mqtt_consumer","tags":{"topic":"arsip/sensor_bme280"},"timestamp":"2026-08-06 03:18:52"}
{"fields":{"humidity":47.43,"pressure":1009.53,"temperature":24.57},"name":"mqtt_consumer","tags":{"topic":"arsip/sensor_bme280"},"timestamp":"2026-08-06 03:18:55"}
{"fields":{"humidity":47.43,"pressure":1009.53,"temperature":24.57},"name":"mqtt_consumer","tags":{"topic":"arsip/sensor_bme280"},"timestamp":"2026-08-06 03:18:56"}
{"fields":{"humidity":47.43,"pressure":1009.53,"temperature":24.57},"name":"mqtt_consumer","tags":{"topic":"arsip/sensor_bme280"},"timestamp":"2026-08-06 03:18:59"}
{"fields":{"humidity":47.43,"pressure":1009.53,"temperature":24.57},"name":"mqtt_consumer","tags":{"topic":"arsip/sensor_bme280"},"timestamp":"2026-08-06 03:19:00"}
{"fields":{"humidity":47.43,"pressure":1009.53,"temperature":24.57},"name":"mqtt_consumer","tags":{"topic":"arsip/sensor_bme280"},"timestamp":"2026-08-06 03:19:03"}
{"fields":{"humidity":47.43,"pressure":1009.53,"temperature":24.57},"name":"mqtt_consumer","tags":{"topic":"arsip/sensor_bme280"},"timestamp":"2026-08-06 03:19:04"}
{"fields":{"humidity":47.43,"pressure":1009.53,"temperature":24.57},"name":"mqtt_consumer","tags":{"topic":"arsip/sensor_bme280"},"timestamp":"2026-08-06 03:19:07"}
{"fields":{"humidity":47.43,"pressure":1009.53,"temperature":24.57},"name":"mqtt_consumer","tags":{"topic":"arsip/sensor_bme280"},"timestamp":"2026-08-06 03:19:08"}
{"fields":{"humidity":47.43,"pressure":1009.53,"temperature":24.57},"name":"mqtt_consumer","tags":{"topic":"arsip/sensor_bme280"},"timestamp":"2026-08-06 03:19:11"}
{"fields":{"humidity":47.43,"pressure":1009.53,"temperature":24.57},"name":"mqtt_consumer","tags":{"topic":"arsip/sensor_bme280"},"timestamp":"2026-08-06 03:19:12"}
{"fields":{"humidity":47.43,"pressure":1009.53,"temperature":24.57},"name":"mqtt_consumer","tags":{"topic":"arsip/sensor_bme280"},"timestamp":"2026-08-06 03:19:15"}
{"fields":{"humidity":47.43,"pressure":1009.53,"temperature":24.57},"name":"mqtt_consumer","tags":{"topic":"arsip/sensor_bme280"},"timestamp":"2026-08-06 03:19:16"}
{"fields":{"humidity":47.43,"pressure":1009.53,"temperature":24.57},"name":"mqtt_consumer","tags":{"topic":"arsip/sensor_bme280"},"timestamp":"2026-08-06 03:19:19"}
{"fields":{"humidity":46.2,"temperature":25.79},"name":"mqtt_consumer","tags":{"topic":"arsip/sensor_dht11"},"timestamp":"2026-08-06 03:19:20"}
{"fields":{"humidity":47.04,"pressure":1009.44,"temperature":24.62},"name":"mqtt_consumer","tags":{"topic":"arsip/sensor_bme280"},"timestamp":"2026-08-06 03:19:20"}
{"fields":{"humidity":47.04,"pressure":1009.44,"temperature":24.62},"name":"mqtt_consumer","tags":{"topic":"arsip/sensor_bme280"},"timestamp":"2026-08-06 03:19:23"}
{"fields":{"humidity":47.04,"pressure":1009.44,"temperature":24.62},"name":"mqtt_consumer","tags":{"topic":"arsip/sensor_bme280"},"timestamp":"2026-08-06 03:19:24"}
{"fields":{"humidity":47.04,"pressure":1009.44,"temperature":24.62},"name":"mqtt_consumer","tags":{"topic":"arsip/sensor_bme280"},"timestamp":"2026-08-06 03:19:27"}
{"fields":{"humidity":47.04,"pressure":1009.44,"temperature":24.62},"name":"mqtt_consumer","tags":{"topic":"arsip/sensor_bme280"},"timestamp":"2026-08-06 03:19:28"}
{"fields":{"humidity":47.04,"pressure":1009.44,"temperature":24.62},"name":"mqtt_consumer","tags":{"topic":"arsip/sensor_bme280"},"timestamp":"2026-08-06 03:19:31"}
{"fields":{"humidity":47.04,"pressure":1009.44,"temperature":24.62},"name":"mqtt_consumer","tags":{"topic":"arsip/sensor_bme280"},"timestamp":"2026-08-06 03:19:32"}
{"fields":{"humidity":47.04,"pressure":1009.44,"temperature":24.62},"name":"mqtt_consumer","tags":{"topic":"arsip/sensor_bme280"},"timestamp":"2026-08-06 03:19:35"}
{"fields":{"humidity":47.04,"pressure":1009.44,"temperature":24.62},"name":"mqtt_consumer","tags":{"topic":"arsip/sensor_bme280"},"timestamp":"2026-08-06 03:19:36"}
{"fields":{"humidity":47.04,"pressure":1009.44,"temperature":24.62},"name":"mqtt_consumer","tags":{"topic":"arsip/sensor_bme280"},"timestamp":"2026-08-06 03:19:39"}
{"fields":{"humidity":47.04,"pressure":1009.44,"temperature":24.62},"name":"mqtt_consumer","tags":{"topic":"arsip/sensor_bme280"},"timestamp":"2026-08-06 03:19:40"}
{"fields":{"humidity":47.04,"pressure":1009.44,"temperature":24.62},"name":"mqtt_consumer","tags":{"topic":"arsip/sensor_bme280"},"timestamp":"2026-08-06 03:19:43"}
{"fields":{"humidity":47.04,"pressure":1009.44,"temperature":24.62},"name":"mqtt_consumer","tags":{"topic":"arsip/sensor_bme280"},"timestamp":"2026-08-06 03:19:44"}
{"fields":{"humidity":47.04,"pressure":1009.44,"temperature":24.62},"name":"mqtt_consumer","tags":{"topic":"arsip/sensor_bme280"},"timestamp":"2026-08-06 03:19:47"}
{"fields":{"humidity":47.04,"pressure":1009.44,"temperature":24.62},"name":"mqtt_consumer","tags":{"topic":"arsip/sensor_bme280"},"timestamp":"2026-08-06 03:19:48"}
{"fields":{"humidity":46.2,"temperature":25.79},"name":"mqtt_consumer","tags":{"topic":"arsip/sensor_dht11"},"timestamp":"2026-08-06 03:19:50"}
{"fields":{"humidity":46.97,"pressure":1009.48,"temperature":24.54},"name":"mqtt_consumer","tags":{"topic":"arsip/sensor_bme280"},"timestamp":"2026-08-06 03:19:51"}
{"fields":{"humidity":46.97,"pressure":1009.48,"temperature":24.54},"name":"mqtt_consumer","tags":{"topic":"arsip/sensor_bme280"},"timestamp":"2026-08-06 03:19:52"}
{"fields":{"humidity":46.97,"pressure":1009.48,"temperature":24.54},"name":"mqtt_consumer","tags":{"topic":"arsip/sensor_bme280"},"timestamp":"2026-08-06 03:19:55"}
{"fields":{"humidity":46.97,"pressure":1009.48,"temperature":24.54},"name":"mqtt_consumer","tags":{"topic":"arsip/sensor_bme280"},"timestamp":"2026-08-06 03:19:56"}
{"fields":{"humidity":46.97,"pressure":1009.48,"temperature":24.54},"name":"mqtt_consumer","tags":{"topic":"arsip/sensor_bme280"},"timestamp":"2026-08-06 03:19:59"}
{"fields":{"humidity":46.97,"pressure":1009.48,"temperature":24.54},"name":"mqtt_consumer","tags":{"topic":"arsip/sensor_bme280"},"timestamp":"2026-08-06 03:20:00"}
{"fields":{"humidity":46.97,"pressure":1009.48,"temperature":24.54},"name":"mqtt_consumer","tags":{"topic":"arsip/sensor_bme280"},"timestamp":"2026-08-06 03:20:03"}
{"fields":{"humidity":46.97,"pressure":1009.48,"temperature":24.54},"name":"mqtt_consumer","tags":{"topic":"arsip/sensor_bme280"},"timestamp":"2026-08-06 03:20:04"}
{"fields":{"humidity":46.97,"pressure":1009.48,"temperature":24.54},"name":"mqtt_consumer","tags":{"topic":"arsip/sensor_bme280"},"timestamp":"2026-08-06 03:20:07"}
{"fields":{"humidity":46.97,"pressure":1009.48,"temperature":24.54},"name":"mqtt_consumer","tags":{"topic":"arsip/sensor_bme280"},"timestamp":"2026-08-06 03:20:08"}
{"fields":{"humidity":46.97,"pressure":1009.48,"temperature":24.54},"name":"mqtt_consumer","tags":{"topic":"arsip/sensor_bme280"},"timestamp":"2026-08-06 03:20:11"}
{"fields":{"humidity":46.97,"pressure":1009.48,"temperature":24.54},"name":"mqtt_consumer","tags":{"topic":"arsip/sensor_bme280"},"timestamp":"2026-08-06 03:20:12"}
{"fields":{"humidity":46.97,"pressure":1009.48,"temperature":24.54},"name":"mqtt_consumer","tags":{"topic":"arsip/sensor_bme280"},"timestamp":"2026-08-06 03:20:15"}
{"fields":{"humidity":46.97,"pressure":1009.48,"temperature":24.54},"name":"mqtt_consumer","tags":{"topic":"arsip/sensor_bme280"},"timestamp":"2026-08-06 03:20:16"}
{"fields":{"humidity":46.97,"pressure":1009.48,"temperature":24.54},"name":"mqtt_consumer","tags":{"topic":"arsip/sensor_bme280"},"timestamp":"2026-08-06 03:20:19"}
{"fields":{"humidity":45.63,"temperature":25.89},"name":"mqtt_consumer","tags":{"topic":"arsip/sensor_dht11"},"timestamp":"2026-08-06 03:20:20"}
{"fields":{"humidity":46.79,"pressure":1009.53,"temperature":24.45},"name":"mqtt_consumer","tags":{"topic":"arsip/sensor_bme280"},"timestamp":"2026-08-06 03:20:20"}
{"fields":{"humidity":46.79,"pressure":1009.53,"temperature":24.45},"name":"mqtt_consumer","tags":{"topic":"arsip/sensor_bme280"},"timestamp":"2026-08-06 03:20:23"}
{"fields":{"humidity":46.79,"pressure":1009.53,"temperature":24.45},"name":"mqtt_consumer","tags":{"topic":"arsip/sensor_bme280"},"timestamp":"2026-08-06 03:20:24"}
{"fields":{"humidity":46.79,"pressure":1009.53,"temperature":24.45},"name":"mqtt_consumer","tags":{"topic":"arsip/sensor_bme280"},"timestamp":"2026-08-06 03:20:27"}
{"fields":{"humidity":46.79,"pressure":1009.53,"temperature":24.45},"name":"mqtt_consumer","tags":{"topic":"arsip/sensor_bme280"},"timestamp":"2026-08-06 03:20:28"}
{"fields":{"humidity":46.79,"pressure":1009.53,"temperature":24.45},"name":"mqtt_consumer","tags":{"topic":"arsip/sensor_bme280"},"timestamp":"2026-08-06 03:20:31"}
{"fields":{"humidity":46.79,"pressure":1009.53,"temperature":24.45},"name":"mqtt_consumer","tags":{"topic":"arsip/sensor_bme280"},"timestamp":"2026-08-06 03:20:32"}
{"fields":{"humidity":46.79,"pressure":1009.53,"temperature":24.45},"name":"mqtt_consumer","tags":{"topic":"arsip/sensor_bme280"},"timestamp":"2026-08-06 03:20:35"}
{"fields":{"humidity":46.79,"pressure":1009.53,"temperature":24.45},"name":"mqtt_consumer","tags":{"topic":"arsip/sensor_bme280"},"timestamp":"2026-08-06 03:20:36"}
{"fields":{"humidity":46.79,"pressure":1009.53,"temperature":24.45},"name":"mqtt_consumer","tags":{"topic":"arsip/sensor_bme280"},"timestamp":"2026-08-06 03:20:39"}
{"fields":{"humidity":46.79,"pressure":1009.53,"temperature":24.45},"name":"mqtt_consumer","tags":{"topic":"arsip/sensor_bme280"},"timestamp":"2026-08-06 03:20:40"}
{"fields":{"humidity":46.79,"pressure":1009.53,"temperature":24.45},"name":"mqtt_consumer","tags":{"topic":"arsip/sensor_bme280"},"timestamp":"2026-08-06 03:20:43"}
{"fields":{"humidity":46.79,"pressure":1009.53,"temperature":24.45},"name":"mqtt_consumer","tags":{"topic":"arsip/sensor_bme280"},"timestamp":"2026-08-06 03:20:44"}
{"fields":{"humidity":46.79,"pressure":1009.53,"temperature":24.45},"name":"mqtt_consumer","tags":{"topic":"arsip/sensor_bme280"},"timestamp":"2026-08-06 03:20:47"}
{"fields":{"humidity":46.79,"pressure":1009.53,"temperature":24.45},"name":"mqtt_consumer","tags":{"topic":"arsip/sensor_bme280"},"timestamp":"2026-08-06 03:20:48"}
{"fields":{"humidity":45.23,"temperature":25.79},"name":"mqtt_consumer","tags":{"topic":"arsip/sensor_dht11"},"timestamp":"2026-08-06 03:20:50"}
{"fields":{"humidity":47.08,"pressure":1009.4,"temperature":24.46},"name":"mqtt_consumer","tags":{"topic":"arsip/sensor_bme280"},"timestamp":"2026-08-06 03:20:51"}
{"fields":{"humidity":47.08,"pressure":1009.4,"temperature":24.46},"name":"mqtt_consumer","tags":{"topic":"arsip/sensor_bme280"},"timestamp":"2026-08-06 03:20:52"}
{"fields":{"humidity":47.08,"pressure":1009.4,"temperature":24.46},"name":"mqtt_consumer","tags":{"topic":"arsip/sensor_bme280"},"timestamp":"2026-08-06 03:20:55"}
{"fields":{"humidity":47.08,"pressure":1009.4,"temperature":24.46},"name":"mqtt_consumer","tags":{"topic":"arsip/sensor_bme280"},"timestamp":"2026-08-06 03:20:56"}
{"fields":{"humidity":47.08,"pressure":1009.4,"temperature":24.46},"name":"mqtt_consumer","tags":{"topic":"arsip/sensor_bme280"},"timestamp":"2026-08-06 03:20:59"}
{"fields":{"humidity":47.08,"pressure":1009.4,"temperature":24.46},"name":"mqtt_consumer","tags":{"topic":"arsip/sensor_bme280"},"timestamp":"2026-08-06 03:21:00"}
{"fields":{"humidity":47.08,"pressure":1009.4,"temperature":24.46},"name":"mqtt_consumer","tags":{"topic":"arsip/sensor_bme280"},"timestamp":"2026-08-06 03:21:03"}
{"fields":{"hum_offset":0,"temp_offset":0},"name":"mqtt_consumer","tags":{"topic":"arsip/sensor_bme280/config"},"timestamp":"2026-08-06 03:21:20"}
{"fields":{"humidity":45.23,"temperature":25.68},"name":"mqtt_consumer","tags":{"topic":"arsip/sensor_dht11"},"timestamp":"2026-08-06 03:21:20"}
{"fields":{"humidity":46.69,"pressure":1009.48,"temperature":24.4},"name":"mqtt_consumer","tags":{"topic":"arsip/sensor_bme280"},"timestamp":"2026-08-06 03:21:22"}
{"fields":{"humidity":46.69,"pressure":1009.48,"temperature":24.4},"name":"mqtt_consumer","tags":{"topic":"arsip/sensor_bme280"},"timestamp":"2026-08-06 03:21:23"}
{"fields":{"humidity":46.69,"pressure":1009.48,"temperature":24.4},"name":"mqtt_consumer","tags":{"topic":"arsip/sensor_bme280"},"timestamp":"2026-08-06 03:21:26"}
{"fields":{"humidity":46.69,"pressure":1009.48,"temperature":24.4},"name":"mqtt_consumer","tags":{"topic":"arsip/sensor_bme280"},"timestamp":"2026-08-06 03:21:27"}
{"fields":{"humidity":46.69,"pressure":1009.48,"temperature":24.4},"name":"mqtt_consumer","tags":{"topic":"arsip/sensor_bme280"},"timestamp":"2026-08-06 03:21:30"}
{"fields":{"humidity":46.69,"pressure":1009.48,"temperature":24.4},"name":"mqtt_consumer","tags":{"topic":"arsip/sensor_bme280"},"timestamp":"2026-08-06 03:21:31"}
{"fields":{"humidity":46.69,"pressure":1009.48,"temperature":24.4},"name":"mqtt_consumer","tags":{"topic":"arsip/sensor_bme280"},"timestamp":"2026-08-06 03:21:34"}
{"fields":{"humidity":46.69,"pressure":1009.48,"temperature":24.4},"name":"mqtt_consumer","tags":{"topic":"arsip/sensor_bme280"},"timestamp":"2026-08-06 03:21:35"}
{"fields":{"humidity":46.69,"pressure":1009.48,"temperature":24.4},"name":"mqtt_consumer","tags":{"topic":"arsip/sensor_bme280"},"timestamp":"2026-08-06 03:21:38"}
{"fields":{"humidity":46.69,"pressure":1009.48,"temperature":24.4},"name":"mqtt_consumer","tags":{"topic":"arsip/sensor_bme280"},"timestamp":"2026-08-06 03:21:39"}
{"fields":{"humidity":46.69,"pressure":1009.48,"temperature":24.4},"name":"mqtt_consumer","tags":{"topic":"arsip/sensor_bme280"},"timestamp":"2026-08-06 03:21:42"}
{"fields":{"humidity":46.69,"pressure":1009.48,"temperature":24.4},"name":"mqtt_consumer","tags":{"topic":"arsip/sensor_bme280"},"timestamp":"2026-08-06 03:21:43"}
{"fields":{"humidity":46.69,"pressure":1009.48,"temperature":24.4},"name":"mqtt_consumer","tags":{"topic":"arsip/sensor_bme280"},"timestamp":"2026-08-06 03:21:46"}
{"fields":{"humidity":46.69,"pressure":1009.48,"temperature":24.4},"name":"mqtt_consumer","tags":{"topic":"arsip/sensor_bme280"},"timestamp":"2026-08-06 03:21:47"}
{"fields":{"humidity":46.69,"pressure":1009.48,"temperature":24.4},"name":"mqtt_consumer","tags":{"topic":"arsip/sensor_bme280"},"timestamp":"2026-08-06 03:21:50"}
{"fields":{"humidity":45.31,"temperature":25.68},"name":"mqtt_consumer","tags":{"topic":"arsip/sensor_dht11"},"timestamp":"2026-08-06 03:21:50"}
{"fields":{"humidity":47.19,"pressure":1009.47,"temperature":24.41},"name":"mqtt_consumer","tags":{"topic":"arsip/sensor_bme280"},"timestamp":"2026-08-06 03:21:51"}
{"fields":{"humidity":47.19,"pressure":1009.47,"temperature":24.41},"name":"mqtt_consumer","tags":{"topic":"arsip/sensor_bme280"},"timestamp":"2026-08-06 03:21:54"}
{"fields":{"humidity":47.19,"pressure":1009.47,"temperature":24.41},"name":"mqtt_consumer","tags":{"topic":"arsip/sensor_bme280"},"timestamp":"2026-08-06 03:21:55"}
{"fields":{"humidity":47.19,"pressure":1009.47,"temperature":24.41},"name":"mqtt_consumer","tags":{"topic":"arsip/sensor_bme280"},"timestamp":"2026-08-06 03:21:58"}
{"fields":{"humidity":47.19,"pressure":1009.47,"temperature":24.41},"name":"mqtt_consumer","tags":{"topic":"arsip/sensor_bme280"},"timestamp":"2026-08-06 03:21:59"}
{"fields":{"humidity":47.19,"pressure":1009.47,"temperature":24.41},"name":"mqtt_consumer","tags":{"topic":"arsip/sensor_bme280"},"timestamp":"2026-08-06 03:22:02"}
{"fields":{"humidity":47.19,"pressure":1009.47,"temperature":24.41},"name":"mqtt_consumer","tags":{"topic":"arsip/sensor_bme280"},"timestamp":"2026-08-06 03:22:03"}
{"fields":{"hum_offset":0,"temp_offset":0},"name":"mqtt_consumer","tags":{"topic":"arsip/sensor_bme280/config"},"timestamp":"2026-08-06 03:22:21"}
{"fields":{"humidity":46.57,"pressure":1009.49,"temperature":24.46},"name":"mqtt_consumer","tags":{"topic":"arsip/sensor_bme280"},"timestamp":"2026-08-06 03:22:23"}
{"fields":{"humidity":46.57,"pressure":1009.49,"temperature":24.46},"name":"mqtt_consumer","tags":{"topic":"arsip/sensor_bme280"},"timestamp":"2026-08-06 03:22:25"}
{"fields":{"humidity":46.57,"pressure":1009.49,"temperature":24.46},"name":"mqtt_consumer","tags":{"topic":"arsip/sensor_bme280"},"timestamp":"2026-08-06 03:22:27"}
{"fields":{"humidity":46.57,"pressure":1009.49,"temperature":24.46},"name":"mqtt_consumer","tags":{"topic":"arsip/sensor_bme280"},"timestamp":"2026-08-06 03:22:28"}
{"fields":{"humidity":46.57,"pressure":1009.49,"temperature":24.46},"name":"mqtt_consumer","tags":{"topic":"arsip/sensor_bme280"},"timestamp":"2026-08-06 03:22:31"}
{"fields":{"humidity":46.57,"pressure":1009.49,"temperature":24.46},"name":"mqtt_consumer","tags":{"topic":"arsip/sensor_bme280"},"timestamp":"2026-08-06 03:22:33"}
{"fields":{"humidity":46.57,"pressure":1009.49,"temperature":24.46},"name":"mqtt_consumer","tags":{"topic":"arsip/sensor_bme280"},"timestamp":"2026-08-06 03:22:35"}
{"fields":{"humidity":46.57,"pressure":1009.49,"temperature":24.46},"name":"mqtt_consumer","tags":{"topic":"arsip/sensor_bme280"},"timestamp":"2026-08-06 03:22:36"}
{"fields":{"humidity":46.57,"pressure":1009.49,"temperature":24.46},"name":"mqtt_consumer","tags":{"topic":"arsip/sensor_bme280"},"timestamp":"2026-08-06 03:22:39"}
{"fields":{"humidity":46.57,"pressure":1009.49,"temperature":24.46},"name":"mqtt_consumer","tags":{"topic":"arsip/sensor_bme280"},"timestamp":"2026-08-06 03:22:40"}
{"fields":{"humidity":46.57,"pressure":1009.49,"temperature":24.46},"name":"mqtt_consumer","tags":{"topic":"arsip/sensor_bme280"},"timestamp":"2026-08-06 03:22:43"}
{"fields":{"humidity":46.57,"pressure":1009.49,"temperature":24.46},"name":"mqtt_consumer","tags":{"topic":"arsip/sensor_bme280"},"timestamp":"2026-08-06 03:22:44"}
{"fields":{"humidity":46.57,"pressure":1009.49,"temperature":24.46},"name":"mqtt_consumer","tags":{"topic":"arsip/sensor_bme280"},"timestamp":"2026-08-06 03:22:48"}
{"fields":{"humidity":46.57,"pressure":1009.49,"temperature":24.46},"name":"mqtt_consumer","tags":{"topic":"arsip/sensor_bme280"},"timestamp":"2026-08-06 03:22:48"}
{"fields":{"humidity":45.31,"temperature":25.68},"name":"mqtt_consumer","tags":{"topic":"arsip/sensor_dht11"},"timestamp":"2026-08-06 03:22:50"}
{"fields":{"humidity":47.21,"pressure":1009.47,"temperature":24.41},"name":"mqtt_consumer","tags":{"topic":"arsip/sensor_bme280"},"timestamp":"2026-08-06 03:22:51"}
{"fields":{"humidity":47.21,"pressure":1009.47,"temperature":24.41},"name":"mqtt_consumer","tags":{"topic":"arsip/sensor_bme280"},"timestamp":"2026-08-06 03:22:52"}
{"fields":{"humidity":47.21,"pressure":1009.47,"temperature":24.41},"name":"mqtt_consumer","tags":{"topic":"arsip/sensor_bme280"},"timestamp":"2026-08-06 03:22:55"}
{"fields":{"humidity":47.21,"pressure":1009.47,"temperature":24.41},"name":"mqtt_consumer","tags":{"topic":"arsip/sensor_bme280"},"timestamp":"2026-08-06 03:22:56"}
{"fields":{"humidity":47.21,"pressure":1009.47,"temperature":24.41},"name":"mqtt_consumer","tags":{"topic":"arsip/sensor_bme280"},"timestamp":"2026-08-06 03:22:59"}
{"fields":{"humidity":47.21,"pressure":1009.47,"temperature":24.41},"name":"mqtt_consumer","tags":{"topic":"arsip/sensor_bme280"},"timestamp":"2026-08-06 03:23:00"}
{"fields":{"humidity":47.21,"pressure":1009.47,"temperature":24.41},"name":"mqtt_consumer","tags":{"topic":"arsip/sensor_bme280"},"timestamp":"2026-08-06 03:23:03"}
{"fields":{"humidity":47.21,"pressure":1009.47,"temperature":24.41},"name":"mqtt_consumer","tags":{"topic":"arsip/sensor_bme280"},"timestamp":"2026-08-06 03:23:05"}
{"fields":{"humidity":47.21,"pressure":1009.47,"temperature":24.41},"name":"mqtt_consumer","tags":{"topic":"arsip/sensor_bme280"},"timestamp":"2026-08-06 03:23:07"}
{"fields":{"humidity":47.21,"pressure":1009.47,"temperature":24.41},"name":"mqtt_consumer","tags":{"topic":"arsip/sensor_bme280"},"timestamp":"2026-08-06 03:23:08"}
{"fields":{"humidity":47.21,"pressure":1009.47,"temperature":24.41},"name":"mqtt_consumer","tags":{"topic":"arsip/sensor_bme280"},"timestamp":"2026-08-06 03:23:11"}
{"fields":{"humidity":47.21,"pressure":1009.47,"temperature":24.41},"name":"mqtt_consumer","tags":{"topic":"arsip/sensor_bme280"},"timestamp":"2026-08-06 03:23:12"}
{"fields":{"humidity":47.21,"pressure":1009.47,"temperature":24.41},"name":"mqtt_consumer","tags":{"topic":"arsip/sensor_bme280"},"timestamp":"2026-08-06 03:23:15"}
{"fields":{"humidity":47.21,"pressure":1009.47,"temperature":24.41},"name":"mqtt_consumer","tags":{"topic":"arsip/sensor_bme280"},"timestamp":"2026-08-06 03:23:16"}
{"fields":{"humidity":47.21,"pressure":1009.47,"temperature":24.41},"name":"mqtt_consumer","tags":{"topic":"arsip/sensor_bme280"},"timestamp":"2026-08-06 03:23:19"}
{"fields":{"humidity":45.23,"temperature":25.57},"name":"mqtt_consumer","tags":{"topic":"arsip/sensor_dht11"},"timestamp":"2026-08-06 03:23:20"}
{"fields":{"humidity":46.9,"pressure":1009.58,"temperature":24.45},"name":"mqtt_consumer","tags":{"topic":"arsip/sensor_bme280"},"timestamp":"2026-08-06 03:23:20"}
{"fields":{"humidity":46.9,"pressure":1009.58,"temperature":24.45},"name":"mqtt_consumer","tags":{"topic":"arsip/sensor_bme280"},"timestamp":"2026-08-06 03:23:23"}
{"fields":{"humidity":46.9,"pressure":1009.58,"temperature":24.45},"name":"mqtt_consumer","tags":{"topic":"arsip/sensor_bme280"},"timestamp":"2026-08-06 03:23:24"}
{"fields":{"humidity":46.9,"pressure":1009.58,"temperature":24.45},"name":"mqtt_consumer","tags":{"topic":"arsip/sensor_bme280"},"timestamp":"2026-08-06 03:23:27"}
{"fields":{"humidity":46.9,"pressure":1009.58,"temperature":24.45},"name":"mqtt_consumer","tags":{"topic":"arsip/sensor_bme280"},"timestamp":"2026-08-06 03:23:28"}
{"fields":{"humidity":46.9,"pressure":1009.58,"temperature":24.45},"name":"mqtt_consumer","tags":{"topic":"arsip/sensor_bme280"},"timestamp":"2026-08-06 03:23:31"}
{"fields":{"humidity":46.9,"pressure":1009.58,"temperature":24.45},"name":"mqtt_consumer","tags":{"topic":"arsip/sensor_bme280"},"timestamp":"2026-08-06 03:23:32"}
{"fields":{"humidity":46.9,"pressure":1009.58,"temperature":24.45},"name":"mqtt_consumer","tags":{"topic":"arsip/sensor_bme280"},"timestamp":"2026-08-06 03:23:35"}
{"fields":{"humidity":46.9,"pressure":1009.58,"temperature":24.45},"name":"mqtt_consumer","tags":{"topic":"arsip/sensor_bme280"},"timestamp":"2026-08-06 03:23:36"}
{"fields":{"humidity":46.9,"pressure":1009.58,"temperature":24.45},"name":"mqtt_consumer","tags":{"topic":"arsip/sensor_bme280"},"timestamp":"2026-08-06 03:23:39"}
{"fields":{"humidity":46.9,"pressure":1009.58,"temperature":24.45},"name":"mqtt_consumer","tags":{"topic":"arsip/sensor_bme280"},"timestamp":"2026-08-06 03:23:40"}
{"fields":{"humidity":46.9,"pressure":1009.58,"temperature":24.45},"name":"mqtt_consumer","tags":{"topic":"arsip/sensor_bme280"},"timestamp":"2026-08-06 03:23:43"}
{"fields":{"humidity":46.9,"pressure":1009.58,"temperature":24.45},"name":"mqtt_consumer","tags":{"topic":"arsip/sensor_bme280"},"timestamp":"2026-08-06 03:23:44"}
{"fields":{"humidity":46.9,"pressure":1009.58,"temperature":24.45},"name":"mqtt_consumer","tags":{"topic":"arsip/sensor_bme280"},"timestamp":"2026-08-06 03:23:48"}
{"fields":{"humidity":46.9,"pressure":1009.58,"temperature":24.45},"name":"mqtt_consumer","tags":{"topic":"arsip/sensor_bme280"},"timestamp":"2026-08-06 03:23:48"}
{"fields":{"humidity":45.47,"temperature":25.57},"name":"mqtt_consumer","tags":{"topic":"arsip/sensor_dht11"},"timestamp":"2026-08-06 03:23:50"}
{"fields":{"humidity":46.95,"pressure":1009.46,"temperature":24.39},"name":"mqtt_consumer","tags":{"topic":"arsip/sensor_bme280"},"timestamp":"2026-08-06 03:23:51"}
{"fields":{"humidity":46.95,"pressure":1009.46,"temperature":24.39},"name":"mqtt_consumer","tags":{"topic":"arsip/sensor_bme280"},"timestamp":"2026-08-06 03:23:52"}
{"fields":{"humidity":46.95,"pressure":1009.46,"temperature":24.39},"name":"mqtt_consumer","tags":{"topic":"arsip/sensor_bme280"},"timestamp":"2026-08-06 03:23:55"}
{"fields":{"humidity":46.95,"pressure":1009.46,"temperature":24.39},"name":"mqtt_consumer","tags":{"topic":"arsip/sensor_bme280"},"timestamp":"2026-08-06 03:23:56"}
{"fields":{"humidity":46.95,"pressure":1009.46,"temperature":24.39},"name":"mqtt_consumer","tags":{"topic":"arsip/sensor_bme280"},"timestamp":"2026-08-06 03:23:59"}
{"fields":{"humidity":46.95,"pressure":1009.46,"temperature":24.39},"name":"mqtt_consumer","tags":{"topic":"arsip/sensor_bme280"},"timestamp":"2026-08-06 03:24:00"}
{"fields":{"humidity":46.95,"pressure":1009.46,"temperature":24.39},"name":"mqtt_consumer","tags":{"topic":"arsip/sensor_bme280"},"timestamp":"2026-08-06 03:24:03"}
{"fields":{"humidity":46.95,"pressure":1009.46,"temperature":24.39},"name":"mqtt_consumer","tags":{"topic":"arsip/sensor_bme280"},"timestamp":"2026-08-06 03:24:04"}
{"fields":{"humidity":46.95,"pressure":1009.46,"temperature":24.39},"name":"mqtt_consumer","tags":{"topic":"arsip/sensor_bme280"},"timestamp":"2026-08-06 03:24:08"}
{"fields":{"humidity":46.95,"pressure":1009.46,"temperature":24.39},"name":"mqtt_consumer","tags":{"topic":"arsip/sensor_bme280"},"timestamp":"2026-08-06 03:24:08"}
{"fields":{"humidity":46.95,"pressure":1009.46,"temperature":24.39},"name":"mqtt_consumer","tags":{"topic":"arsip/sensor_bme280"},"timestamp":"2026-08-06 03:24:11"}
{"fields":{"humidity":46.95,"pressure":1009.46,"temperature":24.39},"name":"mqtt_consumer","tags":{"topic":"arsip/sensor_bme280"},"timestamp":"2026-08-06 03:24:12"}
{"fields":{"humidity":46.95,"pressure":1009.46,"temperature":24.39},"name":"mqtt_consumer","tags":{"topic":"arsip/sensor_bme280"},"timestamp":"2026-08-06 03:24:15"}
{"fields":{"humidity":46.95,"pressure":1009.46,"temperature":24.39},"name":"mqtt_consumer","tags":{"topic":"arsip/sensor_bme280"},"timestamp":"2026-08-06 03:24:16"}
{"fields":{"humidity":46.95,"pressure":1009.46,"temperature":24.39},"name":"mqtt_consumer","tags":{"topic":"arsip/sensor_bme280"},"timestamp":"2026-08-06 03:24:19"}
{"fields":{"humidity":45.39,"temperature":25.57},"name":"mqtt_consumer","tags":{"topic":"arsip/sensor_dht11"},"timestamp":"2026-08-06 03:24:20"}
{"fields":{"humidity":46.66,"pressure":1009.42,"temperature":24.37},"name":"mqtt_consumer","tags":{"topic":"arsip/sensor_bme280"},"timestamp":"2026-08-06 03:24:20"}
{"fields":{"humidity":46.66,"pressure":1009.42,"temperature":24.37},"name":"mqtt_consumer","tags":{"topic":"arsip/sensor_bme280"},"timestamp":"2026-08-06 03:24:23"}
{"fields":{"humidity":46.66,"pressure":1009.42,"temperature":24.37},"name":"mqtt_consumer","tags":{"topic":"arsip/sensor_bme280"},"timestamp":"2026-08-06 03:24:24"}
{"fields":{"humidity":46.66,"pressure":1009.42,"temperature":24.37},"name":"mqtt_consumer","tags":{"topic":"arsip/sensor_bme280"},"timestamp":"2026-08-06 03:24:27"}
{"fields":{"humidity":46.66,"pressure":1009.42,"temperature":24.37},"name":"mqtt_consumer","tags":{"topic":"arsip/sensor_bme280"},"timestamp":"2026-08-06 03:24:28"}
{"fields":{"humidity":46.66,"pressure":1009.42,"temperature":24.37},"name":"mqtt_consumer","tags":{"topic":"arsip/sensor_bme280"},"timestamp":"2026-08-06 03:24:32"}
{"fields":{"humidity":46.66,"pressure":1009.42,"temperature":24.37},"name":"mqtt_consumer","tags":{"topic":"arsip/sensor_bme280"},"timestamp":"2026-08-06 03:24:32"}
{"fields":{"humidity":46.66,"pressure":1009.42,"temperature":24.37},"name":"mqtt_consumer","tags":{"topic":"arsip/sensor_bme280"},"timestamp":"2026-08-06 03:24:35"}
{"fields":{"humidity":46.66,"pressure":1009.42,"temperature":24.37},"name":"mqtt_consumer","tags":{"topic":"arsip/sensor_bme280"},"timestamp":"2026-08-06 03:24:36"}
{"fields":{"humidity":46.66,"pressure":1009.42,"temperature":24.37},"name":"mqtt_consumer","tags":{"topic":"arsip/sensor_bme280"},"timestamp":"2026-08-06 03:24:39"}
{"fields":{"humidity":46.66,"pressure":1009.42,"temperature":24.37},"name":"mqtt_consumer","tags":{"topic":"arsip/sensor_bme280"},"timestamp":"2026-08-06 03:24:40"}
{"fields":{"humidity":46.66,"pressure":1009.42,"temperature":24.37},"name":"mqtt_consumer","tags":{"topic":"arsip/sensor_bme280"},"timestamp":"2026-08-06 03:24:43"}
{"fields":{"humidity":46.66,"pressure":1009.42,"temperature":24.37},"name":"mqtt_consumer","tags":{"topic":"arsip/sensor_bme280"},"timestamp":"2026-08-06 03:24:44"}
{"fields":{"humidity":46.66,"pressure":1009.42,"temperature":24.37},"name":"mqtt_consumer","tags":{"topic":"arsip/sensor_bme280"},"timestamp":"2026-08-06 03:24:47"}
{"fields":{"humidity":46.66,"pressure":1009.42,"temperature":24.37},"name":"mqtt_consumer","tags":{"topic":"arsip/sensor_bme280"},"timestamp":"2026-08-06 03:24:48"}
{"fields":{"humidity":45.39,"temperature":25.57},"name":"mqtt_consumer","tags":{"topic":"arsip/sensor_dht11"},"timestamp":"2026-08-06 03:24:50"}
{"fields":{"humidity":46.77,"pressure":1009.49,"temperature":24.34},"name":"mqtt_consumer","tags":{"topic":"arsip/sensor_bme280"},"timestamp":"2026-08-06 03:24:52"}
{"fields":{"humidity":46.77,"pressure":1009.49,"temperature":24.34},"name":"mqtt_consumer","tags":{"topic":"arsip/sensor_bme280"},"timestamp":"2026-08-06 03:24:53"}
{"fields":{"humidity":46.77,"pressure":1009.49,"temperature":24.34},"name":"mqtt_consumer","tags":{"topic":"arsip/sensor_bme280"},"timestamp":"2026-08-06 03:24:55"}
{"fields":{"humidity":46.77,"pressure":1009.49,"temperature":24.34},"name":"mqtt_consumer","tags":{"topic":"arsip/sensor_bme280"},"timestamp":"2026-08-06 03:24:56"}
{"fields":{"humidity":46.77,"pressure":1009.49,"temperature":24.34},"name":"mqtt_consumer","tags":{"topic":"arsip/sensor_bme280"},"timestamp":"2026-08-06 03:24:59"}
{"fields":{"humidity":46.77,"pressure":1009.49,"temperature":24.34},"name":"mqtt_consumer","tags":{"topic":"arsip/sensor_bme280"},"timestamp":"2026-08-06 03:25:01"}
{"fields":{"humidity":46.77,"pressure":1009.49,"temperature":24.34},"name":"mqtt_consumer","tags":{"topic":"arsip/sensor_bme280"},"timestamp":"2026-08-06 03:25:04"}
{"fields":{"humidity":46.77,"pressure":1009.49,"temperature":24.34},"name":"mqtt_consumer","tags":{"topic":"arsip/sensor_bme280"},"timestamp":"2026-08-06 03:25:05"}
{"fields":{"humidity":46.77,"pressure":1009.49,"temperature":24.34},"name":"mqtt_consumer","tags":{"topic":"arsip/sensor_bme280"},"timestamp":"2026-08-06 03:25:07"}
{"fields":{"humidity":46.77,"pressure":1009.49,"temperature":24.34},"name":"mqtt_consumer","tags":{"topic":"arsip/sensor_bme280"},"timestamp":"2026-08-06 03:25:08"}
{"fields":{"humidity":46.77,"pressure":1009.49,"temperature":24.34},"name":"mqtt_consumer","tags":{"topic":"arsip/sensor_bme280"},"timestamp":"2026-08-06 03:25:11"}
{"fields":{"humidity":46.77,"pressure":1009.49,"temperature":24.34},"name":"mqtt_consumer","tags":{"topic":"arsip/sensor_bme280"},"timestamp":"2026-08-06 03:25:12"}
{"fields":{"humidity":46.77,"pressure":1009.49,"temperature":24.34},"name":"mqtt_consumer","tags":{"topic":"arsip/sensor_bme280"},"timestamp":"2026-08-06 03:25:16"}
{"fields":{"humidity":46.77,"pressure":1009.49,"temperature":24.34},"name":"mqtt_consumer","tags":{"topic":"arsip/sensor_bme280"},"timestamp":"2026-08-06 03:25:17"}
{"fields":{"humidity":46.77,"pressure":1009.49,"temperature":24.34},"name":"mqtt_consumer","tags":{"topic":"arsip/sensor_bme280"},"timestamp":"2026-08-06 03:25:20"}
{"fields":{"humidity":45.07,"temperature":25.68},"name":"mqtt_consumer","tags":{"topic":"arsip/sensor_dht11"},"timestamp":"2026-08-06 03:25:20"}
{"fields":{"humidity":46.65,"pressure":1009.46,"temperature":24.29},"name":"mqtt_consumer","tags":{"topic":"arsip/sensor_bme280"},"timestamp":"2026-08-06 03:25:21"}
{"fields":{"humidity":46.65,"pressure":1009.46,"temperature":24.29},"name":"mqtt_consumer","tags":{"topic":"arsip/sensor_bme280"},"timestamp":"2026-08-06 03:25:24"}
{"fields":{"humidity":46.65,"pressure":1009.46,"temperature":24.29},"name":"mqtt_consumer","tags":{"topic":"arsip/sensor_bme280"},"timestamp":"2026-08-06 03:25:24"}
{"fields":{"humidity":46.65,"pressure":1009.46,"temperature":24.29},"name":"mqtt_consumer","tags":{"topic":"arsip/sensor_bme280"},"timestamp":"2026-08-06 03:25:27"}
{"fields":{"humidity":46.65,"pressure":1009.46,"temperature":24.29},"name":"mqtt_consumer","tags":{"topic":"arsip/sensor_bme280"},"timestamp":"2026-08-06 03:25:29"}
{"fields":{"humidity":46.65,"pressure":1009.46,"temperature":24.29},"name":"mqtt_consumer","tags":{"topic":"arsip/sensor_bme280"},"timestamp":"2026-08-06 03:25:32"}
{"fields":{"humidity":46.65,"pressure":1009.46,"temperature":24.29},"name":"mqtt_consumer","tags":{"topic":"arsip/sensor_bme280"},"timestamp":"2026-08-06 03:25:33"}
{"fields":{"humidity":46.65,"pressure":1009.46,"temperature":24.29},"name":"mqtt_consumer","tags":{"topic":"arsip/sensor_bme280"},"timestamp":"2026-08-06 03:25:36"}
{"fields":{"humidity":46.65,"pressure":1009.46,"temperature":24.29},"name":"mqtt_consumer","tags":{"topic":"arsip/sensor_bme280"},"timestamp":"2026-08-06 03:25:37"}
{"fields":{"humidity":46.65,"pressure":1009.46,"temperature":24.29},"name":"mqtt_consumer","tags":{"topic":"arsip/sensor_bme280"},"timestamp":"2026-08-06 03:25:40"}
{"fields":{"humidity":46.65,"pressure":1009.46,"temperature":24.29},"name":"mqtt_consumer","tags":{"topic":"arsip/sensor_bme280"},"timestamp":"2026-08-06 03:25:41"}
{"fields":{"humidity":46.65,"pressure":1009.46,"temperature":24.29},"name":"mqtt_consumer","tags":{"topic":"arsip/sensor_bme280"},"timestamp":"2026-08-06 03:25:44"}
{"fields":{"humidity":46.65,"pressure":1009.46,"temperature":24.29},"name":"mqtt_consumer","tags":{"topic":"arsip/sensor_bme280"},"timestamp":"2026-08-06 03:25:45"}
{"fields":{"humidity":46.65,"pressure":1009.46,"temperature":24.29},"name":"mqtt_consumer","tags":{"topic":"arsip/sensor_bme280"},"timestamp":"2026-08-06 03:25:48"}
{"fields":{"humidity":46.65,"pressure":1009.46,"temperature":24.29},"name":"mqtt_consumer","tags":{"topic":"arsip/sensor_bme280"},"timestamp":"2026-08-06 03:25:49"}
{"fields":{"humidity":44.74,"temperature":25.57},"name":"mqtt_consumer","tags":{"topic":"arsip/sensor_dht11"},"timestamp":"2026-08-06 03:25:50"}
{"fields":{"humidity":47.17,"pressure":1009.37,"temperature":24.22},"name":"mqtt_consumer","tags":{"topic":"arsip/sensor_bme280"},"timestamp":"2026-08-06 03:25:52"}
{"fields":{"humidity":47.17,"pressure":1009.37,"temperature":24.22},"name":"mqtt_consumer","tags":{"topic":"arsip/sensor_bme280"},"timestamp":"2026-08-06 03:25:53"}
{"fields":{"humidity":47.17,"pressure":1009.37,"temperature":24.22},"name":"mqtt_consumer","tags":{"topic":"arsip/sensor_bme280"},"timestamp":"2026-08-06 03:25:56"}
{"fields":{"humidity":47.17,"pressure":1009.37,"temperature":24.22},"name":"mqtt_consumer","tags":{"topic":"arsip/sensor_bme280"},"timestamp":"2026-08-06 03:25:57"}
{"fields":{"humidity":47.17,"pressure":1009.37,"temperature":24.22},"name":"mqtt_consumer","tags":{"topic":"arsip/sensor_bme280"},"timestamp":"2026-08-06 03:26:00"}
{"fields":{"humidity":47.17,"pressure":1009.37,"temperature":24.22},"name":"mqtt_consumer","tags":{"topic":"arsip/sensor_bme280"},"timestamp":"2026-08-06 03:26:01"}
{"fields":{"humidity":47.17,"pressure":1009.37,"temperature":24.22},"name":"mqtt_consumer","tags":{"topic":"arsip/sensor_bme280"},"timestamp":"2026-08-06 03:26:04"}
{"fields":{"humidity":47.17,"pressure":1009.37,"temperature":24.22},"name":"mqtt_consumer","tags":{"topic":"arsip/sensor_bme280"},"timestamp":"2026-08-06 03:26:05"}
{"fields":{"humidity":47.17,"pressure":1009.37,"temperature":24.22},"name":"mqtt_consumer","tags":{"topic":"arsip/sensor_bme280"},"timestamp":"2026-08-06 03:26:08"}
{"fields":{"humidity":47.17,"pressure":1009.37,"temperature":24.22},"name":"mqtt_consumer","tags":{"topic":"arsip/sensor_bme280"},"timestamp":"2026-08-06 03:26:09"}
{"fields":{"humidity":47.17,"pressure":1009.37,"temperature":24.22},"name":"mqtt_consumer","tags":{"topic":"arsip/sensor_bme280"},"timestamp":"2026-08-06 03:26:12"}
{"fields":{"humidity":47.17,"pressure":1009.37,"temperature":24.22},"name":"mqtt_consumer","tags":{"topic":"arsip/sensor_bme280"},"timestamp":"2026-08-06 03:26:13"}
{"fields":{"humidity":47.17,"pressure":1009.37,"temperature":24.22},"name":"mqtt_consumer","tags":{"topic":"arsip/sensor_bme280"},"timestamp":"2026-08-06 03:26:16"}
{"fields":{"humidity":47.17,"pressure":1009.37,"temperature":24.22},"name":"mqtt_consumer","tags":{"topic":"arsip/sensor_bme280"},"timestamp":"2026-08-06 03:26:17"}
{"fields":{"humidity":47.17,"pressure":1009.37,"temperature":24.22},"name":"mqtt_consumer","tags":{"topic":"arsip/sensor_bme280"},"timestamp":"2026-08-06 03:26:20"}
{"fields":{"humidity":44.74,"temperature":25.57},"name":"mqtt_consumer","tags":{"topic":"arsip/sensor_dht11"},"timestamp":"2026-08-06 03:26:20"}
{"fields":{"humidity":47.13,"pressure":1009.44,"temperature":24.18},"name":"mqtt_consumer","tags":{"topic":"arsip/sensor_bme280"},"timestamp":"2026-08-06 03:26:21"}
{"fields":{"humidity":47.13,"pressure":1009.44,"temperature":24.18},"name":"mqtt_consumer","tags":{"topic":"arsip/sensor_bme280"},"timestamp":"2026-08-06 03:26:24"}
{"fields":{"humidity":47.13,"pressure":1009.44,"temperature":24.18},"name":"mqtt_consumer","tags":{"topic":"arsip/sensor_bme280"},"timestamp":"2026-08-06 03:26:25"}
{"fields":{"humidity":47.13,"pressure":1009.44,"temperature":24.18},"name":"mqtt_consumer","tags":{"topic":"arsip/sensor_bme280"},"timestamp":"2026-08-06 03:26:28"}
{"fields":{"humidity":47.13,"pressure":1009.44,"temperature":24.18},"name":"mqtt_consumer","tags":{"topic":"arsip/sensor_bme280"},"timestamp":"2026-08-06 03:26:29"}
{"fields":{"humidity":47.13,"pressure":1009.44,"temperature":24.18},"name":"mqtt_consumer","tags":{"topic":"arsip/sensor_bme280"},"timestamp":"2026-08-06 03:26:32"}
{"fields":{"humidity":47.13,"pressure":1009.44,"temperature":24.18},"name":"mqtt_consumer","tags":{"topic":"arsip/sensor_bme280"},"timestamp":"2026-08-06 03:26:33"}
{"fields":{"humidity":47.13,"pressure":1009.44,"temperature":24.18},"name":"mqtt_consumer","tags":{"topic":"arsip/sensor_bme280"},"timestamp":"2026-08-06 03:26:36"}
{"fields":{"humidity":47.13,"pressure":1009.44,"temperature":24.18},"name":"mqtt_consumer","tags":{"topic":"arsip/sensor_bme280"},"timestamp":"2026-08-06 03:26:37"}
{"fields":{"humidity":47.13,"pressure":1009.44,"temperature":24.18},"name":"mqtt_consumer","tags":{"topic":"arsip/sensor_bme280"},"timestamp":"2026-08-06 03:26:40"}
{"fields":{"humidity":47.13,"pressure":1009.44,"temperature":24.18},"name":"mqtt_consumer","tags":{"topic":"arsip/sensor_bme280"},"timestamp":"2026-08-06 03:26:41"}
{"fields":{"humidity":47.13,"pressure":1009.44,"temperature":24.18},"name":"mqtt_consumer","tags":{"topic":"arsip/sensor_bme280"},"timestamp":"2026-08-06 03:26:44"}
{"fields":{"humidity":47.13,"pressure":1009.44,"temperature":24.18},"name":"mqtt_consumer","tags":{"topic":"arsip/sensor_bme280"},"timestamp":"2026-08-06 03:26:45"}
{"fields":{"humidity":47.13,"pressure":1009.44,"temperature":24.18},"name":"mqtt_consumer","tags":{"topic":"arsip/sensor_bme280"},"timestamp":"2026-08-06 03:26:48"}
{"fields":{"humidity":47.13,"pressure":1009.44,"temperature":24.18},"name":"mqtt_consumer","tags":{"topic":"arsip/sensor_bme280"},"timestamp":"2026-08-06 03:26:49"}
{"fields":{"humidity":45.31,"temperature":25.57},"name":"mqtt_consumer","tags":{"topic":"arsip/sensor_dht11"},"timestamp":"2026-08-06 03:26:50"}
{"fields":{"humidity":47.9,"pressure":1009.48,"temperature":24.27},"name":"mqtt_consumer","tags":{"topic":"arsip/sensor_bme280"},"timestamp":"2026-08-06 03:26:52"}
{"fields":{"humidity":47.9,"pressure":1009.48,"temperature":24.27},"name":"mqtt_consumer","tags":{"topic":"arsip/sensor_bme280"},"timestamp":"2026-08-06 03:26:53"}
{"fields":{"humidity":47.9,"pressure":1009.48,"temperature":24.27},"name":"mqtt_consumer","tags":{"topic":"arsip/sensor_bme280"},"timestamp":"2026-08-06 03:26:56"}
{"fields":{"humidity":47.9,"pressure":1009.48,"temperature":24.27},"name":"mqtt_consumer","tags":{"topic":"arsip/sensor_bme280"},"timestamp":"2026-08-06 03:26:57"}
{"fields":{"humidity":47.9,"pressure":1009.48,"temperature":24.27},"name":"mqtt_consumer","tags":{"topic":"arsip/sensor_bme280"},"timestamp":"2026-08-06 03:27:00"}
{"fields":{"humidity":47.9,"pressure":1009.48,"temperature":24.27},"name":"mqtt_consumer","tags":{"topic":"arsip/sensor_bme280"},"timestamp":"2026-08-06 03:27:01"}
{"fields":{"humidity":47.9,"pressure":1009.48,"temperature":24.27},"name":"mqtt_consumer","tags":{"topic":"arsip/sensor_bme280"},"timestamp":"2026-08-06 03:27:04"}
{"fields":{"humidity":47.9,"pressure":1009.48,"temperature":24.27},"name":"mqtt_consumer","tags":{"topic":"arsip/sensor_bme280"},"timestamp":"2026-08-06 03:27:05"}
{"fields":{"humidity":47.9,"pressure":1009.48,"temperature":24.27},"name":"mqtt_consumer","tags":{"topic":"arsip/sensor_bme280"},"timestamp":"2026-08-06 03:27:08"}
{"fields":{"humidity":47.9,"pressure":1009.48,"temperature":24.27},"name":"mqtt_consumer","tags":{"topic":"arsip/sensor_bme280"},"timestamp":"2026-08-06 03:27:09"}
{"fields":{"humidity":47.9,"pressure":1009.48,"temperature":24.27},"name":"mqtt_consumer","tags":{"topic":"arsip/sensor_bme280"},"timestamp":"2026-08-06 03:27:12"}
{"fields":{"humidity":47.9,"pressure":1009.48,"temperature":24.27},"name":"mqtt_consumer","tags":{"topic":"arsip/sensor_bme280"},"timestamp":"2026-08-06 03:27:13"}
{"fields":{"humidity":47.9,"pressure":1009.48,"temperature":24.27},"name":"mqtt_consumer","tags":{"topic":"arsip/sensor_bme280"},"timestamp":"2026-08-06 03:27:16"}
{"fields":{"humidity":47.9,"pressure":1009.48,"temperature":24.27},"name":"mqtt_consumer","tags":{"topic":"arsip/sensor_bme280"},"timestamp":"2026-08-06 03:27:17"}
{"fields":{"humidity":47.9,"pressure":1009.48,"temperature":24.27},"name":"mqtt_consumer","tags":{"topic":"arsip/sensor_bme280"},"timestamp":"2026-08-06 03:27:20"}
{"fields":{"humidity":47.9,"pressure":1009.41,"temperature":24.33},"name":"mqtt_consumer","tags":{"topic":"arsip/sensor_bme280"},"timestamp":"2026-08-06 03:27:21"}
{"fields":{"humidity":47.9,"pressure":1009.41,"temperature":24.33},"name":"mqtt_consumer","tags":{"topic":"arsip/sensor_bme280"},"timestamp":"2026-08-06 03:27:24"}
{"fields":{"humidity":47.9,"pressure":1009.41,"temperature":24.33},"name":"mqtt_consumer","tags":{"topic":"arsip/sensor_bme280"},"timestamp":"2026-08-06 03:27:25"}
{"fields":{"humidity":47.9,"pressure":1009.41,"temperature":24.33},"name":"mqtt_consumer","tags":{"topic":"arsip/sensor_bme280"},"timestamp":"2026-08-06 03:27:28"}
{"fields":{"humidity":47.9,"pressure":1009.41,"temperature":24.33},"name":"mqtt_consumer","tags":{"topic":"arsip/sensor_bme280"},"timestamp":"2026-08-06 03:27:29"}
{"fields":{"humidity":47.9,"pressure":1009.41,"temperature":24.33},"name":"mqtt_consumer","tags":{"topic":"arsip/sensor_bme280"},"timestamp":"2026-08-06 03:27:32"}
{"fields":{"humidity":47.9,"pressure":1009.41,"temperature":24.33},"name":"mqtt_consumer","tags":{"topic":"arsip/sensor_bme280"},"timestamp":"2026-08-06 03:27:33"}
{"fields":{"humidity":47.9,"pressure":1009.41,"temperature":24.33},"name":"mqtt_consumer","tags":{"topic":"arsip/sensor_bme280"},"timestamp":"2026-08-06 03:27:36"}
{"fields":{"humidity":47.9,"pressure":1009.41,"temperature":24.33},"name":"mqtt_consumer","tags":{"topic":"arsip/sensor_bme280"},"timestamp":"2026-08-06 03:27:37"}
{"fields":{"humidity":47.9,"pressure":1009.41,"temperature":24.33},"name":"mqtt_consumer","tags":{"topic":"arsip/sensor_bme280"},"timestamp":"2026-08-06 03:27:40"}
{"fields":{"humidity":47.9,"pressure":1009.41,"temperature":24.33},"name":"mqtt_consumer","tags":{"topic":"arsip/sensor_bme280"},"timestamp":"2026-08-06 03:27:41"}
{"fields":{"humidity":47.9,"pressure":1009.41,"temperature":24.33},"name":"mqtt_consumer","tags":{"topic":"arsip/sensor_bme280"},"timestamp":"2026-08-06 03:27:44"}
{"fields":{"humidity":47.9,"pressure":1009.41,"temperature":24.33},"name":"mqtt_consumer","tags":{"topic":"arsip/sensor_bme280"},"timestamp":"2026-08-06 03:27:45"}
{"fields":{"humidity":47.9,"pressure":1009.41,"temperature":24.33},"name":"mqtt_consumer","tags":{"topic":"arsip/sensor_bme280"},"timestamp":"2026-08-06 03:27:48"}
{"fields":{"humidity":47.9,"pressure":1009.41,"temperature":24.33},"name":"mqtt_consumer","tags":{"topic":"arsip/sensor_bme280"},"timestamp":"2026-08-06 03:27:49"}
{"fields":{"humidity":48.01,"pressure":1009.48,"temperature":24.32},"name":"mqtt_consumer","tags":{"topic":"arsip/sensor_bme280"},"timestamp":"2026-08-06 03:27:52"}
{"fields":{"humidity":48.01,"pressure":1009.48,"temperature":24.32},"name":"mqtt_consumer","tags":{"topic":"arsip/sensor_bme280"},"timestamp":"2026-08-06 03:27:53"}
{"fields":{"humidity":48.01,"pressure":1009.48,"temperature":24.32},"name":"mqtt_consumer","tags":{"topic":"arsip/sensor_bme280"},"timestamp":"2026-08-06 03:27:56"}
{"fields":{"humidity":48.01,"pressure":1009.48,"temperature":24.32},"name":"mqtt_consumer","tags":{"topic":"arsip/sensor_bme280"},"timestamp":"2026-08-06 03:27:57"}
{"fields":{"humidity":48.01,"pressure":1009.48,"temperature":24.32},"name":"mqtt_consumer","tags":{"topic":"arsip/sensor_bme280"},"timestamp":"2026-08-06 03:28:00"}
{"fields":{"humidity":48.01,"pressure":1009.48,"temperature":24.32},"name":"mqtt_consumer","tags":{"topic":"arsip/sensor_bme280"},"timestamp":"2026-08-06 03:28:01"}
{"fields":{"humidity":48.01,"pressure":1009.48,"temperature":24.32},"name":"mqtt_consumer","tags":{"topic":"arsip/sensor_bme280"},"timestamp":"2026-08-06 03:28:04"}
{"fields":{"humidity":48.01,"pressure":1009.48,"temperature":24.32},"name":"mqtt_consumer","tags":{"topic":"arsip/sensor_bme280"},"timestamp":"2026-08-06 03:28:05"}
{"fields":{"humidity":48.01,"pressure":1009.48,"temperature":24.32},"name":"mqtt_consumer","tags":{"topic":"arsip/sensor_bme280"},"timestamp":"2026-08-06 03:28:08"}
{"fields":{"humidity":48.01,"pressure":1009.48,"temperature":24.32},"name":"mqtt_consumer","tags":{"topic":"arsip/sensor_bme280"},"timestamp":"2026-08-06 03:28:09"}
{"fields":{"humidity":48.01,"pressure":1009.48,"temperature":24.32},"name":"mqtt_consumer","tags":{"topic":"arsip/sensor_bme280"},"timestamp":"2026-08-06 03:28:12"}
{"fields":{"humidity":48.01,"pressure":1009.48,"temperature":24.32},"name":"mqtt_consumer","tags":{"topic":"arsip/sensor_bme280"},"timestamp":"2026-08-06 03:28:13"}
{"fields":{"humidity":48.01,"pressure":1009.48,"temperature":24.32},"name":"mqtt_consumer","tags":{"topic":"arsip/sensor_bme280"},"timestamp":"2026-08-06 03:28:16"}
{"fields":{"humidity":48.01,"pressure":1009.48,"temperature":24.32},"name":"mqtt_consumer","tags":{"topic":"arsip/sensor_bme280"},"timestamp":"2026-08-06 03:28:17"}
{"fields":{"humidity":48.01,"pressure":1009.48,"temperature":24.32},"name":"mqtt_consumer","tags":{"topic":"arsip/sensor_bme280"},"timestamp":"2026-08-06 03:28:20"}
{"fields":{"humidity":47.72,"pressure":1009.43,"temperature":24.31},"name":"mqtt_consumer","tags":{"topic":"arsip/sensor_bme280"},"timestamp":"2026-08-06 03:28:21"}
{"fields":{"humidity":47.72,"pressure":1009.43,"temperature":24.31},"name":"mqtt_consumer","tags":{"topic":"arsip/sensor_bme280"},"timestamp":"2026-08-06 03:28:24"}
{"fields":{"humidity":47.72,"pressure":1009.43,"temperature":24.31},"name":"mqtt_consumer","tags":{"topic":"arsip/sensor_bme280"},"timestamp":"2026-08-06 03:28:25"}
{"fields":{"humidity":47.72,"pressure":1009.43,"temperature":24.31},"name":"mqtt_consumer","tags":{"topic":"arsip/sensor_bme280"},"timestamp":"2026-08-06 03:28:28"}
{"fields":{"humidity":47.72,"pressure":1009.43,"temperature":24.31},"name":"mqtt_consumer","tags":{"topic":"arsip/sensor_bme280"},"timestamp":"2026-08-06 03:28:29"}
{"fields":{"humidity":47.72,"pressure":1009.43,"temperature":24.31},"name":"mqtt_consumer","tags":{"topic":"arsip/sensor_bme280"},"timestamp":"2026-08-06 03:28:32"}
{"fields":{"humidity":47.72,"pressure":1009.43,"temperature":24.31},"name":"mqtt_consumer","tags":{"topic":"arsip/sensor_bme280"},"timestamp":"2026-08-06 03:28:33"}
{"fields":{"humidity":47.72,"pressure":1009.43,"temperature":24.31},"name":"mqtt_consumer","tags":{"topic":"arsip/sensor_bme280"},"timestamp":"2026-08-06 03:28:36"}
{"fields":{"humidity":47.72,"pressure":1009.43,"temperature":24.31},"name":"mqtt_consumer","tags":{"topic":"arsip/sensor_bme280"},"timestamp":"2026-08-06 03:28:37"}
{"fields":{"humidity":47.72,"pressure":1009.43,"temperature":24.31},"name":"mqtt_consumer","tags":{"topic":"arsip/sensor_bme280"},"timestamp":"2026-08-06 03:28:40"}
{"fields":{"humidity":47.72,"pressure":1009.43,"temperature":24.31},"name":"mqtt_consumer","tags":{"topic":"arsip/sensor_bme280"},"timestamp":"2026-08-06 03:28:41"}
{"fields":{"humidity":47.72,"pressure":1009.43,"temperature":24.31},"name":"mqtt_consumer","tags":{"topic":"arsip/sensor_bme280"},"timestamp":"2026-08-06 03:28:44"}
{"fields":{"humidity":47.72,"pressure":1009.43,"temperature":24.31},"name":"mqtt_consumer","tags":{"topic":"arsip/sensor_bme280"},"timestamp":"2026-08-06 03:28:45"}
{"fields":{"humidity":47.72,"pressure":1009.43,"temperature":24.31},"name":"mqtt_consumer","tags":{"topic":"arsip/sensor_bme280"},"timestamp":"2026-08-06 03:28:48"}
{"fields":{"humidity":47.72,"pressure":1009.43,"temperature":24.31},"name":"mqtt_consumer","tags":{"topic":"arsip/sensor_bme280"},"timestamp":"2026-08-06 03:28:49"}
{"fields":{"humidity":47.89,"pressure":1009.41,"temperature":24.48},"name":"mqtt_consumer","tags":{"topic":"arsip/sensor_bme280"},"timestamp":"2026-08-06 03:28:52"}
{"fields":{"humidity":47.89,"pressure":1009.41,"temperature":24.48},"name":"mqtt_consumer","tags":{"topic":"arsip/sensor_bme280"},"timestamp":"2026-08-06 03:28:53"}
{"fields":{"humidity":47.89,"pressure":1009.41,"temperature":24.48},"name":"mqtt_consumer","tags":{"topic":"arsip/sensor_bme280"},"timestamp":"2026-08-06 03:28:56"}
{"fields":{"humidity":47.89,"pressure":1009.41,"temperature":24.48},"name":"mqtt_consumer","tags":{"topic":"arsip/sensor_bme280"},"timestamp":"2026-08-06 03:28:57"}
{"fields":{"humidity":47.89,"pressure":1009.41,"temperature":24.48},"name":"mqtt_consumer","tags":{"topic":"arsip/sensor_bme280"},"timestamp":"2026-08-06 03:29:00"}
{"fields":{"humidity":47.89,"pressure":1009.41,"temperature":24.48},"name":"mqtt_consumer","tags":{"topic":"arsip/sensor_bme280"},"timestamp":"2026-08-06 03:29:01"}
{"fields":{"humidity":47.89,"pressure":1009.41,"temperature":24.48},"name":"mqtt_consumer","tags":{"topic":"arsip/sensor_bme280"},"timestamp":"2026-08-06 03:29:04"}
{"fields":{"humidity":47.89,"pressure":1009.41,"temperature":24.48},"name":"mqtt_consumer","tags":{"topic":"arsip/sensor_bme280"},"timestamp":"2026-08-06 03:29:05"}
{"fields":{"humidity":47.89,"pressure":1009.41,"temperature":24.48},"name":"mqtt_consumer","tags":{"topic":"arsip/sensor_bme280"},"timestamp":"2026-08-06 03:29:08"}
{"fields":{"humidity":47.89,"pressure":1009.41,"temperature":24.48},"name":"mqtt_consumer","tags":{"topic":"arsip/sensor_bme280"},"timestamp":"2026-08-06 03:29:09"}
{"fields":{"humidity":47.89,"pressure":1009.41,"temperature":24.48},"name":"mqtt_consumer","tags":{"topic":"arsip/sensor_bme280"},"timestamp":"2026-08-06 03:29:12"}
{"fields":{"humidity":47.89,"pressure":1009.41,"temperature":24.48},"name":"mqtt_consumer","tags":{"topic":"arsip/sensor_bme280"},"timestamp":"2026-08-06 03:29:13"}
{"fields":{"humidity":47.89,"pressure":1009.41,"temperature":24.48},"name":"mqtt_consumer","tags":{"topic":"arsip/sensor_bme280"},"timestamp":"2026-08-06 03:29:16"}
{"fields":{"humidity":47.89,"pressure":1009.41,"temperature":24.48},"name":"mqtt_consumer","tags":{"topic":"arsip/sensor_bme280"},"timestamp":"2026-08-06 03:29:17"}
{"fields":{"humidity":47.89,"pressure":1009.41,"temperature":24.48},"name":"mqtt_consumer","tags":{"topic":"arsip/sensor_bme280"},"timestamp":"2026-08-06 03:29:20"}
{"fields":{"humidity":47.67,"pressure":1009.25,"temperature":24.52},"name":"mqtt_consumer","tags":{"topic":"arsip/sensor_bme280"},"timestamp":"2026-08-06 03:29:21"}
{"fields":{"humidity":47.67,"pressure":1009.25,"temperature":24.52},"name":"mqtt_consumer","tags":{"topic":"arsip/sensor_bme280"},"timestamp":"2026-08-06 03:29:24"}
{"fields":{"humidity":47.67,"pressure":1009.25,"temperature":24.52},"name":"mqtt_consumer","tags":{"topic":"arsip/sensor_bme280"},"timestamp":"2026-08-06 03:29:25"}
{"fields":{"humidity":47.67,"pressure":1009.25,"temperature":24.52},"name":"mqtt_consumer","tags":{"topic":"arsip/sensor_bme280"},"timestamp":"2026-08-06 03:29:28"}
{"fields":{"humidity":47.67,"pressure":1009.25,"temperature":24.52},"name":"mqtt_consumer","tags":{"topic":"arsip/sensor_bme280"},"timestamp":"2026-08-06 03:29:29"}
{"fields":{"humidity":47.67,"pressure":1009.25,"temperature":24.52},"name":"mqtt_consumer","tags":{"topic":"arsip/sensor_bme280"},"timestamp":"2026-08-06 03:29:32"}
{"fields":{"humidity":47.67,"pressure":1009.25,"temperature":24.52},"name":"mqtt_consumer","tags":{"topic":"arsip/sensor_bme280"},"timestamp":"2026-08-06 03:29:33"}
{"fields":{"humidity":47.67,"pressure":1009.25,"temperature":24.52},"name":"mqtt_consumer","tags":{"topic":"arsip/sensor_bme280"},"timestamp":"2026-08-06 03:29:36"}
{"fields":{"humidity":47.67,"pressure":1009.25,"temperature":24.52},"name":"mqtt_consumer","tags":{"topic":"arsip/sensor_bme280"},"timestamp":"2026-08-06 03:29:37"}
{"fields":{"humidity":47.67,"pressure":1009.25,"temperature":24.52},"name":"mqtt_consumer","tags":{"topic":"arsip/sensor_bme280"},"timestamp":"2026-08-06 03:29:40"}
{"fields":{"humidity":47.67,"pressure":1009.25,"temperature":24.52},"name":"mqtt_consumer","tags":{"topic":"arsip/sensor_bme280"},"timestamp":"2026-08-06 03:29:41"}
{"fields":{"hum_offset":0,"temp_offset":0},"name":"mqtt_consumer","tags":{"topic":"arsip/sensor_dht11/config"},"timestamp":"2026-08-06 03:29:41"}
{"fields":{"humidity":47.67,"pressure":1009.25,"temperature":24.52},"name":"mqtt_consumer","tags":{"topic":"arsip/sensor_bme280"},"timestamp":"2026-08-06 03:29:44"}
{"fields":{"humidity":47.67,"pressure":1009.25,"temperature":24.52},"name":"mqtt_consumer","tags":{"topic":"arsip/sensor_bme280"},"timestamp":"2026-08-06 03:29:45"}
{"fields":{"humidity":47.67,"pressure":1009.25,"temperature":24.52},"name":"mqtt_consumer","tags":{"topic":"arsip/sensor_bme280"},"timestamp":"2026-08-06 03:29:48"}
{"fields":{"humidity":47.67,"pressure":1009.25,"temperature":24.52},"name":"mqtt_consumer","tags":{"topic":"arsip/sensor_bme280"},"timestamp":"2026-08-06 03:29:49"}
{"fields":{"humidity":47.93,"pressure":1009.32,"temperature":24.54},"name":"mqtt_consumer","tags":{"topic":"arsip/sensor_bme280"},"timestamp":"2026-08-06 03:29:52"}
{"fields":{"humidity":47.93,"pressure":1009.32,"temperature":24.54},"name":"mqtt_consumer","tags":{"topic":"arsip/sensor_bme280"},"timestamp":"2026-08-06 03:29:53"}
{"fields":{"humidity":47.93,"pressure":1009.32,"temperature":24.54},"name":"mqtt_consumer","tags":{"topic":"arsip/sensor_bme280"},"timestamp":"2026-08-06 03:29:56"}
{"fields":{"humidity":47.93,"pressure":1009.32,"temperature":24.54},"name":"mqtt_consumer","tags":{"topic":"arsip/sensor_bme280"},"timestamp":"2026-08-06 03:29:57"}
{"fields":{"humidity":47.93,"pressure":1009.32,"temperature":24.54},"name":"mqtt_consumer","tags":{"topic":"arsip/sensor_bme280"},"timestamp":"2026-08-06 03:30:00"}
{"fields":{"humidity":47.93,"pressure":1009.32,"temperature":24.54},"name":"mqtt_consumer","tags":{"topic":"arsip/sensor_bme280"},"timestamp":"2026-08-06 03:30:01"}
{"fields":{"humidity":47.93,"pressure":1009.32,"temperature":24.54},"name":"mqtt_consumer","tags":{"topic":"arsip/sensor_bme280"},"timestamp":"2026-08-06 03:30:04"}
{"fields":{"humidity":47.93,"pressure":1009.32,"temperature":24.54},"name":"mqtt_consumer","tags":{"topic":"arsip/sensor_bme280"},"timestamp":"2026-08-06 03:30:05"}
{"fields":{"humidity":46.69,"temperature":25.68},"name":"mqtt_consumer","tags":{"topic":"arsip/sensor_dht11"},"timestamp":"2026-08-06 03:30:06"}
{"fields":{"humidity":47.93,"pressure":1009.32,"temperature":24.54},"name":"mqtt_consumer","tags":{"topic":"arsip/sensor_bme280"},"timestamp":"2026-08-06 03:30:08"}
{"fields":{"humidity":47.93,"pressure":1009.32,"temperature":24.54},"name":"mqtt_consumer","tags":{"topic":"arsip/sensor_bme280"},"timestamp":"2026-08-06 03:30:09"}
{"fields":{"humidity":47.93,"pressure":1009.32,"temperature":24.54},"name":"mqtt_consumer","tags":{"topic":"arsip/sensor_bme280"},"timestamp":"2026-08-06 03:30:12"}
{"fields":{"humidity":47.93,"pressure":1009.32,"temperature":24.54},"name":"mqtt_consumer","tags":{"topic":"arsip/sensor_bme280"},"timestamp":"2026-08-06 03:30:13"}
{"fields":{"humidity":47.93,"pressure":1009.32,"temperature":24.54},"name":"mqtt_consumer","tags":{"topic":"arsip/sensor_bme280"},"timestamp":"2026-08-06 03:30:16"}
{"fields":{"humidity":47.93,"pressure":1009.32,"temperature":24.54},"name":"mqtt_consumer","tags":{"topic":"arsip/sensor_bme280"},"timestamp":"2026-08-06 03:30:17"}
{"fields":{"humidity":47.93,"pressure":1009.32,"temperature":24.54},"name":"mqtt_consumer","tags":{"topic":"arsip/sensor_bme280"},"timestamp":"2026-08-06 03:30:20"}
{"fields":{"humidity":47.84,"pressure":1009.4,"temperature":24.63},"name":"mqtt_consumer","tags":{"topic":"arsip/sensor_bme280"},"timestamp":"2026-08-06 03:30:21"}
{"fields":{"humidity":47.84,"pressure":1009.4,"temperature":24.63},"name":"mqtt_consumer","tags":{"topic":"arsip/sensor_bme280"},"timestamp":"2026-08-06 03:30:24"}
{"fields":{"humidity":47.84,"pressure":1009.4,"temperature":24.63},"name":"mqtt_consumer","tags":{"topic":"arsip/sensor_bme280"},"timestamp":"2026-08-06 03:30:25"}
{"fields":{"humidity":47.84,"pressure":1009.4,"temperature":24.63},"name":"mqtt_consumer","tags":{"topic":"arsip/sensor_bme280"},"timestamp":"2026-08-06 03:30:28"}
{"fields":{"humidity":47.84,"pressure":1009.4,"temperature":24.63},"name":"mqtt_consumer","tags":{"topic":"arsip/sensor_bme280"},"timestamp":"2026-08-06 03:30:29"}
{"fields":{"humidity":47.84,"pressure":1009.4,"temperature":24.63},"name":"mqtt_consumer","tags":{"topic":"arsip/sensor_bme280"},"timestamp":"2026-08-06 03:30:32"}
{"fields":{"humidity":47.84,"pressure":1009.4,"temperature":24.63},"name":"mqtt_consumer","tags":{"topic":"arsip/sensor_bme280"},"timestamp":"2026-08-06 03:30:33"}
{"fields":{"humidity":47.84,"pressure":1009.4,"temperature":24.63},"name":"mqtt_consumer","tags":{"topic":"arsip/sensor_bme280"},"timestamp":"2026-08-06 03:30:36"}
{"fields":{"humidity":46.69,"temperature":25.68},"name":"mqtt_consumer","tags":{"topic":"arsip/sensor_dht11"},"timestamp":"2026-08-06 03:30:36"}
{"fields":{"humidity":47.84,"pressure":1009.4,"temperature":24.63},"name":"mqtt_consumer","tags":{"topic":"arsip/sensor_bme280"},"timestamp":"2026-08-06 03:30:37"}
{"fields":{"humidity":47.84,"pressure":1009.4,"temperature":24.63},"name":"mqtt_consumer","tags":{"topic":"arsip/sensor_bme280"},"timestamp":"2026-08-06 03:30:40"}
{"fields":{"humidity":47.84,"pressure":1009.4,"temperature":24.63},"name":"mqtt_consumer","tags":{"topic":"arsip/sensor_bme280"},"timestamp":"2026-08-06 03:30:41"}
{"fields":{"humidity":47.84,"pressure":1009.4,"temperature":24.63},"name":"mqtt_consumer","tags":{"topic":"arsip/sensor_bme280"},"timestamp":"2026-08-06 03:30:44"}
{"fields":{"humidity":47.84,"pressure":1009.4,"temperature":24.63},"name":"mqtt_consumer","tags":{"topic":"arsip/sensor_bme280"},"timestamp":"2026-08-06 03:30:45"}
{"fields":{"humidity":47.84,"pressure":1009.4,"temperature":24.63},"name":"mqtt_consumer","tags":{"topic":"arsip/sensor_bme280"},"timestamp":"2026-08-06 03:30:48"}
{"fields":{"humidity":47.84,"pressure":1009.4,"temperature":24.63},"name":"mqtt_consumer","tags":{"topic":"arsip/sensor_bme280"},"timestamp":"2026-08-06 03:30:49"}
{"fields":{"humidity":49.14,"pressure":1009.38,"temperature":24.98},"name":"mqtt_consumer","tags":{"topic":"arsip/sensor_bme280"},"timestamp":"2026-08-06 03:30:52"}
{"fields":{"humidity":49.14,"pressure":1009.38,"temperature":24.98},"name":"mqtt_consumer","tags":{"topic":"arsip/sensor_bme280"},"timestamp":"2026-08-06 03:30:53"}
{"fields":{"humidity":49.14,"pressure":1009.38,"temperature":24.98},"name":"mqtt_consumer","tags":{"topic":"arsip/sensor_bme280"},"timestamp":"2026-08-06 03:30:56"}
{"fields":{"humidity":49.14,"pressure":1009.38,"temperature":24.98},"name":"mqtt_consumer","tags":{"topic":"arsip/sensor_bme280"},"timestamp":"2026-08-06 03:30:57"}
{"fields":{"humidity":49.14,"pressure":1009.38,"temperature":24.98},"name":"mqtt_consumer","tags":{"topic":"arsip/sensor_bme280"},"timestamp":"2026-08-06 03:31:00"}
{"fields":{"humidity":49.14,"pressure":1009.38,"temperature":24.98},"name":"mqtt_consumer","tags":{"topic":"arsip/sensor_bme280"},"timestamp":"2026-08-06 03:31:01"}
{"fields":{"humidity":49.14,"pressure":1009.38,"temperature":24.98},"name":"mqtt_consumer","tags":{"topic":"arsip/sensor_bme280"},"timestamp":"2026-08-06 03:31:04"}
{"fields":{"humidity":49.14,"pressure":1009.38,"temperature":24.98},"name":"mqtt_consumer","tags":{"topic":"arsip/sensor_bme280"},"timestamp":"2026-08-06 03:31:05"}
{"fields":{"humidity":47.34,"temperature":25.68},"name":"mqtt_consumer","tags":{"topic":"arsip/sensor_dht11"},"timestamp":"2026-08-06 03:31:06"}
{"fields":{"humidity":49.14,"pressure":1009.38,"temperature":24.98},"name":"mqtt_consumer","tags":{"topic":"arsip/sensor_bme280"},"timestamp":"2026-08-06 03:31:08"}
{"fields":{"humidity":49.14,"pressure":1009.38,"temperature":24.98},"name":"mqtt_consumer","tags":{"topic":"arsip/sensor_bme280"},"timestamp":"2026-08-06 03:31:09"}
{"fields":{"humidity":49.14,"pressure":1009.38,"temperature":24.98},"name":"mqtt_consumer","tags":{"topic":"arsip/sensor_bme280"},"timestamp":"2026-08-06 03:31:12"}
{"fields":{"humidity":49.14,"pressure":1009.38,"temperature":24.98},"name":"mqtt_consumer","tags":{"topic":"arsip/sensor_bme280"},"timestamp":"2026-08-06 03:31:13"}
{"fields":{"humidity":49.14,"pressure":1009.38,"temperature":24.98},"name":"mqtt_consumer","tags":{"topic":"arsip/sensor_bme280"},"timestamp":"2026-08-06 03:31:16"}
{"fields":{"humidity":49.14,"pressure":1009.38,"temperature":24.98},"name":"mqtt_consumer","tags":{"topic":"arsip/sensor_bme280"},"timestamp":"2026-08-06 03:31:17"}
{"fields":{"humidity":49.14,"pressure":1009.38,"temperature":24.98},"name":"mqtt_consumer","tags":{"topic":"arsip/sensor_bme280"},"timestamp":"2026-08-06 03:31:20"}
{"fields":{"humidity":49.23,"pressure":1009.37,"temperature":25.25},"name":"mqtt_consumer","tags":{"topic":"arsip/sensor_bme280"},"timestamp":"2026-08-06 03:31:21"}
{"fields":{"humidity":49.23,"pressure":1009.37,"temperature":25.25},"name":"mqtt_consumer","tags":{"topic":"arsip/sensor_bme280"},"timestamp":"2026-08-06 03:31:24"}
{"fields":{"humidity":49.23,"pressure":1009.37,"temperature":25.25},"name":"mqtt_consumer","tags":{"topic":"arsip/sensor_bme280"},"timestamp":"2026-08-06 03:31:25"}
{"fields":{"humidity":49.23,"pressure":1009.37,"temperature":25.25},"name":"mqtt_consumer","tags":{"topic":"arsip/sensor_bme280"},"timestamp":"2026-08-06 03:31:28"}
{"fields":{"humidity":49.23,"pressure":1009.37,"temperature":25.25},"name":"mqtt_consumer","tags":{"topic":"arsip/sensor_bme280"},"timestamp":"2026-08-06 03:31:29"}
{"fields":{"humidity":49.23,"pressure":1009.37,"temperature":25.25},"name":"mqtt_consumer","tags":{"topic":"arsip/sensor_bme280"},"timestamp":"2026-08-06 03:31:32"}
{"fields":{"humidity":49.23,"pressure":1009.37,"temperature":25.25},"name":"mqtt_consumer","tags":{"topic":"arsip/sensor_bme280"},"timestamp":"2026-08-06 03:31:33"}
{"fields":{"humidity":49.23,"pressure":1009.37,"temperature":25.25},"name":"mqtt_consumer","tags":{"topic":"arsip/sensor_bme280"},"timestamp":"2026-08-06 03:31:36"}
{"fields":{"humidity":47.42,"temperature":25.79},"name":"mqtt_consumer","tags":{"topic":"arsip/sensor_dht11"},"timestamp":"2026-08-06 03:31:36"}
{"fields":{"humidity":49.23,"pressure":1009.37,"temperature":25.25},"name":"mqtt_consumer","tags":{"topic":"arsip/sensor_bme280"},"timestamp":"2026-08-06 03:31:37"}
{"fields":{"hum_offset":-2,"temp_offset":0},"name":"mqtt_consumer","tags":{"topic":"arsip/sensor_dht11/cmd"},"timestamp":"2026-08-06 03:31:37"}
{"fields":{"hum_offset":-2,"temp_offset":0},"name":"mqtt_consumer","tags":{"topic":"arsip/sensor_dht11/config"},"timestamp":"2026-08-06 03:31:37"}
{"fields":{"humidity":49.23,"pressure":1009.37,"temperature":25.25},"name":"mqtt_consumer","tags":{"topic":"arsip/sensor_bme280"},"timestamp":"2026-08-06 03:31:40"}
{"fields":{"humidity":49.23,"pressure":1009.37,"temperature":25.25},"name":"mqtt_consumer","tags":{"topic":"arsip/sensor_bme280"},"timestamp":"2026-08-06 03:31:41"}
{"fields":{"humidity":49.23,"pressure":1009.37,"temperature":25.25},"name":"mqtt_consumer","tags":{"topic":"arsip/sensor_bme280"},"timestamp":"2026-08-06 03:31:44"}
{"fields":{"humidity":49.23,"pressure":1009.37,"temperature":25.25},"name":"mqtt_consumer","tags":{"topic":"arsip/sensor_bme280"},"timestamp":"2026-08-06 03:31:45"}
{"fields":{"humidity":49.23,"pressure":1009.37,"temperature":25.25},"name":"mqtt_consumer","tags":{"topic":"arsip/sensor_bme280"},"timestamp":"2026-08-06 03:31:48"}
{"fields":{"humidity":49.23,"pressure":1009.37,"temperature":25.25},"name":"mqtt_consumer","tags":{"topic":"arsip/sensor_bme280"},"timestamp":"2026-08-06 03:31:49"}
{"fields":{"humidity":47.57,"pressure":1009.3,"temperature":25.33},"name":"mqtt_consumer","tags":{"topic":"arsip/sensor_bme280"},"timestamp":"2026-08-06 03:31:52"}
{"fields":{"humidity":47.57,"pressure":1009.3,"temperature":25.33},"name":"mqtt_consumer","tags":{"topic":"arsip/sensor_bme280"},"timestamp":"2026-08-06 03:31:53"}
{"fields":{"humidity":47.57,"pressure":1009.3,"temperature":25.33},"name":"mqtt_consumer","tags":{"topic":"arsip/sensor_bme280"},"timestamp":"2026-08-06 03:31:56"}
{"fields":{"humidity":47.57,"pressure":1009.3,"temperature":25.33},"name":"mqtt_consumer","tags":{"topic":"arsip/sensor_bme280"},"timestamp":"2026-08-06 03:31:57"}
{"fields":{"humidity":47.57,"pressure":1009.3,"temperature":25.33},"name":"mqtt_consumer","tags":{"topic":"arsip/sensor_bme280"},"timestamp":"2026-08-06 03:32:00"}
{"fields":{"humidity":47.57,"pressure":1009.3,"temperature":25.33},"name":"mqtt_consumer","tags":{"topic":"arsip/sensor_bme280"},"timestamp":"2026-08-06 03:32:01"}
{"fields":{"humidity":47.57,"pressure":1009.3,"temperature":25.33},"name":"mqtt_consumer","tags":{"topic":"arsip/sensor_bme280"},"timestamp":"2026-08-06 03:32:04"}
{"fields":{"humidity":47.57,"pressure":1009.3,"temperature":25.33},"name":"mqtt_consumer","tags":{"topic":"arsip/sensor_bme280"},"timestamp":"2026-08-06 03:32:05"}
{"fields":{"humidity":45.42,"temperature":25.89},"name":"mqtt_consumer","tags":{"topic":"arsip/sensor_dht11"},"timestamp":"2026-08-06 03:32:06"}
{"fields":{"humidity":47.57,"pressure":1009.3,"temperature":25.33},"name":"mqtt_consumer","tags":{"topic":"arsip/sensor_bme280"},"timestamp":"2026-08-06 03:32:08"}
{"fields":{"humidity":47.57,"pressure":1009.3,"temperature":25.33},"name":"mqtt_consumer","tags":{"topic":"arsip/sensor_bme280"},"timestamp":"2026-08-06 03:32:09"}
{"fields":{"humidity":47.57,"pressure":1009.3,"temperature":25.33},"name":"mqtt_consumer","tags":{"topic":"arsip/sensor_bme280"},"timestamp":"2026-08-06 03:32:12"}
{"fields":{"humidity":47.57,"pressure":1009.3,"temperature":25.33},"name":"mqtt_consumer","tags":{"topic":"arsip/sensor_bme280"},"timestamp":"2026-08-06 03:32:13"}
{"fields":{"humidity":47.57,"pressure":1009.3,"temperature":25.33},"name":"mqtt_consumer","tags":{"topic":"arsip/sensor_bme280"},"timestamp":"2026-08-06 03:32:16"}
{"fields":{"humidity":47.57,"pressure":1009.3,"temperature":25.33},"name":"mqtt_consumer","tags":{"topic":"arsip/sensor_bme280"},"timestamp":"2026-08-06 03:32:17"}
{"fields":{"humidity":47.57,"pressure":1009.3,"temperature":25.33},"name":"mqtt_consumer","tags":{"topic":"arsip/sensor_bme280"},"timestamp":"2026-08-06 03:32:20"}
{"fields":{"humidity":46.55,"pressure":1009.34,"temperature":25.17},"name":"mqtt_consumer","tags":{"topic":"arsip/sensor_bme280"},"timestamp":"2026-08-06 03:32:21"}
{"fields":{"humidity":46.55,"pressure":1009.34,"temperature":25.17},"name":"mqtt_consumer","tags":{"topic":"arsip/sensor_bme280"},"timestamp":"2026-08-06 03:32:24"}
{"fields":{"humidity":46.55,"pressure":1009.34,"temperature":25.17},"name":"mqtt_consumer","tags":{"topic":"arsip/sensor_bme280"},"timestamp":"2026-08-06 03:32:25"}
{"fields":{"humidity":46.55,"pressure":1009.34,"temperature":25.17},"name":"mqtt_consumer","tags":{"topic":"arsip/sensor_bme280"},"timestamp":"2026-08-06 03:32:28"}
{"fields":{"humidity":46.55,"pressure":1009.34,"temperature":25.17},"name":"mqtt_consumer","tags":{"topic":"arsip/sensor_bme280"},"timestamp":"2026-08-06 03:32:29"}
{"fields":{"humidity":46.55,"pressure":1009.34,"temperature":25.17},"name":"mqtt_consumer","tags":{"topic":"arsip/sensor_bme280"},"timestamp":"2026-08-06 03:32:32"}
{"fields":{"humidity":46.55,"pressure":1009.34,"temperature":25.17},"name":"mqtt_consumer","tags":{"topic":"arsip/sensor_bme280"},"timestamp":"2026-08-06 03:32:33"}
{"fields":{"humidity":46.55,"pressure":1009.34,"temperature":25.17},"name":"mqtt_consumer","tags":{"topic":"arsip/sensor_bme280"},"timestamp":"2026-08-06 03:32:36"}
{"fields":{"humidity":44.85,"temperature":25.89},"name":"mqtt_consumer","tags":{"topic":"arsip/sensor_dht11"},"timestamp":"2026-08-06 03:32:36"}
{"fields":{"humidity":46.55,"pressure":1009.34,"temperature":25.17},"name":"mqtt_consumer","tags":{"topic":"arsip/sensor_bme280"},"timestamp":"2026-08-06 03:32:37"}
{"fields":{"humidity":46.55,"pressure":1009.34,"temperature":25.17},"name":"mqtt_consumer","tags":{"topic":"arsip/sensor_bme280"},"timestamp":"2026-08-06 03:32:40"}
{"fields":{"humidity":46.55,"pressure":1009.34,"temperature":25.17},"name":"mqtt_consumer","tags":{"topic":"arsip/sensor_bme280"},"timestamp":"2026-08-06 03:32:41"}
{"fields":{"humidity":46.55,"pressure":1009.34,"temperature":25.17},"name":"mqtt_consumer","tags":{"topic":"arsip/sensor_bme280"},"timestamp":"2026-08-06 03:32:44"}
{"fields":{"humidity":46.55,"pressure":1009.34,"temperature":25.17},"name":"mqtt_consumer","tags":{"topic":"arsip/sensor_bme280"},"timestamp":"2026-08-06 03:32:45"}
{"fields":{"humidity":46.55,"pressure":1009.34,"temperature":25.17},"name":"mqtt_consumer","tags":{"topic":"arsip/sensor_bme280"},"timestamp":"2026-08-06 03:32:48"}
{"fields":{"humidity":46.55,"pressure":1009.34,"temperature":25.17},"name":"mqtt_consumer","tags":{"topic":"arsip/sensor_bme280"},"timestamp":"2026-08-06 03:32:49"}
{"fields":{"humidity":46.15,"pressure":1009.31,"temperature":25.43},"name":"mqtt_consumer","tags":{"topic":"arsip/sensor_bme280"},"timestamp":"2026-08-06 03:32:52"}
{"fields":{"humidity":46.15,"pressure":1009.31,"temperature":25.43},"name":"mqtt_consumer","tags":{"topic":"arsip/sensor_bme280"},"timestamp":"2026-08-06 03:32:53"}
{"fields":{"humidity":46.15,"pressure":1009.31,"temperature":25.43},"name":"mqtt_consumer","tags":{"topic":"arsip/sensor_bme280"},"timestamp":"2026-08-06 03:32:56"}
{"fields":{"humidity":46.15,"pressure":1009.31,"temperature":25.43},"name":"mqtt_consumer","tags":{"topic":"arsip/sensor_bme280"},"timestamp":"2026-08-06 03:32:57"}
{"fields":{"humidity":46.15,"pressure":1009.31,"temperature":25.43},"name":"mqtt_consumer","tags":{"topic":"arsip/sensor_bme280"},"timestamp":"2026-08-06 03:33:00"}
{"fields":{"humidity":46.15,"pressure":1009.31,"temperature":25.43},"name":"mqtt_consumer","tags":{"topic":"arsip/sensor_bme280"},"timestamp":"2026-08-06 03:33:01"}
{"fields":{"humidity":46.15,"pressure":1009.31,"temperature":25.43},"name":"mqtt_consumer","tags":{"topic":"arsip/sensor_bme280"},"timestamp":"2026-08-06 03:33:04"}
{"fields":{"humidity":46.15,"pressure":1009.31,"temperature":25.43},"name":"mqtt_consumer","tags":{"topic":"arsip/sensor_bme280"},"timestamp":"2026-08-06 03:33:05"}
{"fields":{"humidity":43.88,"temperature":25.89},"name":"mqtt_consumer","tags":{"topic":"arsip/sensor_dht11"},"timestamp":"2026-08-06 03:33:06"}
{"fields":{"humidity":46.15,"pressure":1009.31,"temperature":25.43},"name":"mqtt_consumer","tags":{"topic":"arsip/sensor_bme280"},"timestamp":"2026-08-06 03:33:08"}
{"fields":{"humidity":46.15,"pressure":1009.31,"temperature":25.43},"name":"mqtt_consumer","tags":{"topic":"arsip/sensor_bme280"},"timestamp":"2026-08-06 03:33:09"}
{"fields":{"humidity":46.15,"pressure":1009.31,"temperature":25.43},"name":"mqtt_consumer","tags":{"topic":"arsip/sensor_bme280"},"timestamp":"2026-08-06 03:33:12"}
{"fields":{"humidity":46.15,"pressure":1009.31,"temperature":25.43},"name":"mqtt_consumer","tags":{"topic":"arsip/sensor_bme280"},"timestamp":"2026-08-06 03:33:13"}
{"fields":{"humidity":46.15,"pressure":1009.31,"temperature":25.43},"name":"mqtt_consumer","tags":{"topic":"arsip/sensor_bme280"},"timestamp":"2026-08-06 03:33:16"}
{"fields":{"humidity":46.15,"pressure":1009.31,"temperature":25.43},"name":"mqtt_consumer","tags":{"topic":"arsip/sensor_bme280"},"timestamp":"2026-08-06 03:33:17"}
{"fields":{"humidity":46.15,"pressure":1009.31,"temperature":25.43},"name":"mqtt_consumer","tags":{"topic":"arsip/sensor_bme280"},"timestamp":"2026-08-06 03:33:20"}
{"fields":{"humidity":46.22,"pressure":1009.27,"temperature":25.35},"name":"mqtt_consumer","tags":{"topic":"arsip/sensor_bme280"},"timestamp":"2026-08-06 03:33:21"}
{"fields":{"humidity":46.22,"pressure":1009.27,"temperature":25.35},"name":"mqtt_consumer","tags":{"topic":"arsip/sensor_bme280"},"timestamp":"2026-08-06 03:33:24"}
{"fields":{"humidity":46.22,"pressure":1009.27,"temperature":25.35},"name":"mqtt_consumer","tags":{"topic":"arsip/sensor_bme280"},"timestamp":"2026-08-06 03:33:25"}
{"fields":{"humidity":46.22,"pressure":1009.27,"temperature":25.35},"name":"mqtt_consumer","tags":{"topic":"arsip/sensor_bme280"},"timestamp":"2026-08-06 03:33:28"}
{"fields":{"humidity":46.22,"pressure":1009.27,"temperature":25.35},"name":"mqtt_consumer","tags":{"topic":"arsip/sensor_bme280"},"timestamp":"2026-08-06 03:33:29"}
{"fields":{"humidity":46.22,"pressure":1009.27,"temperature":25.35},"name":"mqtt_consumer","tags":{"topic":"arsip/sensor_bme280"},"timestamp":"2026-08-06 03:33:32"}
{"fields":{"humidity":46.22,"pressure":1009.27,"temperature":25.35},"name":"mqtt_consumer","tags":{"topic":"arsip/sensor_bme280"},"timestamp":"2026-08-06 03:33:33"}
{"fields":{"humidity":46.22,"pressure":1009.27,"temperature":25.35},"name":"mqtt_consumer","tags":{"topic":"arsip/sensor_bme280"},"timestamp":"2026-08-06 03:33:36"}
{"fields":{"humidity":43.72,"temperature":25.79},"name":"mqtt_consumer","tags":{"topic":"arsip/sensor_dht11"},"timestamp":"2026-08-06 03:33:36"}
{"fields":{"humidity":46.22,"pressure":1009.27,"temperature":25.35},"name":"mqtt_consumer","tags":{"topic":"arsip/sensor_bme280"},"timestamp":"2026-08-06 03:33:37"}
{"fields":{"humidity":46.22,"pressure":1009.27,"temperature":25.35},"name":"mqtt_consumer","tags":{"topic":"arsip/sensor_bme280"},"timestamp":"2026-08-06 03:33:40"}
{"fields":{"humidity":46.22,"pressure":1009.27,"temperature":25.35},"name":"mqtt_consumer","tags":{"topic":"arsip/sensor_bme280"},"timestamp":"2026-08-06 03:33:41"}
{"fields":{"humidity":46.22,"pressure":1009.27,"temperature":25.35},"name":"mqtt_consumer","tags":{"topic":"arsip/sensor_bme280"},"timestamp":"2026-08-06 03:33:44"}
{"fields":{"humidity":46.22,"pressure":1009.27,"temperature":25.35},"name":"mqtt_consumer","tags":{"topic":"arsip/sensor_bme280"},"timestamp":"2026-08-06 03:33:45"}
{"fields":{"humidity":46.22,"pressure":1009.27,"temperature":25.35},"name":"mqtt_consumer","tags":{"topic":"arsip/sensor_bme280"},"timestamp":"2026-08-06 03:33:48"}
{"fields":{"humidity":46.22,"pressure":1009.27,"temperature":25.35},"name":"mqtt_consumer","tags":{"topic":"arsip/sensor_bme280"},"timestamp":"2026-08-06 03:33:49"}
{"fields":{"humidity":46.52,"pressure":1009.37,"temperature":25.09},"name":"mqtt_consumer","tags":{"topic":"arsip/sensor_bme280"},"timestamp":"2026-08-06 03:33:52"}
{"fields":{"humidity":46.52,"pressure":1009.37,"temperature":25.09},"name":"mqtt_consumer","tags":{"topic":"arsip/sensor_bme280"},"timestamp":"2026-08-06 03:33:53"}
{"fields":{"humidity":46.52,"pressure":1009.37,"temperature":25.09},"name":"mqtt_consumer","tags":{"topic":"arsip/sensor_bme280"},"timestamp":"2026-08-06 03:33:56"}
{"fields":{"humidity":46.52,"pressure":1009.37,"temperature":25.09},"name":"mqtt_consumer","tags":{"topic":"arsip/sensor_bme280"},"timestamp":"2026-08-06 03:33:57"}
{"fields":{"humidity":46.52,"pressure":1009.37,"temperature":25.09},"name":"mqtt_consumer","tags":{"topic":"arsip/sensor_bme280"},"timestamp":"2026-08-06 03:34:00"}
{"fields":{"humidity":46.52,"pressure":1009.37,"temperature":25.09},"name":"mqtt_consumer","tags":{"topic":"arsip/sensor_bme280"},"timestamp":"2026-08-06 03:34:01"}
{"fields":{"humidity":46.52,"pressure":1009.37,"temperature":25.09},"name":"mqtt_consumer","tags":{"topic":"arsip/sensor_bme280"},"timestamp":"2026-08-06 03:34:04"}
{"fields":{"humidity":46.52,"pressure":1009.37,"temperature":25.09},"name":"mqtt_consumer","tags":{"topic":"arsip/sensor_bme280"},"timestamp":"2026-08-06 03:34:05"}
{"fields":{"humidity":43.96,"temperature":25.89},"name":"mqtt_consumer","tags":{"topic":"arsip/sensor_dht11"},"timestamp":"2026-08-06 03:34:06"}
{"fields":{"humidity":46.52,"pressure":1009.37,"temperature":25.09},"name":"mqtt_consumer","tags":{"topic":"arsip/sensor_bme280"},"timestamp":"2026-08-06 03:34:08"}
{"fields":{"humidity":46.52,"pressure":1009.37,"temperature":25.09},"name":"mqtt_consumer","tags":{"topic":"arsip/sensor_bme280"},"timestamp":"2026-08-06 03:34:09"}
{"fields":{"humidity":46.52,"pressure":1009.37,"temperature":25.09},"name":"mqtt_consumer","tags":{"topic":"arsip/sensor_bme280"},"timestamp":"2026-08-06 03:34:12"}
{"fields":{"humidity":46.52,"pressure":1009.37,"temperature":25.09},"name":"mqtt_consumer","tags":{"topic":"arsip/sensor_bme280"},"timestamp":"2026-08-06 03:34:13"}
{"fields":{"humidity":46.52,"pressure":1009.37,"temperature":25.09},"name":"mqtt_consumer","tags":{"topic":"arsip/sensor_bme280"},"timestamp":"2026-08-06 03:34:16"}
{"fields":{"humidity":46.52,"pressure":1009.37,"temperature":25.09},"name":"mqtt_consumer","tags":{"topic":"arsip/sensor_bme280"},"timestamp":"2026-08-06 03:34:17"}
{"fields":{"humidity":46.52,"pressure":1009.37,"temperature":25.09},"name":"mqtt_consumer","tags":{"topic":"arsip/sensor_bme280"},"timestamp":"2026-08-06 03:34:20"}
{"fields":{"humidity":46.48,"pressure":1009.33,"temperature":24.75},"name":"mqtt_consumer","tags":{"topic":"arsip/sensor_bme280"},"timestamp":"2026-08-06 03:34:21"}
{"fields":{"humidity":46.48,"pressure":1009.33,"temperature":24.75},"name":"mqtt_consumer","tags":{"topic":"arsip/sensor_bme280"},"timestamp":"2026-08-06 03:34:24"}
{"fields":{"humidity":46.48,"pressure":1009.33,"temperature":24.75},"name":"mqtt_consumer","tags":{"topic":"arsip/sensor_bme280"},"timestamp":"2026-08-06 03:34:25"}
{"fields":{"humidity":46.48,"pressure":1009.33,"temperature":24.75},"name":"mqtt_consumer","tags":{"topic":"arsip/sensor_bme280"},"timestamp":"2026-08-06 03:34:28"}
{"fields":{"humidity":46.48,"pressure":1009.33,"temperature":24.75},"name":"mqtt_consumer","tags":{"topic":"arsip/sensor_bme280"},"timestamp":"2026-08-06 03:34:29"}
{"fields":{"humidity":46.48,"pressure":1009.33,"temperature":24.75},"name":"mqtt_consumer","tags":{"topic":"arsip/sensor_bme280"},"timestamp":"2026-08-06 03:34:32"}
{"fields":{"humidity":46.48,"pressure":1009.33,"temperature":24.75},"name":"mqtt_consumer","tags":{"topic":"arsip/sensor_bme280"},"timestamp":"2026-08-06 03:34:33"}
{"fields":{"humidity":46.48,"pressure":1009.33,"temperature":24.75},"name":"mqtt_consumer","tags":{"topic":"arsip/sensor_bme280"},"timestamp":"2026-08-06 03:34:36"}
{"fields":{"humidity":43.96,"temperature":25.79},"name":"mqtt_consumer","tags":{"topic":"arsip/sensor_dht11"},"timestamp":"2026-08-06 03:34:36"}
{"fields":{"humidity":46.48,"pressure":1009.33,"temperature":24.75},"name":"mqtt_consumer","tags":{"topic":"arsip/sensor_bme280"},"timestamp":"2026-08-06 03:34:37"}
{"fields":{"humidity":46.48,"pressure":1009.33,"temperature":24.75},"name":"mqtt_consumer","tags":{"topic":"arsip/sensor_bme280"},"timestamp":"2026-08-06 03:34:40"}
{"fields":{"humidity":46.48,"pressure":1009.33,"temperature":24.75},"name":"mqtt_consumer","tags":{"topic":"arsip/sensor_bme280"},"timestamp":"2026-08-06 03:34:41"}
{"fields":{"humidity":46.48,"pressure":1009.33,"temperature":24.75},"name":"mqtt_consumer","tags":{"topic":"arsip/sensor_bme280"},"timestamp":"2026-08-06 03:34:44"}
{"fields":{"humidity":46.48,"pressure":1009.33,"temperature":24.75},"name":"mqtt_consumer","tags":{"topic":"arsip/sensor_bme280"},"timestamp":"2026-08-06 03:34:45"}
{"fields":{"humidity":46.48,"pressure":1009.33,"temperature":24.75},"name":"mqtt_consumer","tags":{"topic":"arsip/sensor_bme280"},"timestamp":"2026-08-06 03:34:48"}
{"fields":{"humidity":46.48,"pressure":1009.33,"temperature":24.75},"name":"mqtt_consumer","tags":{"topic":"arsip/sensor_bme280"},"timestamp":"2026-08-06 03:34:49"}
{"fields":{"humidity":46.79,"pressure":1009.34,"temperature":24.59},"name":"mqtt_consumer","tags":{"topic":"arsip/sensor_bme280"},"timestamp":"2026-08-06 03:34:52"}
{"fields":{"humidity":46.79,"pressure":1009.34,"temperature":24.59},"name":"mqtt_consumer","tags":{"topic":"arsip/sensor_bme280"},"timestamp":"2026-08-06 03:34:53"}
{"fields":{"humidity":46.79,"pressure":1009.34,"temperature":24.59},"name":"mqtt_consumer","tags":{"topic":"arsip/sensor_bme280"},"timestamp":"2026-08-06 03:34:56"}
{"fields":{"humidity":46.79,"pressure":1009.34,"temperature":24.59},"name":"mqtt_consumer","tags":{"topic":"arsip/sensor_bme280"},"timestamp":"2026-08-06 03:34:57"}
{"fields":{"humidity":46.79,"pressure":1009.34,"temperature":24.59},"name":"mqtt_consumer","tags":{"topic":"arsip/sensor_bme280"},"timestamp":"2026-08-06 03:35:00"}
{"fields":{"humidity":46.79,"pressure":1009.34,"temperature":24.59},"name":"mqtt_consumer","tags":{"topic":"arsip/sensor_bme280"},"timestamp":"2026-08-06 03:35:01"}
{"fields":{"humidity":46.79,"pressure":1009.34,"temperature":24.59},"name":"mqtt_consumer","tags":{"topic":"arsip/sensor_bme280"},"timestamp":"2026-08-06 03:35:04"}
{"fields":{"humidity":46.79,"pressure":1009.34,"temperature":24.59},"name":"mqtt_consumer","tags":{"topic":"arsip/sensor_bme280"},"timestamp":"2026-08-06 03:35:05"}
{"fields":{"humidity":44.04,"temperature":25.68},"name":"mqtt_consumer","tags":{"topic":"arsip/sensor_dht11"},"timestamp":"2026-08-06 03:35:06"}
{"fields":{"humidity":46.79,"pressure":1009.34,"temperature":24.59},"name":"mqtt_consumer","tags":{"topic":"arsip/sensor_bme280"},"timestamp":"2026-08-06 03:35:08"}
{"fields":{"humidity":46.79,"pressure":1009.34,"temperature":24.59},"name":"mqtt_consumer","tags":{"topic":"arsip/sensor_bme280"},"timestamp":"2026-08-06 03:35:09"}
{"fields":{"humidity":46.79,"pressure":1009.34,"temperature":24.59},"name":"mqtt_consumer","tags":{"topic":"arsip/sensor_bme280"},"timestamp":"2026-08-06 03:35:12"}
{"fields":{"humidity":46.79,"pressure":1009.34,"temperature":24.59},"name":"mqtt_consumer","tags":{"topic":"arsip/sensor_bme280"},"timestamp":"2026-08-06 03:35:13"}
{"fields":{"humidity":46.79,"pressure":1009.34,"temperature":24.59},"name":"mqtt_consumer","tags":{"topic":"arsip/sensor_bme280"},"timestamp":"2026-08-06 03:35:16"}
{"fields":{"humidity":46.79,"pressure":1009.34,"temperature":24.59},"name":"mqtt_consumer","tags":{"topic":"arsip/sensor_bme280"},"timestamp":"2026-08-06 03:35:17"}
{"fields":{"humidity":46.79,"pressure":1009.34,"temperature":24.59},"name":"mqtt_consumer","tags":{"topic":"arsip/sensor_bme280"},"timestamp":"2026-08-06 03:35:20"}
{"fields":{"humidity":47.18,"pressure":1009.32,"temperature":24.46},"name":"mqtt_consumer","tags":{"topic":"arsip/sensor_bme280"},"timestamp":"2026-08-06 03:35:21"}
{"fields":{"humidity":47.18,"pressure":1009.32,"temperature":24.46},"name":"mqtt_consumer","tags":{"topic":"arsip/sensor_bme280"},"timestamp":"2026-08-06 03:35:24"}
{"fields":{"humidity":47.18,"pressure":1009.32,"temperature":24.46},"name":"mqtt_consumer","tags":{"topic":"arsip/sensor_bme280"},"timestamp":"2026-08-06 03:35:25"}
{"fields":{"humidity":47.18,"pressure":1009.32,"temperature":24.46},"name":"mqtt_consumer","tags":{"topic":"arsip/sensor_bme280"},"timestamp":"2026-08-06 03:35:28"}
{"fields":{"humidity":47.18,"pressure":1009.32,"temperature":24.46},"name":"mqtt_consumer","tags":{"topic":"arsip/sensor_bme280"},"timestamp":"2026-08-06 03:35:29"}
{"fields":{"humidity":47.18,"pressure":1009.32,"temperature":24.46},"name":"mqtt_consumer","tags":{"topic":"arsip/sensor_bme280"},"timestamp":"2026-08-06 03:35:32"}
{"fields":{"humidity":47.18,"pressure":1009.32,"temperature":24.46},"name":"mqtt_consumer","tags":{"topic":"arsip/sensor_bme280"},"timestamp":"2026-08-06 03:35:33"}
{"fields":{"humidity":47.18,"pressure":1009.32,"temperature":24.46},"name":"mqtt_consumer","tags":{"topic":"arsip/sensor_bme280"},"timestamp":"2026-08-06 03:35:36"}
{"fields":{"humidity":43.88,"temperature":25.57},"name":"mqtt_consumer","tags":{"topic":"arsip/sensor_dht11"},"timestamp":"2026-08-06 03:35:36"}
{"fields":{"humidity":47.18,"pressure":1009.32,"temperature":24.46},"name":"mqtt_consumer","tags":{"topic":"arsip/sensor_bme280"},"timestamp":"2026-08-06 03:35:37"}
{"fields":{"humidity":47.18,"pressure":1009.32,"temperature":24.46},"name":"mqtt_consumer","tags":{"topic":"arsip/sensor_bme280"},"timestamp":"2026-08-06 03:35:40"}
{"fields":{"humidity":47.18,"pressure":1009.32,"temperature":24.46},"name":"mqtt_consumer","tags":{"topic":"arsip/sensor_bme280"},"timestamp":"2026-08-06 03:35:41"}
{"fields":{"humidity":47.18,"pressure":1009.32,"temperature":24.46},"name":"mqtt_consumer","tags":{"topic":"arsip/sensor_bme280"},"timestamp":"2026-08-06 03:35:44"}
{"fields":{"humidity":47.18,"pressure":1009.32,"temperature":24.46},"name":"mqtt_consumer","tags":{"topic":"arsip/sensor_bme280"},"timestamp":"2026-08-06 03:35:45"}
{"fields":{"humidity":47.18,"pressure":1009.32,"temperature":24.46},"name":"mqtt_consumer","tags":{"topic":"arsip/sensor_bme280"},"timestamp":"2026-08-06 03:35:48"}
{"fields":{"humidity":47.18,"pressure":1009.32,"temperature":24.46},"name":"mqtt_consumer","tags":{"topic":"arsip/sensor_bme280"},"timestamp":"2026-08-06 03:35:49"}
{"fields":{"humidity":47.44,"pressure":1009.31,"temperature":24.4},"name":"mqtt_consumer","tags":{"topic":"arsip/sensor_bme280"},"timestamp":"2026-08-06 03:35:52"}
{"fields":{"humidity":47.44,"pressure":1009.31,"temperature":24.4},"name":"mqtt_consumer","tags":{"topic":"arsip/sensor_bme280"},"timestamp":"2026-08-06 03:35:53"}
{"fields":{"humidity":47.44,"pressure":1009.31,"temperature":24.4},"name":"mqtt_consumer","tags":{"topic":"arsip/sensor_bme280"},"timestamp":"2026-08-06 03:35:56"}
{"fields":{"humidity":47.44,"pressure":1009.31,"temperature":24.4},"name":"mqtt_consumer","tags":{"topic":"arsip/sensor_bme280"},"timestamp":"2026-08-06 03:35:57"}
{"fields":{"humidity":47.44,"pressure":1009.31,"temperature":24.4},"name":"mqtt_consumer","tags":{"topic":"arsip/sensor_bme280"},"timestamp":"2026-08-06 03:36:00"}
{"fields":{"humidity":47.44,"pressure":1009.31,"temperature":24.4},"name":"mqtt_consumer","tags":{"topic":"arsip/sensor_bme280"},"timestamp":"2026-08-06 03:36:01"}
{"fields":{"humidity":47.44,"pressure":1009.31,"temperature":24.4},"name":"mqtt_consumer","tags":{"topic":"arsip/sensor_bme280"},"timestamp":"2026-08-06 03:36:04"}
{"fields":{"humidity":47.44,"pressure":1009.31,"temperature":24.4},"name":"mqtt_consumer","tags":{"topic":"arsip/sensor_bme280"},"timestamp":"2026-08-06 03:36:05"}
{"fields":{"humidity":44.04,"temperature":25.47},"name":"mqtt_consumer","tags":{"topic":"arsip/sensor_dht11"},"timestamp":"2026-08-06 03:36:06"}
{"fields":{"humidity":47.44,"pressure":1009.31,"temperature":24.4},"name":"mqtt_consumer","tags":{"topic":"arsip/sensor_bme280"},"timestamp":"2026-08-06 03:36:08"}
{"fields":{"humidity":47.44,"pressure":1009.31,"temperature":24.4},"name":"mqtt_consumer","tags":{"topic":"arsip/sensor_bme280"},"timestamp":"2026-08-06 03:36:09"}
{"fields":{"humidity":47.44,"pressure":1009.31,"temperature":24.4},"name":"mqtt_consumer","tags":{"topic":"arsip/sensor_bme280"},"timestamp":"2026-08-06 03:36:12"}
{"fields":{"humidity":47.44,"pressure":1009.31,"temperature":24.4},"name":"mqtt_consumer","tags":{"topic":"arsip/sensor_bme280"},"timestamp":"2026-08-06 03:36:13"}
{"fields":{"humidity":47.44,"pressure":1009.31,"temperature":24.4},"name":"mqtt_consumer","tags":{"topic":"arsip/sensor_bme280"},"timestamp":"2026-08-06 03:36:16"}
{"fields":{"humidity":47.44,"pressure":1009.31,"temperature":24.4},"name":"mqtt_consumer","tags":{"topic":"arsip/sensor_bme280"},"timestamp":"2026-08-06 03:36:17"}
{"fields":{"humidity":47.44,"pressure":1009.31,"temperature":24.4},"name":"mqtt_consumer","tags":{"topic":"arsip/sensor_bme280"},"timestamp":"2026-08-06 03:36:20"}
{"fields":{"humidity":47.47,"pressure":1009.37,"temperature":24.4},"name":"mqtt_consumer","tags":{"topic":"arsip/sensor_bme280"},"timestamp":"2026-08-06 03:36:21"}
{"fields":{"humidity":47.47,"pressure":1009.37,"temperature":24.4},"name":"mqtt_consumer","tags":{"topic":"arsip/sensor_bme280"},"timestamp":"2026-08-06 03:36:24"}
{"fields":{"humidity":47.47,"pressure":1009.37,"temperature":24.4},"name":"mqtt_consumer","tags":{"topic":"arsip/sensor_bme280"},"timestamp":"2026-08-06 03:36:25"}
{"fields":{"humidity":47.47,"pressure":1009.37,"temperature":24.4},"name":"mqtt_consumer","tags":{"topic":"arsip/sensor_bme280"},"timestamp":"2026-08-06 03:36:28"}
{"fields":{"humidity":47.47,"pressure":1009.37,"temperature":24.4},"name":"mqtt_consumer","tags":{"topic":"arsip/sensor_bme280"},"timestamp":"2026-08-06 03:36:29"}
{"fields":{"humidity":47.47,"pressure":1009.37,"temperature":24.4},"name":"mqtt_consumer","tags":{"topic":"arsip/sensor_bme280"},"timestamp":"2026-08-06 03:36:32"}
{"fields":{"humidity":47.47,"pressure":1009.37,"temperature":24.4},"name":"mqtt_consumer","tags":{"topic":"arsip/sensor_bme280"},"timestamp":"2026-08-06 03:36:33"}
{"fields":{"humidity":44.04,"temperature":25.47},"name":"mqtt_consumer","tags":{"topic":"arsip/sensor_dht11"},"timestamp":"2026-08-06 03:36:36"}
{"fields":{"humidity":47.47,"pressure":1009.37,"temperature":24.4},"name":"mqtt_consumer","tags":{"topic":"arsip/sensor_bme280"},"timestamp":"2026-08-06 03:36:37"}
{"fields":{"humidity":47.47,"pressure":1009.37,"temperature":24.4},"name":"mqtt_consumer","tags":{"topic":"arsip/sensor_bme280"},"timestamp":"2026-08-06 03:36:38"}
{"fields":{"humidity":47.47,"pressure":1009.37,"temperature":24.4},"name":"mqtt_consumer","tags":{"topic":"arsip/sensor_bme280"},"timestamp":"2026-08-06 03:36:40"}
{"fields":{"humidity":47.47,"pressure":1009.37,"temperature":24.4},"name":"mqtt_consumer","tags":{"topic":"arsip/sensor_bme280"},"timestamp":"2026-08-06 03:36:41"}
{"fields":{"humidity":47.47,"pressure":1009.37,"temperature":24.4},"name":"mqtt_consumer","tags":{"topic":"arsip/sensor_bme280"},"timestamp":"2026-08-06 03:36:44"}
{"fields":{"humidity":47.47,"pressure":1009.37,"temperature":24.4},"name":"mqtt_consumer","tags":{"topic":"arsip/sensor_bme280"},"timestamp":"2026-08-06 03:36:45"}
{"fields":{"humidity":47.47,"pressure":1009.37,"temperature":24.4},"name":"mqtt_consumer","tags":{"topic":"arsip/sensor_bme280"},"timestamp":"2026-08-06 03:36:48"}
{"fields":{"humidity":47.47,"pressure":1009.37,"temperature":24.4},"name":"mqtt_consumer","tags":{"topic":"arsip/sensor_bme280"},"timestamp":"2026-08-06 03:36:49"}
{"fields":{"humidity":46.95,"pressure":1009.29,"temperature":24.39},"name":"mqtt_consumer","tags":{"topic":"arsip/sensor_bme280"},"timestamp":"2026-08-06 03:36:52"}
{"fields":{"humidity":46.95,"pressure":1009.29,"temperature":24.39},"name":"mqtt_consumer","tags":{"topic":"arsip/sensor_bme280"},"timestamp":"2026-08-06 03:36:53"}
{"fields":{"humidity":46.95,"pressure":1009.29,"temperature":24.39},"name":"mqtt_consumer","tags":{"topic":"arsip/sensor_bme280"},"timestamp":"2026-08-06 03:36:56"}
{"fields":{"humidity":46.95,"pressure":1009.29,"temperature":24.39},"name":"mqtt_consumer","tags":{"topic":"arsip/sensor_bme280"},"timestamp":"2026-08-06 03:36:57"}
{"fields":{"humidity":46.95,"pressure":1009.29,"temperature":24.39},"name":"mqtt_consumer","tags":{"topic":"arsip/sensor_bme280"},"timestamp":"2026-08-06 03:37:00"}
{"fields":{"humidity":46.95,"pressure":1009.29,"temperature":24.39},"name":"mqtt_consumer","tags":{"topic":"arsip/sensor_bme280"},"timestamp":"2026-08-06 03:37:01"}
{"fields":{"humidity":46.95,"pressure":1009.29,"temperature":24.39},"name":"mqtt_consumer","tags":{"topic":"arsip/sensor_bme280"},"timestamp":"2026-08-06 03:37:04"}
{"fields":{"humidity":46.95,"pressure":1009.29,"temperature":24.39},"name":"mqtt_consumer","tags":{"topic":"arsip/sensor_bme280"},"timestamp":"2026-08-06 03:37:05"}
{"fields":{"humidity":43.88,"temperature":25.47},"name":"mqtt_consumer","tags":{"topic":"arsip/sensor_dht11"},"timestamp":"2026-08-06 03:37:06"}
{"fields":{"humidity":46.95,"pressure":1009.29,"temperature":24.39},"name":"mqtt_consumer","tags":{"topic":"arsip/sensor_bme280"},"timestamp":"2026-08-06 03:37:08"}
{"fields":{"humidity":46.95,"pressure":1009.29,"temperature":24.39},"name":"mqtt_consumer","tags":{"topic":"arsip/sensor_bme280"},"timestamp":"2026-08-06 03:37:09"}
{"fields":{"humidity":46.95,"pressure":1009.29,"temperature":24.39},"name":"mqtt_consumer","tags":{"topic":"arsip/sensor_bme280"},"timestamp":"2026-08-06 03:37:12"}
{"fields":{"humidity":46.95,"pressure":1009.29,"temperature":24.39},"name":"mqtt_consumer","tags":{"topic":"arsip/sensor_bme280"},"timestamp":"2026-08-06 03:37:13"}
{"fields":{"humidity":46.95,"pressure":1009.29,"temperature":24.39},"name":"mqtt_consumer","tags":{"topic":"arsip/sensor_bme280"},"timestamp":"2026-08-06 03:37:16"}
{"fields":{"humidity":46.95,"pressure":1009.29,"temperature":24.39},"name":"mqtt_consumer","tags":{"topic":"arsip/sensor_bme280"},"timestamp":"2026-08-06 03:37:17"}
{"fields":{"humidity":46.95,"pressure":1009.29,"temperature":24.39},"name":"mqtt_consumer","tags":{"topic":"arsip/sensor_bme280"},"timestamp":"2026-08-06 03:37:20"}
{"fields":{"humidity":46.75,"pressure":1009.31,"temperature":24.32},"name":"mqtt_consumer","tags":{"topic":"arsip/sensor_bme280"},"timestamp":"2026-08-06 03:37:21"}
{"fields":{"humidity":46.75,"pressure":1009.31,"temperature":24.32},"name":"mqtt_consumer","tags":{"topic":"arsip/sensor_bme280"},"timestamp":"2026-08-06 03:37:24"}
{"fields":{"humidity":46.75,"pressure":1009.31,"temperature":24.32},"name":"mqtt_consumer","tags":{"topic":"arsip/sensor_bme280"},"timestamp":"2026-08-06 03:37:25"}
{"fields":{"humidity":46.75,"pressure":1009.31,"temperature":24.32},"name":"mqtt_consumer","tags":{"topic":"arsip/sensor_bme280"},"timestamp":"2026-08-06 03:37:28"}
{"fields":{"humidity":46.75,"pressure":1009.31,"temperature":24.32},"name":"mqtt_consumer","tags":{"topic":"arsip/sensor_bme280"},"timestamp":"2026-08-06 03:37:29"}
{"fields":{"humidity":46.75,"pressure":1009.31,"temperature":24.32},"name":"mqtt_consumer","tags":{"topic":"arsip/sensor_bme280"},"timestamp":"2026-08-06 03:37:32"}
{"fields":{"humidity":46.75,"pressure":1009.31,"temperature":24.32},"name":"mqtt_consumer","tags":{"topic":"arsip/sensor_bme280"},"timestamp":"2026-08-06 03:37:33"}
{"fields":{"humidity":46.75,"pressure":1009.31,"temperature":24.32},"name":"mqtt_consumer","tags":{"topic":"arsip/sensor_bme280"},"timestamp":"2026-08-06 03:37:36"}
{"fields":{"humidity":43.8,"temperature":25.47},"name":"mqtt_consumer","tags":{"topic":"arsip/sensor_dht11"},"timestamp":"2026-08-06 03:37:36"}
{"fields":{"humidity":46.75,"pressure":1009.31,"temperature":24.32},"name":"mqtt_consumer","tags":{"topic":"arsip/sensor_bme280"},"timestamp":"2026-08-06 03:37:37"}
{"fields":{"humidity":46.75,"pressure":1009.31,"temperature":24.32},"name":"mqtt_consumer","tags":{"topic":"arsip/sensor_bme280"},"timestamp":"2026-08-06 03:37:40"}
{"fields":{"hum_offset":-2,"temp_offset":0},"name":"mqtt_consumer","tags":{"topic":"arsip/sensor_dht11/config"},"timestamp":"2026-08-06 03:37:55"}
{"fields":{"hum_offset":0,"temp_offset":0},"name":"mqtt_consumer","tags":{"topic":"arsip/sensor_bme280/config"},"timestamp":"2026-08-06 03:37:56"}
{"fields":{"humidity":47.02,"pressure":1009.36,"temperature":24.28},"name":"mqtt_consumer","tags":{"topic":"arsip/sensor_bme280"},"timestamp":"2026-08-06 03:37:58"}
{"fields":{"humidity":47.02,"pressure":1009.36,"temperature":24.28},"name":"mqtt_consumer","tags":{"topic":"arsip/sensor_bme280"},"timestamp":"2026-08-06 03:37:59"}
{"fields":{"humidity":47.02,"pressure":1009.36,"temperature":24.28},"name":"mqtt_consumer","tags":{"topic":"arsip/sensor_bme280"},"timestamp":"2026-08-06 03:38:02"}
{"fields":{"humidity":47.02,"pressure":1009.36,"temperature":24.28},"name":"mqtt_consumer","tags":{"topic":"arsip/sensor_bme280"},"timestamp":"2026-08-06 03:38:03"}
{"fields":{"humidity":43.63,"temperature":25.47},"name":"mqtt_consumer","tags":{"topic":"arsip/sensor_dht11"},"timestamp":"2026-08-06 03:38:06"}
{"fields":{"humidity":47.02,"pressure":1009.36,"temperature":24.28},"name":"mqtt_consumer","tags":{"topic":"arsip/sensor_bme280"},"timestamp":"2026-08-06 03:38:06"}
{"fields":{"humidity":47.02,"pressure":1009.36,"temperature":24.28},"name":"mqtt_consumer","tags":{"topic":"arsip/sensor_bme280"},"timestamp":"2026-08-06 03:38:07"}
{"fields":{"humidity":47.02,"pressure":1009.36,"temperature":24.28},"name":"mqtt_consumer","tags":{"topic":"arsip/sensor_bme280"},"timestamp":"2026-08-06 03:38:10"}
{"fields":{"humidity":47.02,"pressure":1009.36,"temperature":24.28},"name":"mqtt_consumer","tags":{"topic":"arsip/sensor_bme280"},"timestamp":"2026-08-06 03:38:11"}
{"fields":{"humidity":47.02,"pressure":1009.36,"temperature":24.28},"name":"mqtt_consumer","tags":{"topic":"arsip/sensor_bme280"},"timestamp":"2026-08-06 03:38:14"}
{"fields":{"humidity":47.02,"pressure":1009.36,"temperature":24.28},"name":"mqtt_consumer","tags":{"topic":"arsip/sensor_bme280"},"timestamp":"2026-08-06 03:38:15"}
{"fields":{"humidity":47.02,"pressure":1009.36,"temperature":24.28},"name":"mqtt_consumer","tags":{"topic":"arsip/sensor_bme280"},"timestamp":"2026-08-06 03:38:18"}
{"fields":{"humidity":47.02,"pressure":1009.36,"temperature":24.28},"name":"mqtt_consumer","tags":{"topic":"arsip/sensor_bme280"},"timestamp":"2026-08-06 03:38:19"}
{"fields":{"humidity":47.02,"pressure":1009.36,"temperature":24.28},"name":"mqtt_consumer","tags":{"topic":"arsip/sensor_bme280"},"timestamp":"2026-08-06 03:38:22"}
{"fields":{"humidity":47.02,"pressure":1009.36,"temperature":24.28},"name":"mqtt_consumer","tags":{"topic":"arsip/sensor_bme280"},"timestamp":"2026-08-06 03:38:23"}
{"fields":{"humidity":46.84,"pressure":1009.37,"temperature":24.25},"name":"mqtt_consumer","tags":{"topic":"arsip/sensor_bme280"},"timestamp":"2026-08-06 03:38:26"}
{"fields":{"humidity":46.84,"pressure":1009.37,"temperature":24.25},"name":"mqtt_consumer","tags":{"topic":"arsip/sensor_bme280"},"timestamp":"2026-08-06 03:38:27"}
{"fields":{"humidity":46.84,"pressure":1009.37,"temperature":24.25},"name":"mqtt_consumer","tags":{"topic":"arsip/sensor_bme280"},"timestamp":"2026-08-06 03:38:30"}
{"fields":{"humidity":46.84,"pressure":1009.37,"temperature":24.25},"name":"mqtt_consumer","tags":{"topic":"arsip/sensor_bme280"},"timestamp":"2026-08-06 03:38:31"}
{"fields":{"humidity":46.84,"pressure":1009.37,"temperature":24.25},"name":"mqtt_consumer","tags":{"topic":"arsip/sensor_bme280"},"timestamp":"2026-08-06 03:38:34"}
{"fields":{"humidity":46.84,"pressure":1009.37,"temperature":24.25},"name":"mqtt_consumer","tags":{"topic":"arsip/sensor_bme280"},"timestamp":"2026-08-06 03:38:35"}
{"fields":{"humidity":43.63,"temperature":25.36},"name":"mqtt_consumer","tags":{"topic":"arsip/sensor_dht11"},"timestamp":"2026-08-06 03:38:36"}
{"fields":{"humidity":46.84,"pressure":1009.37,"temperature":24.25},"name":"mqtt_consumer","tags":{"topic":"arsip/sensor_bme280"},"timestamp":"2026-08-06 03:38:38"}
{"fields":{"humidity":46.84,"pressure":1009.37,"temperature":24.25},"name":"mqtt_consumer","tags":{"topic":"arsip/sensor_bme280"},"timestamp":"2026-08-06 03:38:39"}
{"fields":{"humidity":46.84,"pressure":1009.37,"temperature":24.25},"name":"mqtt_consumer","tags":{"topic":"arsip/sensor_bme280"},"timestamp":"2026-08-06 03:38:42"}
{"fields":{"humidity":46.84,"pressure":1009.37,"temperature":24.25},"name":"mqtt_consumer","tags":{"topic":"arsip/sensor_bme280"},"timestamp":"2026-08-06 03:38:43"}
{"fields":{"hum_offset":-2,"temp_offset":0},"name":"mqtt_consumer","tags":{"topic":"arsip/sensor_dht11/config"},"timestamp":"2026-08-06 03:39:02"}
{"fields":{"hum_offset":0,"temp_offset":0},"name":"mqtt_consumer","tags":{"topic":"arsip/sensor_bme280/config"},"timestamp":"2026-08-06 03:39:02"}
{"fields":{"humidity":46.82,"pressure":1009.29,"temperature":24.25},"name":"mqtt_consumer","tags":{"topic":"arsip/sensor_bme280"},"timestamp":"2026-08-06 03:39:04"}
{"fields":{"humidity":46.82,"pressure":1009.29,"temperature":24.25},"name":"mqtt_consumer","tags":{"topic":"arsip/sensor_bme280"},"timestamp":"2026-08-06 03:39:05"}
{"fields":{"humidity":43.47,"temperature":25.25},"name":"mqtt_consumer","tags":{"topic":"arsip/sensor_dht11"},"timestamp":"2026-08-06 03:39:06"}
{"fields":{"humidity":46.82,"pressure":1009.29,"temperature":24.25},"name":"mqtt_consumer","tags":{"topic":"arsip/sensor_bme280"},"timestamp":"2026-08-06 03:39:08"}
{"fields":{"humidity":46.82,"pressure":1009.29,"temperature":24.25},"name":"mqtt_consumer","tags":{"topic":"arsip/sensor_bme280"},"timestamp":"2026-08-06 03:39:09"}
{"fields":{"humidity":46.82,"pressure":1009.29,"temperature":24.25},"name":"mqtt_consumer","tags":{"topic":"arsip/sensor_bme280"},"timestamp":"2026-08-06 03:39:12"}
{"fields":{"humidity":46.82,"pressure":1009.29,"temperature":24.25},"name":"mqtt_consumer","tags":{"topic":"arsip/sensor_bme280"},"timestamp":"2026-08-06 03:39:13"}
{"fields":{"humidity":46.82,"pressure":1009.29,"temperature":24.25},"name":"mqtt_consumer","tags":{"topic":"arsip/sensor_bme280"},"timestamp":"2026-08-06 03:39:16"}
{"fields":{"humidity":46.82,"pressure":1009.29,"temperature":24.25},"name":"mqtt_consumer","tags":{"topic":"arsip/sensor_bme280"},"timestamp":"2026-08-06 03:39:17"}
{"fields":{"humidity":46.82,"pressure":1009.29,"temperature":24.25},"name":"mqtt_consumer","tags":{"topic":"arsip/sensor_bme280"},"timestamp":"2026-08-06 03:39:20"}
{"fields":{"humidity":46.82,"pressure":1009.29,"temperature":24.25},"name":"mqtt_consumer","tags":{"topic":"arsip/sensor_bme280"},"timestamp":"2026-08-06 03:39:21"}
{"fields":{"humidity":46.82,"pressure":1009.29,"temperature":24.25},"name":"mqtt_consumer","tags":{"topic":"arsip/sensor_bme280"},"timestamp":"2026-08-06 03:39:24"}
{"fields":{"humidity":46.82,"pressure":1009.29,"temperature":24.25},"name":"mqtt_consumer","tags":{"topic":"arsip/sensor_bme280"},"timestamp":"2026-08-06 03:39:25"}
{"fields":{"humidity":46.82,"pressure":1009.29,"temperature":24.25},"name":"mqtt_consumer","tags":{"topic":"arsip/sensor_bme280"},"timestamp":"2026-08-06 03:39:28"}
{"fields":{"humidity":46.82,"pressure":1009.29,"temperature":24.25},"name":"mqtt_consumer","tags":{"topic":"arsip/sensor_bme280"},"timestamp":"2026-08-06 03:39:29"}
{"fields":{"humidity":46.82,"pressure":1009.31,"temperature":24.16},"name":"mqtt_consumer","tags":{"topic":"arsip/sensor_bme280"},"timestamp":"2026-08-06 03:39:32"}
{"fields":{"humidity":46.82,"pressure":1009.31,"temperature":24.16},"name":"mqtt_consumer","tags":{"topic":"arsip/sensor_bme280"},"timestamp":"2026-08-06 03:39:33"}
{"fields":{"humidity":46.82,"pressure":1009.31,"temperature":24.16},"name":"mqtt_consumer","tags":{"topic":"arsip/sensor_bme280"},"timestamp":"2026-08-06 03:39:36"}
{"fields":{"humidity":43.39,"temperature":25.25},"name":"mqtt_consumer","tags":{"topic":"arsip/sensor_dht11"},"timestamp":"2026-08-06 03:39:36"}
{"fields":{"humidity":46.82,"pressure":1009.31,"temperature":24.16},"name":"mqtt_consumer","tags":{"topic":"arsip/sensor_bme280"},"timestamp":"2026-08-06 03:39:37"}
{"fields":{"humidity":46.82,"pressure":1009.31,"temperature":24.16},"name":"mqtt_consumer","tags":{"topic":"arsip/sensor_bme280"},"timestamp":"2026-08-06 03:39:40"}
{"fields":{"humidity":46.82,"pressure":1009.31,"temperature":24.16},"name":"mqtt_consumer","tags":{"topic":"arsip/sensor_bme280"},"timestamp":"2026-08-06 03:39:41"}
{"fields":{"humidity":46.82,"pressure":1009.31,"temperature":24.16},"name":"mqtt_consumer","tags":{"topic":"arsip/sensor_bme280"},"timestamp":"2026-08-06 03:39:44"}
{"fields":{"humidity":46.82,"pressure":1009.31,"temperature":24.16},"name":"mqtt_consumer","tags":{"topic":"arsip/sensor_bme280"},"timestamp":"2026-08-06 03:39:45"}
{"fields":{"humidity":46.82,"pressure":1009.31,"temperature":24.16},"name":"mqtt_consumer","tags":{"topic":"arsip/sensor_bme280"},"timestamp":"2026-08-06 03:39:48"}
{"fields":{"humidity":46.82,"pressure":1009.31,"temperature":24.16},"name":"mqtt_consumer","tags":{"topic":"arsip/sensor_bme280"},"timestamp":"2026-08-06 03:39:49"}
{"fields":{"humidity":46.82,"pressure":1009.31,"temperature":24.16},"name":"mqtt_consumer","tags":{"topic":"arsip/sensor_bme280"},"timestamp":"2026-08-06 03:39:52"}
{"fields":{"humidity":46.82,"pressure":1009.31,"temperature":24.16},"name":"mqtt_consumer","tags":{"topic":"arsip/sensor_bme280"},"timestamp":"2026-08-06 03:39:53"}
{"fields":{"hum_offset":-2,"temp_offset":0},"name":"mqtt_consumer","tags":{"topic":"arsip/sensor_dht11/config"},"timestamp":"2026-08-06 03:40:10"}
{"fields":{"hum_offset":0,"temp_offset":0},"name":"mqtt_consumer","tags":{"topic":"arsip/sensor_bme280/config"},"timestamp":"2026-08-06 03:40:10"}
{"fields":{"humidity":47.35,"pressure":1009.29,"temperature":24.15},"name":"mqtt_consumer","tags":{"topic":"arsip/sensor_bme280"},"timestamp":"2026-08-06 03:40:13"}
{"fields":{"humidity":47.35,"pressure":1009.29,"temperature":24.15},"name":"mqtt_consumer","tags":{"topic":"arsip/sensor_bme280"},"timestamp":"2026-08-06 03:40:14"}
{"fields":{"humidity":47.35,"pressure":1009.29,"temperature":24.15},"name":"mqtt_consumer","tags":{"topic":"arsip/sensor_bme280"},"timestamp":"2026-08-06 03:40:17"}
{"fields":{"humidity":47.35,"pressure":1009.29,"temperature":24.15},"name":"mqtt_consumer","tags":{"topic":"arsip/sensor_bme280"},"timestamp":"2026-08-06 03:40:18"}
{"fields":{"humidity":47.35,"pressure":1009.29,"temperature":24.15},"name":"mqtt_consumer","tags":{"topic":"arsip/sensor_bme280"},"timestamp":"2026-08-06 03:40:21"}
{"fields":{"humidity":47.35,"pressure":1009.29,"temperature":24.15},"name":"mqtt_consumer","tags":{"topic":"arsip/sensor_bme280"},"timestamp":"2026-08-06 03:40:22"}
{"fields":{"humidity":47.35,"pressure":1009.29,"temperature":24.15},"name":"mqtt_consumer","tags":{"topic":"arsip/sensor_bme280"},"timestamp":"2026-08-06 03:40:25"}
{"fields":{"humidity":47.35,"pressure":1009.29,"temperature":24.15},"name":"mqtt_consumer","tags":{"topic":"arsip/sensor_bme280"},"timestamp":"2026-08-06 03:40:26"}
{"fields":{"humidity":47.35,"pressure":1009.29,"temperature":24.15},"name":"mqtt_consumer","tags":{"topic":"arsip/sensor_bme280"},"timestamp":"2026-08-06 03:40:29"}
{"fields":{"humidity":47.35,"pressure":1009.29,"temperature":24.15},"name":"mqtt_consumer","tags":{"topic":"arsip/sensor_bme280"},"timestamp":"2026-08-06 03:40:30"}
{"fields":{"humidity":47.35,"pressure":1009.29,"temperature":24.15},"name":"mqtt_consumer","tags":{"topic":"arsip/sensor_bme280"},"timestamp":"2026-08-06 03:40:33"}
{"fields":{"humidity":47.35,"pressure":1009.29,"temperature":24.15},"name":"mqtt_consumer","tags":{"topic":"arsip/sensor_bme280"},"timestamp":"2026-08-06 03:40:34"}
{"fields":{"humidity":47.35,"pressure":1009.29,"temperature":24.15},"name":"mqtt_consumer","tags":{"topic":"arsip/sensor_bme280"},"timestamp":"2026-08-06 03:40:37"}
{"fields":{"humidity":47.35,"pressure":1009.29,"temperature":24.15},"name":"mqtt_consumer","tags":{"topic":"arsip/sensor_bme280"},"timestamp":"2026-08-06 03:40:38"}
{"fields":{"humidity":44.2,"temperature":25.15},"name":"mqtt_consumer","tags":{"topic":"arsip/sensor_dht11"},"timestamp":"2026-08-06 03:40:40"}
{"fields":{"humidity":47.87,"pressure":1009.3,"temperature":24.18},"name":"mqtt_consumer","tags":{"topic":"arsip/sensor_bme280"},"timestamp":"2026-08-06 03:40:41"}
{"fields":{"humidity":47.87,"pressure":1009.3,"temperature":24.18},"name":"mqtt_consumer","tags":{"topic":"arsip/sensor_bme280"},"timestamp":"2026-08-06 03:40:42"}
{"fields":{"humidity":47.87,"pressure":1009.3,"temperature":24.18},"name":"mqtt_consumer","tags":{"topic":"arsip/sensor_bme280"},"timestamp":"2026-08-06 03:40:45"}
{"fields":{"humidity":47.87,"pressure":1009.3,"temperature":24.18},"name":"mqtt_consumer","tags":{"topic":"arsip/sensor_bme280"},"timestamp":"2026-08-06 03:40:46"}
{"fields":{"humidity":47.87,"pressure":1009.3,"temperature":24.18},"name":"mqtt_consumer","tags":{"topic":"arsip/sensor_bme280"},"timestamp":"2026-08-06 03:40:49"}
{"fields":{"humidity":47.87,"pressure":1009.3,"temperature":24.18},"name":"mqtt_consumer","tags":{"topic":"arsip/sensor_bme280"},"timestamp":"2026-08-06 03:40:50"}
{"fields":{"humidity":47.87,"pressure":1009.3,"temperature":24.18},"name":"mqtt_consumer","tags":{"topic":"arsip/sensor_bme280"},"timestamp":"2026-08-06 03:40:53"}
{"fields":{"humidity":47.87,"pressure":1009.3,"temperature":24.18},"name":"mqtt_consumer","tags":{"topic":"arsip/sensor_bme280"},"timestamp":"2026-08-06 03:40:54"}
{"fields":{"humidity":47.87,"pressure":1009.3,"temperature":24.18},"name":"mqtt_consumer","tags":{"topic":"arsip/sensor_bme280"},"timestamp":"2026-08-06 03:40:58"}
{"fields":{"humidity":47.87,"pressure":1009.3,"temperature":24.18},"name":"mqtt_consumer","tags":{"topic":"arsip/sensor_bme280"},"timestamp":"2026-08-06 03:40:59"}
{"fields":{"hum_offset":-2,"temp_offset":0},"name":"mqtt_consumer","tags":{"topic":"arsip/sensor_dht11/config"},"timestamp":"2026-08-06 03:41:16"}
{"fields":{"hum_offset":0,"temp_offset":0},"name":"mqtt_consumer","tags":{"topic":"arsip/sensor_bme280/config"},"timestamp":"2026-08-06 03:41:16"}
{"fields":{"humidity":47.3,"pressure":1009.3,"temperature":24.21},"name":"mqtt_consumer","tags":{"topic":"arsip/sensor_bme280"},"timestamp":"2026-08-06 03:41:19"}
{"fields":{"humidity":47.3,"pressure":1009.3,"temperature":24.21},"name":"mqtt_consumer","tags":{"topic":"arsip/sensor_bme280"},"timestamp":"2026-08-06 03:41:20"}
{"fields":{"humidity":47.3,"pressure":1009.3,"temperature":24.21},"name":"mqtt_consumer","tags":{"topic":"arsip/sensor_bme280"},"timestamp":"2026-08-06 03:41:23"}
{"fields":{"humidity":47.3,"pressure":1009.3,"temperature":24.21},"name":"mqtt_consumer","tags":{"topic":"arsip/sensor_bme280"},"timestamp":"2026-08-06 03:41:24"}
{"fields":{"humidity":47.3,"pressure":1009.3,"temperature":24.21},"name":"mqtt_consumer","tags":{"topic":"arsip/sensor_bme280"},"timestamp":"2026-08-06 03:41:27"}
{"fields":{"humidity":47.3,"pressure":1009.3,"temperature":24.21},"name":"mqtt_consumer","tags":{"topic":"arsip/sensor_bme280"},"timestamp":"2026-08-06 03:41:28"}
{"fields":{"humidity":47.3,"pressure":1009.3,"temperature":24.21},"name":"mqtt_consumer","tags":{"topic":"arsip/sensor_bme280"},"timestamp":"2026-08-06 03:41:31"}
{"fields":{"humidity":47.3,"pressure":1009.3,"temperature":24.21},"name":"mqtt_consumer","tags":{"topic":"arsip/sensor_bme280"},"timestamp":"2026-08-06 03:41:32"}
{"fields":{"humidity":47.3,"pressure":1009.3,"temperature":24.21},"name":"mqtt_consumer","tags":{"topic":"arsip/sensor_bme280"},"timestamp":"2026-08-06 03:41:35"}
{"fields":{"humidity":47.3,"pressure":1009.3,"temperature":24.21},"name":"mqtt_consumer","tags":{"topic":"arsip/sensor_bme280"},"timestamp":"2026-08-06 03:41:36"}
{"fields":{"humidity":47.3,"pressure":1009.3,"temperature":24.21},"name":"mqtt_consumer","tags":{"topic":"arsip/sensor_bme280"},"timestamp":"2026-08-06 03:41:39"}
{"fields":{"humidity":47.3,"pressure":1009.3,"temperature":24.21},"name":"mqtt_consumer","tags":{"topic":"arsip/sensor_bme280"},"timestamp":"2026-08-06 03:41:40"}
{"fields":{"humidity":47.3,"pressure":1009.3,"temperature":24.21},"name":"mqtt_consumer","tags":{"topic":"arsip/sensor_bme280"},"timestamp":"2026-08-06 03:41:43"}
{"fields":{"humidity":47.3,"pressure":1009.3,"temperature":24.21},"name":"mqtt_consumer","tags":{"topic":"arsip/sensor_bme280"},"timestamp":"2026-08-06 03:41:44"}
{"fields":{"humidity":44.53,"temperature":25.25},"name":"mqtt_consumer","tags":{"topic":"arsip/sensor_dht11"},"timestamp":"2026-08-06 03:41:46"}
{"fields":{"humidity":47.87,"pressure":1009.27,"temperature":24.24},"name":"mqtt_consumer","tags":{"topic":"arsip/sensor_bme280"},"timestamp":"2026-08-06 03:41:47"}
{"fields":{"humidity":47.87,"pressure":1009.27,"temperature":24.24},"name":"mqtt_consumer","tags":{"topic":"arsip/sensor_bme280"},"timestamp":"2026-08-06 03:41:48"}
{"fields":{"humidity":47.87,"pressure":1009.27,"temperature":24.24},"name":"mqtt_consumer","tags":{"topic":"arsip/sensor_bme280"},"timestamp":"2026-08-06 03:41:51"}
{"fields":{"humidity":47.87,"pressure":1009.27,"temperature":24.24},"name":"mqtt_consumer","tags":{"topic":"arsip/sensor_bme280"},"timestamp":"2026-08-06 03:41:52"}
{"fields":{"hum_offset":0,"temp_offset":0},"name":"mqtt_consumer","tags":{"topic":"arsip/sensor_bme280/config"},"timestamp":"2026-08-06 03:41:56"}
{"fields":{"humidity":47.87,"pressure":1009.27,"temperature":24.24},"name":"mqtt_consumer","tags":{"topic":"arsip/sensor_bme280"},"timestamp":"2026-08-06 03:41:56"}
{"fields":{"hum_offset":-2,"temp_offset":0},"name":"mqtt_consumer","tags":{"topic":"arsip/sensor_dht11/config"},"timestamp":"2026-08-06 03:41:56"}
{"fields":{"humidity":47.87,"pressure":1009.27,"temperature":24.24},"name":"mqtt_consumer","tags":{"topic":"arsip/sensor_bme280"},"timestamp":"2026-08-06 03:41:59"}
{"fields":{"humidity":47.87,"pressure":1009.27,"temperature":24.24},"name":"mqtt_consumer","tags":{"topic":"arsip/sensor_bme280"},"timestamp":"2026-08-06 03:42:00"}
{"fields":{"humidity":47.87,"pressure":1009.27,"temperature":24.24},"name":"mqtt_consumer","tags":{"topic":"arsip/sensor_bme280"},"timestamp":"2026-08-06 03:42:03"}
{"fields":{"humidity":47.87,"pressure":1009.27,"temperature":24.24},"name":"mqtt_consumer","tags":{"topic":"arsip/sensor_bme280"},"timestamp":"2026-08-06 03:42:04"}
{"fields":{"humidity":47.87,"pressure":1009.27,"temperature":24.24},"name":"mqtt_consumer","tags":{"topic":"arsip/sensor_bme280"},"timestamp":"2026-08-06 03:42:07"}
{"fields":{"humidity":47.87,"pressure":1009.27,"temperature":24.24},"name":"mqtt_consumer","tags":{"topic":"arsip/sensor_bme280"},"timestamp":"2026-08-06 03:42:08"}
{"fields":{"humidity":47.87,"pressure":1009.27,"temperature":24.24},"name":"mqtt_consumer","tags":{"topic":"arsip/sensor_bme280"},"timestamp":"2026-08-06 03:42:11"}
{"fields":{"humidity":47.87,"pressure":1009.27,"temperature":24.24},"name":"mqtt_consumer","tags":{"topic":"arsip/sensor_bme280"},"timestamp":"2026-08-06 03:42:12"}
{"fields":{"humidity":47.87,"pressure":1009.27,"temperature":24.24},"name":"mqtt_consumer","tags":{"topic":"arsip/sensor_bme280"},"timestamp":"2026-08-06 03:42:15"}
{"fields":{"humidity":44.53,"temperature":25.25},"name":"mqtt_consumer","tags":{"topic":"arsip/sensor_dht11"},"timestamp":"2026-08-06 03:42:16"}
{"fields":{"humidity":47.26,"pressure":1009.27,"temperature":24.19},"name":"mqtt_consumer","tags":{"topic":"arsip/sensor_bme280"},"timestamp":"2026-08-06 03:42:16"}
{"fields":{"humidity":47.26,"pressure":1009.27,"temperature":24.19},"name":"mqtt_consumer","tags":{"topic":"arsip/sensor_bme280"},"timestamp":"2026-08-06 03:42:19"}
{"fields":{"humidity":47.26,"pressure":1009.27,"temperature":24.19},"name":"mqtt_consumer","tags":{"topic":"arsip/sensor_bme280"},"timestamp":"2026-08-06 03:42:20"}
{"fields":{"humidity":47.26,"pressure":1009.27,"temperature":24.19},"name":"mqtt_consumer","tags":{"topic":"arsip/sensor_bme280"},"timestamp":"2026-08-06 03:42:23"}
{"fields":{"humidity":47.26,"pressure":1009.27,"temperature":24.19},"name":"mqtt_consumer","tags":{"topic":"arsip/sensor_bme280"},"timestamp":"2026-08-06 03:42:24"}
{"fields":{"humidity":47.26,"pressure":1009.27,"temperature":24.19},"name":"mqtt_consumer","tags":{"topic":"arsip/sensor_bme280"},"timestamp":"2026-08-06 03:42:27"}
{"fields":{"humidity":47.26,"pressure":1009.27,"temperature":24.19},"name":"mqtt_consumer","tags":{"topic":"arsip/sensor_bme280"},"timestamp":"2026-08-06 03:42:28"}
{"fields":{"humidity":47.26,"pressure":1009.27,"temperature":24.19},"name":"mqtt_consumer","tags":{"topic":"arsip/sensor_bme280"},"timestamp":"2026-08-06 03:42:31"}
{"fields":{"humidity":47.26,"pressure":1009.27,"temperature":24.19},"name":"mqtt_consumer","tags":{"topic":"arsip/sensor_bme280"},"timestamp":"2026-08-06 03:42:32"}
{"fields":{"humidity":47.26,"pressure":1009.27,"temperature":24.19},"name":"mqtt_consumer","tags":{"topic":"arsip/sensor_bme280"},"timestamp":"2026-08-06 03:42:35"}
{"fields":{"humidity":47.26,"pressure":1009.27,"temperature":24.19},"name":"mqtt_consumer","tags":{"topic":"arsip/sensor_bme280"},"timestamp":"2026-08-06 03:42:36"}
{"fields":{"humidity":47.26,"pressure":1009.27,"temperature":24.19},"name":"mqtt_consumer","tags":{"topic":"arsip/sensor_bme280"},"timestamp":"2026-08-06 03:42:39"}
{"fields":{"humidity":47.26,"pressure":1009.27,"temperature":24.19},"name":"mqtt_consumer","tags":{"topic":"arsip/sensor_bme280"},"timestamp":"2026-08-06 03:42:40"}
{"fields":{"humidity":47.26,"pressure":1009.27,"temperature":24.19},"name":"mqtt_consumer","tags":{"topic":"arsip/sensor_bme280"},"timestamp":"2026-08-06 03:42:43"}
{"fields":{"humidity":47.26,"pressure":1009.27,"temperature":24.19},"name":"mqtt_consumer","tags":{"topic":"arsip/sensor_bme280"},"timestamp":"2026-08-06 03:42:44"}
{"fields":{"humidity":44.61,"temperature":25.25},"name":"mqtt_consumer","tags":{"topic":"arsip/sensor_dht11"},"timestamp":"2026-08-06 03:42:46"}
{"fields":{"humidity":48.38,"pressure":1009.24,"temperature":24.24},"name":"mqtt_consumer","tags":{"topic":"arsip/sensor_bme280"},"timestamp":"2026-08-06 03:42:47"}
{"fields":{"humidity":48.38,"pressure":1009.24,"temperature":24.24},"name":"mqtt_consumer","tags":{"topic":"arsip/sensor_bme280"},"timestamp":"2026-08-06 03:42:48"}
{"fields":{"humidity":48.38,"pressure":1009.24,"temperature":24.24},"name":"mqtt_consumer","tags":{"topic":"arsip/sensor_bme280"},"timestamp":"2026-08-06 03:42:51"}
{"fields":{"humidity":48.38,"pressure":1009.24,"temperature":24.24},"name":"mqtt_consumer","tags":{"topic":"arsip/sensor_bme280"},"timestamp":"2026-08-06 03:42:52"}
{"fields":{"humidity":48.38,"pressure":1009.24,"temperature":24.24},"name":"mqtt_consumer","tags":{"topic":"arsip/sensor_bme280"},"timestamp":"2026-08-06 03:42:55"}
{"fields":{"humidity":48.38,"pressure":1009.24,"temperature":24.24},"name":"mqtt_consumer","tags":{"topic":"arsip/sensor_bme280"},"timestamp":"2026-08-06 03:42:56"}
{"fields":{"humidity":48.38,"pressure":1009.24,"temperature":24.24},"name":"mqtt_consumer","tags":{"topic":"arsip/sensor_bme280"},"timestamp":"2026-08-06 03:42:59"}
{"fields":{"humidity":48.38,"pressure":1009.24,"temperature":24.24},"name":"mqtt_consumer","tags":{"topic":"arsip/sensor_bme280"},"timestamp":"2026-08-06 03:43:00"}
{"fields":{"humidity":48.38,"pressure":1009.24,"temperature":24.24},"name":"mqtt_consumer","tags":{"topic":"arsip/sensor_bme280"},"timestamp":"2026-08-06 03:43:03"}
{"fields":{"humidity":48.38,"pressure":1009.24,"temperature":24.24},"name":"mqtt_consumer","tags":{"topic":"arsip/sensor_bme280"},"timestamp":"2026-08-06 03:43:04"}
{"fields":{"humidity":48.38,"pressure":1009.24,"temperature":24.24},"name":"mqtt_consumer","tags":{"topic":"arsip/sensor_bme280"},"timestamp":"2026-08-06 03:43:07"}
{"fields":{"humidity":48.38,"pressure":1009.24,"temperature":24.24},"name":"mqtt_consumer","tags":{"topic":"arsip/sensor_bme280"},"timestamp":"2026-08-06 03:43:08"}
{"fields":{"humidity":48.38,"pressure":1009.24,"temperature":24.24},"name":"mqtt_consumer","tags":{"topic":"arsip/sensor_bme280"},"timestamp":"2026-08-06 03:43:11"}
{"fields":{"humidity":48.38,"pressure":1009.24,"temperature":24.24},"name":"mqtt_consumer","tags":{"topic":"arsip/sensor_bme280"},"timestamp":"2026-08-06 03:43:12"}
{"fields":{"hum_offset":-2,"temp_offset":0},"name":"mqtt_consumer","tags":{"topic":"arsip/sensor_dht11/config"},"timestamp":"2026-08-06 03:43:29"}
{"fields":{"hum_offset":0,"temp_offset":0},"name":"mqtt_consumer","tags":{"topic":"arsip/sensor_bme280/config"},"timestamp":"2026-08-06 03:43:29"}
{"fields":{"humidity":48.2,"pressure":1009.2,"temperature":24.26},"name":"mqtt_consumer","tags":{"topic":"arsip/sensor_bme280"},"timestamp":"2026-08-06 03:43:32"}
{"fields":{"humidity":48.2,"pressure":1009.2,"temperature":24.26},"name":"mqtt_consumer","tags":{"topic":"arsip/sensor_bme280"},"timestamp":"2026-08-06 03:43:33"}
{"fields":{"humidity":48.2,"pressure":1009.2,"temperature":24.26},"name":"mqtt_consumer","tags":{"topic":"arsip/sensor_bme280"},"timestamp":"2026-08-06 03:43:36"}
{"fields":{"humidity":48.2,"pressure":1009.2,"temperature":24.26},"name":"mqtt_consumer","tags":{"topic":"arsip/sensor_bme280"},"timestamp":"2026-08-06 03:43:37"}
{"fields":{"humidity":48.2,"pressure":1009.2,"temperature":24.26},"name":"mqtt_consumer","tags":{"topic":"arsip/sensor_bme280"},"timestamp":"2026-08-06 03:43:40"}
{"fields":{"humidity":48.2,"pressure":1009.2,"temperature":24.26},"name":"mqtt_consumer","tags":{"topic":"arsip/sensor_bme280"},"timestamp":"2026-08-06 03:43:41"}
{"fields":{"humidity":48.2,"pressure":1009.2,"temperature":24.26},"name":"mqtt_consumer","tags":{"topic":"arsip/sensor_bme280"},"timestamp":"2026-08-06 03:43:44"}
{"fields":{"humidity":48.2,"pressure":1009.2,"temperature":24.26},"name":"mqtt_consumer","tags":{"topic":"arsip/sensor_bme280"},"timestamp":"2026-08-06 03:43:45"}
{"fields":{"humidity":48.2,"pressure":1009.2,"temperature":24.26},"name":"mqtt_consumer","tags":{"topic":"arsip/sensor_bme280"},"timestamp":"2026-08-06 03:43:48"}
{"fields":{"humidity":48.2,"pressure":1009.2,"temperature":24.26},"name":"mqtt_consumer","tags":{"topic":"arsip/sensor_bme280"},"timestamp":"2026-08-06 03:43:49"}
{"fields":{"humidity":48.2,"pressure":1009.2,"temperature":24.26},"name":"mqtt_consumer","tags":{"topic":"arsip/sensor_bme280"},"timestamp":"2026-08-06 03:43:52"}
{"fields":{"humidity":48.2,"pressure":1009.2,"temperature":24.26},"name":"mqtt_consumer","tags":{"topic":"arsip/sensor_bme280"},"timestamp":"2026-08-06 03:43:53"}
{"fields":{"humidity":48.2,"pressure":1009.2,"temperature":24.26},"name":"mqtt_consumer","tags":{"topic":"arsip/sensor_bme280"},"timestamp":"2026-08-06 03:43:56"}
{"fields":{"humidity":48.2,"pressure":1009.2,"temperature":24.26},"name":"mqtt_consumer","tags":{"topic":"arsip/sensor_bme280"},"timestamp":"2026-08-06 03:43:57"}
{"fields":{"humidity":45.26,"temperature":25.25},"name":"mqtt_consumer","tags":{"topic":"arsip/sensor_dht11"},"timestamp":"2026-08-06 03:43:59"}
{"fields":{"humidity":48.02,"pressure":1009.23,"temperature":24.27},"name":"mqtt_consumer","tags":{"topic":"arsip/sensor_bme280"},"timestamp":"2026-08-06 03:44:00"}
{"fields":{"humidity":48.02,"pressure":1009.23,"temperature":24.27},"name":"mqtt_consumer","tags":{"topic":"arsip/sensor_bme280"},"timestamp":"2026-08-06 03:44:01"}
{"fields":{"humidity":48.02,"pressure":1009.23,"temperature":24.27},"name":"mqtt_consumer","tags":{"topic":"arsip/sensor_bme280"},"timestamp":"2026-08-06 03:44:04"}
{"fields":{"humidity":48.02,"pressure":1009.23,"temperature":24.27},"name":"mqtt_consumer","tags":{"topic":"arsip/sensor_bme280"},"timestamp":"2026-08-06 03:44:05"}
{"fields":{"hum_offset":-2,"temp_offset":0},"name":"mqtt_consumer","tags":{"topic":"arsip/sensor_dht11/config"},"timestamp":"2026-08-06 03:44:08"}
{"fields":{"hum_offset":0,"temp_offset":0},"name":"mqtt_consumer","tags":{"topic":"arsip/sensor_bme280/config"},"timestamp":"2026-08-06 03:44:11"}
{"fields":{"humidity":48.02,"pressure":1009.23,"temperature":24.27},"name":"mqtt_consumer","tags":{"topic":"arsip/sensor_bme280"},"timestamp":"2026-08-06 03:44:12"}
{"fields":{"humidity":48.02,"pressure":1009.23,"temperature":24.27},"name":"mqtt_consumer","tags":{"topic":"arsip/sensor_bme280"},"timestamp":"2026-08-06 03:44:13"}
{"fields":{"humidity":48.02,"pressure":1009.23,"temperature":24.27},"name":"mqtt_consumer","tags":{"topic":"arsip/sensor_bme280"},"timestamp":"2026-08-06 03:44:16"}
{"fields":{"humidity":48.02,"pressure":1009.23,"temperature":24.27},"name":"mqtt_consumer","tags":{"topic":"arsip/sensor_bme280"},"timestamp":"2026-08-06 03:44:17"}
{"fields":{"humidity":48.02,"pressure":1009.23,"temperature":24.27},"name":"mqtt_consumer","tags":{"topic":"arsip/sensor_bme280"},"timestamp":"2026-08-06 03:44:20"}
{"fields":{"humidity":48.02,"pressure":1009.23,"temperature":24.27},"name":"mqtt_consumer","tags":{"topic":"arsip/sensor_bme280"},"timestamp":"2026-08-06 03:44:21"}
{"fields":{"humidity":48.02,"pressure":1009.23,"temperature":24.27},"name":"mqtt_consumer","tags":{"topic":"arsip/sensor_bme280"},"timestamp":"2026-08-06 03:44:24"}
{"fields":{"humidity":48.02,"pressure":1009.23,"temperature":24.27},"name":"mqtt_consumer","tags":{"topic":"arsip/sensor_bme280"},"timestamp":"2026-08-06 03:44:25"}
{"fields":{"humidity":48.02,"pressure":1009.23,"temperature":24.27},"name":"mqtt_consumer","tags":{"topic":"arsip/sensor_bme280"},"timestamp":"2026-08-06 03:44:28"}
{"fields":{"humidity":45.18,"temperature":25.25},"name":"mqtt_consumer","tags":{"topic":"arsip/sensor_dht11"},"timestamp":"2026-08-06 03:44:29"}
{"fields":{"humidity":47.82,"pressure":1009.24,"temperature":24.29},"name":"mqtt_consumer","tags":{"topic":"arsip/sensor_bme280"},"timestamp":"2026-08-06 03:44:29"}
{"fields":{"humidity":47.82,"pressure":1009.24,"temperature":24.29},"name":"mqtt_consumer","tags":{"topic":"arsip/sensor_bme280"},"timestamp":"2026-08-06 03:44:32"}
{"fields":{"humidity":47.82,"pressure":1009.24,"temperature":24.29},"name":"mqtt_consumer","tags":{"topic":"arsip/sensor_bme280"},"timestamp":"2026-08-06 03:44:33"}
{"fields":{"humidity":47.82,"pressure":1009.24,"temperature":24.29},"name":"mqtt_consumer","tags":{"topic":"arsip/sensor_bme280"},"timestamp":"2026-08-06 03:44:36"}
{"fields":{"humidity":47.82,"pressure":1009.24,"temperature":24.29},"name":"mqtt_consumer","tags":{"topic":"arsip/sensor_bme280"},"timestamp":"2026-08-06 03:44:38"}
{"fields":{"humidity":47.82,"pressure":1009.24,"temperature":24.29},"name":"mqtt_consumer","tags":{"topic":"arsip/sensor_bme280"},"timestamp":"2026-08-06 03:44:40"}
{"fields":{"humidity":47.82,"pressure":1009.24,"temperature":24.29},"name":"mqtt_consumer","tags":{"topic":"arsip/sensor_bme280"},"timestamp":"2026-08-06 03:44:42"}
{"fields":{"humidity":47.82,"pressure":1009.24,"temperature":24.29},"name":"mqtt_consumer","tags":{"topic":"arsip/sensor_bme280"},"timestamp":"2026-08-06 03:44:44"}
{"fields":{"humidity":47.82,"pressure":1009.24,"temperature":24.29},"name":"mqtt_consumer","tags":{"topic":"arsip/sensor_bme280"},"timestamp":"2026-08-06 03:44:45"}
{"fields":{"humidity":47.82,"pressure":1009.24,"temperature":24.29},"name":"mqtt_consumer","tags":{"topic":"arsip/sensor_bme280"},"timestamp":"2026-08-06 03:44:48"}
{"fields":{"humidity":47.82,"pressure":1009.24,"temperature":24.29},"name":"mqtt_consumer","tags":{"topic":"arsip/sensor_bme280"},"timestamp":"2026-08-06 03:44:49"}
{"fields":{"humidity":47.82,"pressure":1009.24,"temperature":24.29},"name":"mqtt_consumer","tags":{"topic":"arsip/sensor_bme280"},"timestamp":"2026-08-06 03:44:52"}
{"fields":{"humidity":47.82,"pressure":1009.24,"temperature":24.29},"name":"mqtt_consumer","tags":{"topic":"arsip/sensor_bme280"},"timestamp":"2026-08-06 03:44:53"}
{"fields":{"humidity":47.82,"pressure":1009.24,"temperature":24.29},"name":"mqtt_consumer","tags":{"topic":"arsip/sensor_bme280"},"timestamp":"2026-08-06 03:44:56"}
{"fields":{"humidity":47.82,"pressure":1009.24,"temperature":24.29},"name":"mqtt_consumer","tags":{"topic":"arsip/sensor_bme280"},"timestamp":"2026-08-06 03:44:57"}
{"fields":{"humidity":45.34,"temperature":25.25},"name":"mqtt_consumer","tags":{"topic":"arsip/sensor_dht11"},"timestamp":"2026-08-06 03:44:59"}
{"fields":{"humidity":49.42,"pressure":1009.21,"temperature":24.32},"name":"mqtt_consumer","tags":{"topic":"arsip/sensor_bme280"},"timestamp":"2026-08-06 03:45:00"}
{"fields":{"humidity":49.42,"pressure":1009.21,"temperature":24.32},"name":"mqtt_consumer","tags":{"topic":"arsip/sensor_bme280"},"timestamp":"2026-08-06 03:45:01"}
{"fields":{"humidity":49.42,"pressure":1009.21,"temperature":24.32},"name":"mqtt_consumer","tags":{"topic":"arsip/sensor_bme280"},"timestamp":"2026-08-06 03:45:04"}
{"fields":{"humidity":49.42,"pressure":1009.21,"temperature":24.32},"name":"mqtt_consumer","tags":{"topic":"arsip/sensor_bme280"},"timestamp":"2026-08-06 03:45:05"}
{"fields":{"humidity":49.42,"pressure":1009.21,"temperature":24.32},"name":"mqtt_consumer","tags":{"topic":"arsip/sensor_bme280"},"timestamp":"2026-08-06 03:45:08"}
{"fields":{"humidity":49.42,"pressure":1009.21,"temperature":24.32},"name":"mqtt_consumer","tags":{"topic":"arsip/sensor_bme280"},"timestamp":"2026-08-06 03:45:09"}
{"fields":{"humidity":49.42,"pressure":1009.21,"temperature":24.32},"name":"mqtt_consumer","tags":{"topic":"arsip/sensor_bme280"},"timestamp":"2026-08-06 03:45:12"}
{"fields":{"humidity":49.42,"pressure":1009.21,"temperature":24.32},"name":"mqtt_consumer","tags":{"topic":"arsip/sensor_bme280"},"timestamp":"2026-08-06 03:45:13"}
{"fields":{"humidity":49.42,"pressure":1009.21,"temperature":24.32},"name":"mqtt_consumer","tags":{"topic":"arsip/sensor_bme280"},"timestamp":"2026-08-06 03:45:16"}
{"fields":{"humidity":49.42,"pressure":1009.21,"temperature":24.32},"name":"mqtt_consumer","tags":{"topic":"arsip/sensor_bme280"},"timestamp":"2026-08-06 03:45:17"}
{"fields":{"humidity":49.42,"pressure":1009.21,"temperature":24.32},"name":"mqtt_consumer","tags":{"topic":"arsip/sensor_bme280"},"timestamp":"2026-08-06 03:45:20"}
{"fields":{"humidity":49.42,"pressure":1009.21,"temperature":24.32},"name":"mqtt_consumer","tags":{"topic":"arsip/sensor_bme280"},"timestamp":"2026-08-06 03:45:21"}
{"fields":{"humidity":49.42,"pressure":1009.21,"temperature":24.32},"name":"mqtt_consumer","tags":{"topic":"arsip/sensor_bme280"},"timestamp":"2026-08-06 03:45:24"}
{"fields":{"humidity":49.42,"pressure":1009.21,"temperature":24.32},"name":"mqtt_consumer","tags":{"topic":"arsip/sensor_bme280"},"timestamp":"2026-08-06 03:45:25"}
{"fields":{"humidity":49.42,"pressure":1009.21,"temperature":24.32},"name":"mqtt_consumer","tags":{"topic":"arsip/sensor_bme280"},"timestamp":"2026-08-06 03:45:28"}
{"fields":{"humidity":45.42,"temperature":25.25},"name":"mqtt_consumer","tags":{"topic":"arsip/sensor_dht11"},"timestamp":"2026-08-06 03:45:29"}
{"fields":{"humidity":48.34,"pressure":1009.17,"temperature":24.4},"name":"mqtt_consumer","tags":{"topic":"arsip/sensor_bme280"},"timestamp":"2026-08-06 03:45:29"}
{"fields":{"humidity":48.34,"pressure":1009.17,"temperature":24.4},"name":"mqtt_consumer","tags":{"topic":"arsip/sensor_bme280"},"timestamp":"2026-08-06 03:45:32"}
{"fields":{"humidity":48.34,"pressure":1009.17,"temperature":24.4},"name":"mqtt_consumer","tags":{"topic":"arsip/sensor_bme280"},"timestamp":"2026-08-06 03:45:33"}
{"fields":{"humidity":48.34,"pressure":1009.17,"temperature":24.4},"name":"mqtt_consumer","tags":{"topic":"arsip/sensor_bme280"},"timestamp":"2026-08-06 03:45:36"}
{"fields":{"humidity":48.34,"pressure":1009.17,"temperature":24.4},"name":"mqtt_consumer","tags":{"topic":"arsip/sensor_bme280"},"timestamp":"2026-08-06 03:45:37"}
{"fields":{"humidity":48.34,"pressure":1009.17,"temperature":24.4},"name":"mqtt_consumer","tags":{"topic":"arsip/sensor_bme280"},"timestamp":"2026-08-06 03:45:40"}
{"fields":{"humidity":48.34,"pressure":1009.17,"temperature":24.4},"name":"mqtt_consumer","tags":{"topic":"arsip/sensor_bme280"},"timestamp":"2026-08-06 03:45:41"}
{"fields":{"humidity":48.34,"pressure":1009.17,"temperature":24.4},"name":"mqtt_consumer","tags":{"topic":"arsip/sensor_bme280"},"timestamp":"2026-08-06 03:45:44"}
{"fields":{"humidity":48.34,"pressure":1009.17,"temperature":24.4},"name":"mqtt_consumer","tags":{"topic":"arsip/sensor_bme280"},"timestamp":"2026-08-06 03:45:45"}
{"fields":{"humidity":48.34,"pressure":1009.17,"temperature":24.4},"name":"mqtt_consumer","tags":{"topic":"arsip/sensor_bme280"},"timestamp":"2026-08-06 03:45:48"}
{"fields":{"humidity":48.34,"pressure":1009.17,"temperature":24.4},"name":"mqtt_consumer","tags":{"topic":"arsip/sensor_bme280"},"timestamp":"2026-08-06 03:45:49"}
{"fields":{"humidity":48.34,"pressure":1009.17,"temperature":24.4},"name":"mqtt_consumer","tags":{"topic":"arsip/sensor_bme280"},"timestamp":"2026-08-06 03:45:52"}
{"fields":{"humidity":48.34,"pressure":1009.17,"temperature":24.4},"name":"mqtt_consumer","tags":{"topic":"arsip/sensor_bme280"},"timestamp":"2026-08-06 03:45:53"}
{"fields":{"humidity":48.34,"pressure":1009.17,"temperature":24.4},"name":"mqtt_consumer","tags":{"topic":"arsip/sensor_bme280"},"timestamp":"2026-08-06 03:45:56"}
{"fields":{"humidity":48.34,"pressure":1009.17,"temperature":24.4},"name":"mqtt_consumer","tags":{"topic":"arsip/sensor_bme280"},"timestamp":"2026-08-06 03:45:57"}
{"fields":{"humidity":45.58,"temperature":25.36},"name":"mqtt_consumer","tags":{"topic":"arsip/sensor_dht11"},"timestamp":"2026-08-06 03:45:59"}
{"fields":{"humidity":48.68,"pressure":1009.18,"temperature":24.39},"name":"mqtt_consumer","tags":{"topic":"arsip/sensor_bme280"},"timestamp":"2026-08-06 03:46:00"}
{"fields":{"humidity":48.68,"pressure":1009.18,"temperature":24.39},"name":"mqtt_consumer","tags":{"topic":"arsip/sensor_bme280"},"timestamp":"2026-08-06 03:46:01"}
{"fields":{"humidity":48.68,"pressure":1009.18,"temperature":24.39},"name":"mqtt_consumer","tags":{"topic":"arsip/sensor_bme280"},"timestamp":"2026-08-06 03:46:04"}
{"fields":{"humidity":48.68,"pressure":1009.18,"temperature":24.39},"name":"mqtt_consumer","tags":{"topic":"arsip/sensor_bme280"},"timestamp":"2026-08-06 03:46:05"}
{"fields":{"humidity":48.68,"pressure":1009.18,"temperature":24.39},"name":"mqtt_consumer","tags":{"topic":"arsip/sensor_bme280"},"timestamp":"2026-08-06 03:46:08"}
{"fields":{"humidity":48.68,"pressure":1009.18,"temperature":24.39},"name":"mqtt_consumer","tags":{"topic":"arsip/sensor_bme280"},"timestamp":"2026-08-06 03:46:09"}
{"fields":{"humidity":48.68,"pressure":1009.18,"temperature":24.39},"name":"mqtt_consumer","tags":{"topic":"arsip/sensor_bme280"},"timestamp":"2026-08-06 03:46:12"}
{"fields":{"humidity":48.68,"pressure":1009.18,"temperature":24.39},"name":"mqtt_consumer","tags":{"topic":"arsip/sensor_bme280"},"timestamp":"2026-08-06 03:46:13"}
{"fields":{"humidity":48.68,"pressure":1009.18,"temperature":24.39},"name":"mqtt_consumer","tags":{"topic":"arsip/sensor_bme280"},"timestamp":"2026-08-06 03:46:16"}
{"fields":{"humidity":48.68,"pressure":1009.18,"temperature":24.39},"name":"mqtt_consumer","tags":{"topic":"arsip/sensor_bme280"},"timestamp":"2026-08-06 03:46:17"}
{"fields":{"humidity":48.68,"pressure":1009.18,"temperature":24.39},"name":"mqtt_consumer","tags":{"topic":"arsip/sensor_bme280"},"timestamp":"2026-08-06 03:46:20"}
{"fields":{"humidity":48.68,"pressure":1009.18,"temperature":24.39},"name":"mqtt_consumer","tags":{"topic":"arsip/sensor_bme280"},"timestamp":"2026-08-06 03:46:21"}
{"fields":{"humidity":48.68,"pressure":1009.18,"temperature":24.39},"name":"mqtt_consumer","tags":{"topic":"arsip/sensor_bme280"},"timestamp":"2026-08-06 03:46:24"}
{"fields":{"humidity":48.68,"pressure":1009.18,"temperature":24.39},"name":"mqtt_consumer","tags":{"topic":"arsip/sensor_bme280"},"timestamp":"2026-08-06 03:46:25"}
{"fields":{"humidity":48.68,"pressure":1009.18,"temperature":24.39},"name":"mqtt_consumer","tags":{"topic":"arsip/sensor_bme280"},"timestamp":"2026-08-06 03:46:28"}
{"fields":{"humidity":45.5,"temperature":25.36},"name":"mqtt_consumer","tags":{"topic":"arsip/sensor_dht11"},"timestamp":"2026-08-06 03:46:29"}
{"fields":{"humidity":48.2,"pressure":1009.12,"temperature":24.4},"name":"mqtt_consumer","tags":{"topic":"arsip/sensor_bme280"},"timestamp":"2026-08-06 03:46:29"}
{"fields":{"humidity":48.2,"pressure":1009.12,"temperature":24.4},"name":"mqtt_consumer","tags":{"topic":"arsip/sensor_bme280"},"timestamp":"2026-08-06 03:46:32"}
{"fields":{"humidity":48.2,"pressure":1009.12,"temperature":24.4},"name":"mqtt_consumer","tags":{"topic":"arsip/sensor_bme280"},"timestamp":"2026-08-06 03:46:33"}
{"fields":{"humidity":48.2,"pressure":1009.12,"temperature":24.4},"name":"mqtt_consumer","tags":{"topic":"arsip/sensor_bme280"},"timestamp":"2026-08-06 03:46:36"}
{"fields":{"humidity":48.2,"pressure":1009.12,"temperature":24.4},"name":"mqtt_consumer","tags":{"topic":"arsip/sensor_bme280"},"timestamp":"2026-08-06 03:46:37"}
{"fields":{"humidity":48.2,"pressure":1009.12,"temperature":24.4},"name":"mqtt_consumer","tags":{"topic":"arsip/sensor_bme280"},"timestamp":"2026-08-06 03:46:40"}
{"fields":{"humidity":48.2,"pressure":1009.12,"temperature":24.4},"name":"mqtt_consumer","tags":{"topic":"arsip/sensor_bme280"},"timestamp":"2026-08-06 03:46:41"}
{"fields":{"humidity":48.2,"pressure":1009.12,"temperature":24.4},"name":"mqtt_consumer","tags":{"topic":"arsip/sensor_bme280"},"timestamp":"2026-08-06 03:46:44"}
{"fields":{"humidity":48.2,"pressure":1009.12,"temperature":24.4},"name":"mqtt_consumer","tags":{"topic":"arsip/sensor_bme280"},"timestamp":"2026-08-06 03:46:45"}
{"fields":{"humidity":48.2,"pressure":1009.12,"temperature":24.4},"name":"mqtt_consumer","tags":{"topic":"arsip/sensor_bme280"},"timestamp":"2026-08-06 03:46:48"}
{"fields":{"humidity":48.2,"pressure":1009.12,"temperature":24.4},"name":"mqtt_consumer","tags":{"topic":"arsip/sensor_bme280"},"timestamp":"2026-08-06 03:46:49"}
{"fields":{"humidity":48.2,"pressure":1009.12,"temperature":24.4},"name":"mqtt_consumer","tags":{"topic":"arsip/sensor_bme280"},"timestamp":"2026-08-06 03:46:52"}
{"fields":{"humidity":48.2,"pressure":1009.12,"temperature":24.4},"name":"mqtt_consumer","tags":{"topic":"arsip/sensor_bme280"},"timestamp":"2026-08-06 03:46:53"}
{"fields":{"humidity":48.2,"pressure":1009.12,"temperature":24.4},"name":"mqtt_consumer","tags":{"topic":"arsip/sensor_bme280"},"timestamp":"2026-08-06 03:46:56"}
{"fields":{"humidity":48.2,"pressure":1009.12,"temperature":24.4},"name":"mqtt_consumer","tags":{"topic":"arsip/sensor_bme280"},"timestamp":"2026-08-06 03:46:57"}
{"fields":{"humidity":45.42,"temperature":25.47},"name":"mqtt_consumer","tags":{"topic":"arsip/sensor_dht11"},"timestamp":"2026-08-06 03:46:59"}
{"fields":{"humidity":47.44,"pressure":1009.2,"temperature":24.33},"name":"mqtt_consumer","tags":{"topic":"arsip/sensor_bme280"},"timestamp":"2026-08-06 03:47:00"}
{"fields":{"humidity":47.44,"pressure":1009.2,"temperature":24.33},"name":"mqtt_consumer","tags":{"topic":"arsip/sensor_bme280"},"timestamp":"2026-08-06 03:47:01"}
{"fields":{"humidity":47.44,"pressure":1009.2,"temperature":24.33},"name":"mqtt_consumer","tags":{"topic":"arsip/sensor_bme280"},"timestamp":"2026-08-06 03:47:04"}
{"fields":{"humidity":47.44,"pressure":1009.2,"temperature":24.33},"name":"mqtt_consumer","tags":{"topic":"arsip/sensor_bme280"},"timestamp":"2026-08-06 03:47:05"}
{"fields":{"humidity":47.44,"pressure":1009.2,"temperature":24.33},"name":"mqtt_consumer","tags":{"topic":"arsip/sensor_bme280"},"timestamp":"2026-08-06 03:47:08"}
{"fields":{"humidity":47.44,"pressure":1009.2,"temperature":24.33},"name":"mqtt_consumer","tags":{"topic":"arsip/sensor_bme280"},"timestamp":"2026-08-06 03:47:09"}
{"fields":{"humidity":47.44,"pressure":1009.2,"temperature":24.33},"name":"mqtt_consumer","tags":{"topic":"arsip/sensor_bme280"},"timestamp":"2026-08-06 03:47:12"}
{"fields":{"humidity":47.44,"pressure":1009.2,"temperature":24.33},"name":"mqtt_consumer","tags":{"topic":"arsip/sensor_bme280"},"timestamp":"2026-08-06 03:47:13"}
{"fields":{"humidity":47.44,"pressure":1009.2,"temperature":24.33},"name":"mqtt_consumer","tags":{"topic":"arsip/sensor_bme280"},"timestamp":"2026-08-06 03:47:16"}
{"fields":{"humidity":47.44,"pressure":1009.2,"temperature":24.33},"name":"mqtt_consumer","tags":{"topic":"arsip/sensor_bme280"},"timestamp":"2026-08-06 03:47:17"}
{"fields":{"humidity":47.44,"pressure":1009.2,"temperature":24.33},"name":"mqtt_consumer","tags":{"topic":"arsip/sensor_bme280"},"timestamp":"2026-08-06 03:47:20"}
{"fields":{"humidity":47.44,"pressure":1009.2,"temperature":24.33},"name":"mqtt_consumer","tags":{"topic":"arsip/sensor_bme280"},"timestamp":"2026-08-06 03:47:21"}
{"fields":{"humidity":47.44,"pressure":1009.2,"temperature":24.33},"name":"mqtt_consumer","tags":{"topic":"arsip/sensor_bme280"},"timestamp":"2026-08-06 03:47:24"}
{"fields":{"humidity":47.44,"pressure":1009.2,"temperature":24.33},"name":"mqtt_consumer","tags":{"topic":"arsip/sensor_bme280"},"timestamp":"2026-08-06 03:47:25"}
{"fields":{"humidity":47.44,"pressure":1009.2,"temperature":24.33},"name":"mqtt_consumer","tags":{"topic":"arsip/sensor_bme280"},"timestamp":"2026-08-06 03:47:28"}
{"fields":{"humidity":44.93,"temperature":25.47},"name":"mqtt_consumer","tags":{"topic":"arsip/sensor_dht11"},"timestamp":"2026-08-06 03:47:29"}
{"fields":{"humidity":47.56,"pressure":1009.23,"temperature":24.34},"name":"mqtt_consumer","tags":{"topic":"arsip/sensor_bme280"},"timestamp":"2026-08-06 03:47:29"}
{"fields":{"humidity":47.56,"pressure":1009.23,"temperature":24.34},"name":"mqtt_consumer","tags":{"topic":"arsip/sensor_bme280"},"timestamp":"2026-08-06 03:47:32"}
{"fields":{"humidity":47.56,"pressure":1009.23,"temperature":24.34},"name":"mqtt_consumer","tags":{"topic":"arsip/sensor_bme280"},"timestamp":"2026-08-06 03:47:33"}
{"fields":{"humidity":47.56,"pressure":1009.23,"temperature":24.34},"name":"mqtt_consumer","tags":{"topic":"arsip/sensor_bme280"},"timestamp":"2026-08-06 03:47:36"}
{"fields":{"humidity":47.56,"pressure":1009.23,"temperature":24.34},"name":"mqtt_consumer","tags":{"topic":"arsip/sensor_bme280"},"timestamp":"2026-08-06 03:47:37"}
{"fields":{"humidity":47.56,"pressure":1009.23,"temperature":24.34},"name":"mqtt_consumer","tags":{"topic":"arsip/sensor_bme280"},"timestamp":"2026-08-06 03:47:40"}
{"fields":{"humidity":47.56,"pressure":1009.23,"temperature":24.34},"name":"mqtt_consumer","tags":{"topic":"arsip/sensor_bme280"},"timestamp":"2026-08-06 03:47:41"}
{"fields":{"humidity":47.56,"pressure":1009.23,"temperature":24.34},"name":"mqtt_consumer","tags":{"topic":"arsip/sensor_bme280"},"timestamp":"2026-08-06 03:47:44"}
{"fields":{"humidity":47.56,"pressure":1009.23,"temperature":24.34},"name":"mqtt_consumer","tags":{"topic":"arsip/sensor_bme280"},"timestamp":"2026-08-06 03:47:45"}
{"fields":{"humidity":47.56,"pressure":1009.23,"temperature":24.34},"name":"mqtt_consumer","tags":{"topic":"arsip/sensor_bme280"},"timestamp":"2026-08-06 03:47:48"}
{"fields":{"humidity":47.56,"pressure":1009.23,"temperature":24.34},"name":"mqtt_consumer","tags":{"topic":"arsip/sensor_bme280"},"timestamp":"2026-08-06 03:47:49"}
{"fields":{"humidity":47.56,"pressure":1009.23,"temperature":24.34},"name":"mqtt_consumer","tags":{"topic":"arsip/sensor_bme280"},"timestamp":"2026-08-06 03:47:52"}
{"fields":{"humidity":47.56,"pressure":1009.23,"temperature":24.34},"name":"mqtt_consumer","tags":{"topic":"arsip/sensor_bme280"},"timestamp":"2026-08-06 03:47:53"}
{"fields":{"hum_offset":0,"temp_offset":0},"name":"mqtt_consumer","tags":{"topic":"arsip/sensor/cmd"},"timestamp":"2026-08-06 03:47:55"}
{"fields":{"humidity":47.56,"pressure":1009.23,"temperature":24.34},"name":"mqtt_consumer","tags":{"topic":"arsip/sensor_bme280"},"timestamp":"2026-08-06 03:47:56"}
{"fields":{"humidity":47.56,"pressure":1009.23,"temperature":24.34},"name":"mqtt_consumer","tags":{"topic":"arsip/sensor_bme280"},"timestamp":"2026-08-06 03:47:57"}
{"fields":{"humidity":44.85,"temperature":25.47},"name":"mqtt_consumer","tags":{"topic":"arsip/sensor_dht11"},"timestamp":"2026-08-06 03:47:59"}
{"fields":{"humidity":47.62,"pressure":1009.22,"temperature":24.29},"name":"mqtt_consumer","tags":{"topic":"arsip/sensor_bme280"},"timestamp":"2026-08-06 03:48:00"}
{"fields":{"humidity":47.62,"pressure":1009.22,"temperature":24.29},"name":"mqtt_consumer","tags":{"topic":"arsip/sensor_bme280"},"timestamp":"2026-08-06 03:48:01"}
{"fields":{"hum_offset":0,"temp_offset":0},"name":"mqtt_consumer","tags":{"topic":"arsip/sensor_dht11/cmd"},"timestamp":"2026-08-06 03:48:03"}
{"fields":{"hum_offset":0,"temp_offset":0},"name":"mqtt_consumer","tags":{"topic":"arsip/sensor_dht11/config"},"timestamp":"2026-08-06 03:48:03"}
{"fields":{"humidity":47.62,"pressure":1009.22,"temperature":24.29},"name":"mqtt_consumer","tags":{"topic":"arsip/sensor_bme280"},"timestamp":"2026-08-06 03:48:04"}
{"fields":{"humidity":47.62,"pressure":1009.22,"temperature":24.29},"name":"mqtt_consumer","tags":{"topic":"arsip/sensor_bme280"},"timestamp":"2026-08-06 03:48:05"}
{"fields":{"hum_offset":-2,"temp_offset":0},"name":"mqtt_consumer","tags":{"topic":"arsip/sensor/cmd"},"timestamp":"2026-08-06 03:48:08"}
{"fields":{"humidity":47.62,"pressure":1009.22,"temperature":24.29},"name":"mqtt_consumer","tags":{"topic":"arsip/sensor_bme280"},"timestamp":"2026-08-06 03:48:08"}
{"fields":{"humidity":47.62,"pressure":1009.22,"temperature":24.29},"name":"mqtt_consumer","tags":{"topic":"arsip/sensor_bme280"},"timestamp":"2026-08-06 03:48:09"}
{"fields":{"humidity":47.62,"pressure":1009.22,"temperature":24.29},"name":"mqtt_consumer","tags":{"topic":"arsip/sensor_bme280"},"timestamp":"2026-08-06 03:48:12"}
{"fields":{"humidity":47.62,"pressure":1009.22,"temperature":24.29},"name":"mqtt_consumer","tags":{"topic":"arsip/sensor_bme280"},"timestamp":"2026-08-06 03:48:13"}
{"fields":{"humidity":47.62,"pressure":1009.22,"temperature":24.29},"name":"mqtt_consumer","tags":{"topic":"arsip/sensor_bme280"},"timestamp":"2026-08-06 03:48:16"}
{"fields":{"humidity":47.62,"pressure":1009.22,"temperature":24.29},"name":"mqtt_consumer","tags":{"topic":"arsip/sensor_bme280"},"timestamp":"2026-08-06 03:48:17"}
{"fields":{"humidity":47.62,"pressure":1009.22,"temperature":24.29},"name":"mqtt_consumer","tags":{"topic":"arsip/sensor_bme280"},"timestamp":"2026-08-06 03:48:20"}
{"fields":{"humidity":47.62,"pressure":1009.22,"temperature":24.29},"name":"mqtt_consumer","tags":{"topic":"arsip/sensor_bme280"},"timestamp":"2026-08-06 03:48:21"}
{"fields":{"humidity":47.62,"pressure":1009.22,"temperature":24.29},"name":"mqtt_consumer","tags":{"topic":"arsip/sensor_bme280"},"timestamp":"2026-08-06 03:48:24"}
{"fields":{"humidity":47.62,"pressure":1009.22,"temperature":24.29},"name":"mqtt_consumer","tags":{"topic":"arsip/sensor_bme280"},"timestamp":"2026-08-06 03:48:25"}
{"fields":{"humidity":47.62,"pressure":1009.22,"temperature":24.29},"name":"mqtt_consumer","tags":{"topic":"arsip/sensor_bme280"},"timestamp":"2026-08-06 03:48:28"}
{"fields":{"humidity":46.69,"temperature":25.47},"name":"mqtt_consumer","tags":{"topic":"arsip/sensor_dht11"},"timestamp":"2026-08-06 03:48:29"}
{"fields":{"humidity":47.66,"pressure":1009.12,"temperature":24.32},"name":"mqtt_consumer","tags":{"topic":"arsip/sensor_bme280"},"timestamp":"2026-08-06 03:48:29"}
{"fields":{"humidity":47.66,"pressure":1009.12,"temperature":24.32},"name":"mqtt_consumer","tags":{"topic":"arsip/sensor_bme280"},"timestamp":"2026-08-06 03:48:32"}
{"fields":{"humidity":47.66,"pressure":1009.12,"temperature":24.32},"name":"mqtt_consumer","tags":{"topic":"arsip/sensor_bme280"},"timestamp":"2026-08-06 03:48:33"}
{"fields":{"humidity":47.66,"pressure":1009.12,"temperature":24.32},"name":"mqtt_consumer","tags":{"topic":"arsip/sensor_bme280"},"timestamp":"2026-08-06 03:48:36"}
{"fields":{"humidity":47.66,"pressure":1009.12,"temperature":24.32},"name":"mqtt_consumer","tags":{"topic":"arsip/sensor_bme280"},"timestamp":"2026-08-06 03:48:37"}
{"fields":{"humidity":47.66,"pressure":1009.12,"temperature":24.32},"name":"mqtt_consumer","tags":{"topic":"arsip/sensor_bme280"},"timestamp":"2026-08-06 03:48:40"}
{"fields":{"humidity":47.66,"pressure":1009.12,"temperature":24.32},"name":"mqtt_consumer","tags":{"topic":"arsip/sensor_bme280"},"timestamp":"2026-08-06 03:48:41"}
{"fields":{"humidity":47.66,"pressure":1009.12,"temperature":24.32},"name":"mqtt_consumer","tags":{"topic":"arsip/sensor_bme280"},"timestamp":"2026-08-06 03:48:44"}
{"fields":{"humidity":47.66,"pressure":1009.12,"temperature":24.32},"name":"mqtt_consumer","tags":{"topic":"arsip/sensor_bme280"},"timestamp":"2026-08-06 03:48:45"}
{"fields":{"humidity":47.66,"pressure":1009.12,"temperature":24.32},"name":"mqtt_consumer","tags":{"topic":"arsip/sensor_bme280"},"timestamp":"2026-08-06 03:48:48"}
{"fields":{"humidity":47.66,"pressure":1009.12,"temperature":24.32},"name":"mqtt_consumer","tags":{"topic":"arsip/sensor_bme280"},"timestamp":"2026-08-06 03:48:49"}
{"fields":{"humidity":47.66,"pressure":1009.12,"temperature":24.32},"name":"mqtt_consumer","tags":{"topic":"arsip/sensor_bme280"},"timestamp":"2026-08-06 03:48:52"}
{"fields":{"humidity":47.66,"pressure":1009.12,"temperature":24.32},"name":"mqtt_consumer","tags":{"topic":"arsip/sensor_bme280"},"timestamp":"2026-08-06 03:48:53"}
{"fields":{"humidity":47.66,"pressure":1009.12,"temperature":24.32},"name":"mqtt_consumer","tags":{"topic":"arsip/sensor_bme280"},"timestamp":"2026-08-06 03:48:56"}
{"fields":{"humidity":47.66,"pressure":1009.12,"temperature":24.32},"name":"mqtt_consumer","tags":{"topic":"arsip/sensor_bme280"},"timestamp":"2026-08-06 03:48:57"}
{"fields":{"humidity":46.77,"temperature":25.47},"name":"mqtt_consumer","tags":{"topic":"arsip/sensor_dht11"},"timestamp":"2026-08-06 03:48:59"}
{"fields":{"humidity":48.13,"pressure":1009.12,"temperature":24.36},"name":"mqtt_consumer","tags":{"topic":"arsip/sensor_bme280"},"timestamp":"2026-08-06 03:49:00"}
{"fields":{"humidity":48.13,"pressure":1009.12,"temperature":24.36},"name":"mqtt_consumer","tags":{"topic":"arsip/sensor_bme280"},"timestamp":"2026-08-06 03:49:01"}
{"fields":{"humidity":48.13,"pressure":1009.12,"temperature":24.36},"name":"mqtt_consumer","tags":{"topic":"arsip/sensor_bme280"},"timestamp":"2026-08-06 03:49:04"}
{"fields":{"humidity":48.13,"pressure":1009.12,"temperature":24.36},"name":"mqtt_consumer","tags":{"topic":"arsip/sensor_bme280"},"timestamp":"2026-08-06 03:49:05"}
{"fields":{"humidity":48.13,"pressure":1009.12,"temperature":24.36},"name":"mqtt_consumer","tags":{"topic":"arsip/sensor_bme280"},"timestamp":"2026-08-06 03:49:08"}
{"fields":{"humidity":48.13,"pressure":1009.12,"temperature":24.36},"name":"mqtt_consumer","tags":{"topic":"arsip/sensor_bme280"},"timestamp":"2026-08-06 03:49:09"}
{"fields":{"humidity":48.13,"pressure":1009.12,"temperature":24.36},"name":"mqtt_consumer","tags":{"topic":"arsip/sensor_bme280"},"timestamp":"2026-08-06 03:49:12"}
{"fields":{"humidity":48.13,"pressure":1009.12,"temperature":24.36},"name":"mqtt_consumer","tags":{"topic":"arsip/sensor_bme280"},"timestamp":"2026-08-06 03:49:13"}
{"fields":{"humidity":48.13,"pressure":1009.12,"temperature":24.36},"name":"mqtt_consumer","tags":{"topic":"arsip/sensor_bme280"},"timestamp":"2026-08-06 03:49:16"}
{"fields":{"humidity":48.13,"pressure":1009.12,"temperature":24.36},"name":"mqtt_consumer","tags":{"topic":"arsip/sensor_bme280"},"timestamp":"2026-08-06 03:49:17"}
{"fields":{"humidity":48.13,"pressure":1009.12,"temperature":24.36},"name":"mqtt_consumer","tags":{"topic":"arsip/sensor_bme280"},"timestamp":"2026-08-06 03:49:20"}
{"fields":{"humidity":48.13,"pressure":1009.12,"temperature":24.36},"name":"mqtt_consumer","tags":{"topic":"arsip/sensor_bme280"},"timestamp":"2026-08-06 03:49:21"}
{"fields":{"humidity":48.13,"pressure":1009.12,"temperature":24.36},"name":"mqtt_consumer","tags":{"topic":"arsip/sensor_bme280"},"timestamp":"2026-08-06 03:49:24"}
{"fields":{"humidity":48.13,"pressure":1009.12,"temperature":24.36},"name":"mqtt_consumer","tags":{"topic":"arsip/sensor_bme280"},"timestamp":"2026-08-06 03:49:25"}
{"fields":{"humidity":48.13,"pressure":1009.12,"temperature":24.36},"name":"mqtt_consumer","tags":{"topic":"arsip/sensor_bme280"},"timestamp":"2026-08-06 03:49:28"}
{"fields":{"humidity":46.85,"temperature":25.47},"name":"mqtt_consumer","tags":{"topic":"arsip/sensor_dht11"},"timestamp":"2026-08-06 03:49:29"}
{"fields":{"humidity":48.11,"pressure":1009.1,"temperature":24.36},"name":"mqtt_consumer","tags":{"topic":"arsip/sensor_bme280"},"timestamp":"2026-08-06 03:49:29"}
{"fields":{"humidity":48.11,"pressure":1009.1,"temperature":24.36},"name":"mqtt_consumer","tags":{"topic":"arsip/sensor_bme280"},"timestamp":"2026-08-06 03:49:32"}
{"fields":{"humidity":48.11,"pressure":1009.1,"temperature":24.36},"name":"mqtt_consumer","tags":{"topic":"arsip/sensor_bme280"},"timestamp":"2026-08-06 03:49:33"}
{"fields":{"humidity":48.11,"pressure":1009.1,"temperature":24.36},"name":"mqtt_consumer","tags":{"topic":"arsip/sensor_bme280"},"timestamp":"2026-08-06 03:49:36"}
{"fields":{"humidity":48.11,"pressure":1009.1,"temperature":24.36},"name":"mqtt_consumer","tags":{"topic":"arsip/sensor_bme280"},"timestamp":"2026-08-06 03:49:37"}
{"fields":{"humidity":48.11,"pressure":1009.1,"temperature":24.36},"name":"mqtt_consumer","tags":{"topic":"arsip/sensor_bme280"},"timestamp":"2026-08-06 03:49:40"}
{"fields":{"humidity":48.11,"pressure":1009.1,"temperature":24.36},"name":"mqtt_consumer","tags":{"topic":"arsip/sensor_bme280"},"timestamp":"2026-08-06 03:49:41"}
{"fields":{"humidity":48.11,"pressure":1009.1,"temperature":24.36},"name":"mqtt_consumer","tags":{"topic":"arsip/sensor_bme280"},"timestamp":"2026-08-06 03:49:44"}
{"fields":{"humidity":48.11,"pressure":1009.1,"temperature":24.36},"name":"mqtt_consumer","tags":{"topic":"arsip/sensor_bme280"},"timestamp":"2026-08-06 03:49:45"}
{"fields":{"humidity":48.11,"pressure":1009.1,"temperature":24.36},"name":"mqtt_consumer","tags":{"topic":"arsip/sensor_bme280"},"timestamp":"2026-08-06 03:49:48"}
{"fields":{"humidity":48.11,"pressure":1009.1,"temperature":24.36},"name":"mqtt_consumer","tags":{"topic":"arsip/sensor_bme280"},"timestamp":"2026-08-06 03:49:49"}
{"fields":{"humidity":48.11,"pressure":1009.1,"temperature":24.36},"name":"mqtt_consumer","tags":{"topic":"arsip/sensor_bme280"},"timestamp":"2026-08-06 03:49:52"}
{"fields":{"humidity":48.11,"pressure":1009.1,"temperature":24.36},"name":"mqtt_consumer","tags":{"topic":"arsip/sensor_bme280"},"timestamp":"2026-08-06 03:49:53"}
{"fields":{"humidity":48.11,"pressure":1009.1,"temperature":24.36},"name":"mqtt_consumer","tags":{"topic":"arsip/sensor_bme280"},"timestamp":"2026-08-06 03:49:56"}
{"fields":{"humidity":48.11,"pressure":1009.1,"temperature":24.36},"name":"mqtt_consumer","tags":{"topic":"arsip/sensor_bme280"},"timestamp":"2026-08-06 03:49:57"}
{"fields":{"humidity":46.77,"temperature":25.47},"name":"mqtt_consumer","tags":{"topic":"arsip/sensor_dht11"},"timestamp":"2026-08-06 03:49:59"}
{"fields":{"humidity":47.78,"pressure":1009.09,"temperature":24.34},"name":"mqtt_consumer","tags":{"topic":"arsip/sensor_bme280"},"timestamp":"2026-08-06 03:50:00"}
{"fields":{"humidity":47.78,"pressure":1009.09,"temperature":24.34},"name":"mqtt_consumer","tags":{"topic":"arsip/sensor_bme280"},"timestamp":"2026-08-06 03:50:01"}
{"fields":{"humidity":47.78,"pressure":1009.09,"temperature":24.34},"name":"mqtt_consumer","tags":{"topic":"arsip/sensor_bme280"},"timestamp":"2026-08-06 03:50:04"}
{"fields":{"humidity":47.78,"pressure":1009.09,"temperature":24.34},"name":"mqtt_consumer","tags":{"topic":"arsip/sensor_bme280"},"timestamp":"2026-08-06 03:50:05"}
{"fields":{"humidity":47.78,"pressure":1009.09,"temperature":24.34},"name":"mqtt_consumer","tags":{"topic":"arsip/sensor_bme280"},"timestamp":"2026-08-06 03:50:08"}
{"fields":{"humidity":47.78,"pressure":1009.09,"temperature":24.34},"name":"mqtt_consumer","tags":{"topic":"arsip/sensor_bme280"},"timestamp":"2026-08-06 03:50:09"}
{"fields":{"humidity":47.78,"pressure":1009.09,"temperature":24.34},"name":"mqtt_consumer","tags":{"topic":"arsip/sensor_bme280"},"timestamp":"2026-08-06 03:50:12"}
{"fields":{"humidity":47.78,"pressure":1009.09,"temperature":24.34},"name":"mqtt_consumer","tags":{"topic":"arsip/sensor_bme280"},"timestamp":"2026-08-06 03:50:13"}
{"fields":{"humidity":47.78,"pressure":1009.09,"temperature":24.34},"name":"mqtt_consumer","tags":{"topic":"arsip/sensor_bme280"},"timestamp":"2026-08-06 03:50:16"}
{"fields":{"humidity":47.78,"pressure":1009.09,"temperature":24.34},"name":"mqtt_consumer","tags":{"topic":"arsip/sensor_bme280"},"timestamp":"2026-08-06 03:50:17"}
{"fields":{"humidity":47.78,"pressure":1009.09,"temperature":24.34},"name":"mqtt_consumer","tags":{"topic":"arsip/sensor_bme280"},"timestamp":"2026-08-06 03:50:20"}
{"fields":{"humidity":47.78,"pressure":1009.09,"temperature":24.34},"name":"mqtt_consumer","tags":{"topic":"arsip/sensor_bme280"},"timestamp":"2026-08-06 03:50:21"}
{"fields":{"humidity":47.78,"pressure":1009.09,"temperature":24.34},"name":"mqtt_consumer","tags":{"topic":"arsip/sensor_bme280"},"timestamp":"2026-08-06 03:50:24"}
{"fields":{"humidity":47.78,"pressure":1009.09,"temperature":24.34},"name":"mqtt_consumer","tags":{"topic":"arsip/sensor_bme280"},"timestamp":"2026-08-06 03:50:25"}
{"fields":{"humidity":47.78,"pressure":1009.09,"temperature":24.34},"name":"mqtt_consumer","tags":{"topic":"arsip/sensor_bme280"},"timestamp":"2026-08-06 03:50:28"}
{"fields":{"humidity":46.77,"temperature":25.36},"name":"mqtt_consumer","tags":{"topic":"arsip/sensor_dht11"},"timestamp":"2026-08-06 03:50:29"}
{"fields":{"humidity":47.5,"pressure":1009.12,"temperature":24.27},"name":"mqtt_consumer","tags":{"topic":"arsip/sensor_bme280"},"timestamp":"2026-08-06 03:50:29"}
{"fields":{"humidity":47.5,"pressure":1009.12,"temperature":24.27},"name":"mqtt_consumer","tags":{"topic":"arsip/sensor_bme280"},"timestamp":"2026-08-06 03:50:32"}
{"fields":{"humidity":47.5,"pressure":1009.12,"temperature":24.27},"name":"mqtt_consumer","tags":{"topic":"arsip/sensor_bme280"},"timestamp":"2026-08-06 03:50:33"}
{"fields":{"humidity":47.5,"pressure":1009.12,"temperature":24.27},"name":"mqtt_consumer","tags":{"topic":"arsip/sensor_bme280"},"timestamp":"2026-08-06 03:50:36"}
{"fields":{"humidity":47.5,"pressure":1009.12,"temperature":24.27},"name":"mqtt_consumer","tags":{"topic":"arsip/sensor_bme280"},"timestamp":"2026-08-06 03:50:37"}
{"fields":{"humidity":47.5,"pressure":1009.12,"temperature":24.27},"name":"mqtt_consumer","tags":{"topic":"arsip/sensor_bme280"},"timestamp":"2026-08-06 03:50:40"}
{"fields":{"humidity":47.5,"pressure":1009.12,"temperature":24.27},"name":"mqtt_consumer","tags":{"topic":"arsip/sensor_bme280"},"timestamp":"2026-08-06 03:50:41"}
{"fields":{"humidity":47.5,"pressure":1009.12,"temperature":24.27},"name":"mqtt_consumer","tags":{"topic":"arsip/sensor_bme280"},"timestamp":"2026-08-06 03:50:44"}
{"fields":{"humidity":47.5,"pressure":1009.12,"temperature":24.27},"name":"mqtt_consumer","tags":{"topic":"arsip/sensor_bme280"},"timestamp":"2026-08-06 03:50:45"}
{"fields":{"humidity":47.5,"pressure":1009.12,"temperature":24.27},"name":"mqtt_consumer","tags":{"topic":"arsip/sensor_bme280"},"timestamp":"2026-08-06 03:50:48"}
{"fields":{"humidity":47.5,"pressure":1009.12,"temperature":24.27},"name":"mqtt_consumer","tags":{"topic":"arsip/sensor_bme280"},"timestamp":"2026-08-06 03:50:49"}
{"fields":{"humidity":47.5,"pressure":1009.12,"temperature":24.27},"name":"mqtt_consumer","tags":{"topic":"arsip/sensor_bme280"},"timestamp":"2026-08-06 03:50:52"}
{"fields":{"humidity":47.5,"pressure":1009.12,"temperature":24.27},"name":"mqtt_consumer","tags":{"topic":"arsip/sensor_bme280"},"timestamp":"2026-08-06 03:50:53"}
{"fields":{"humidity":47.5,"pressure":1009.12,"temperature":24.27},"name":"mqtt_consumer","tags":{"topic":"arsip/sensor_bme280"},"timestamp":"2026-08-06 03:50:56"}
{"fields":{"humidity":47.5,"pressure":1009.12,"temperature":24.27},"name":"mqtt_consumer","tags":{"topic":"arsip/sensor_bme280"},"timestamp":"2026-08-06 03:50:57"}
{"fields":{"humidity":46.77,"temperature":25.36},"name":"mqtt_consumer","tags":{"topic":"arsip/sensor_dht11"},"timestamp":"2026-08-06 03:50:59"}
{"fields":{"humidity":47.73,"pressure":1009.16,"temperature":24.31},"name":"mqtt_consumer","tags":{"topic":"arsip/sensor_bme280"},"timestamp":"2026-08-06 03:51:00"}
{"fields":{"humidity":47.73,"pressure":1009.16,"temperature":24.31},"name":"mqtt_consumer","tags":{"topic":"arsip/sensor_bme280"},"timestamp":"2026-08-06 03:51:01"}
{"fields":{"humidity":47.73,"pressure":1009.16,"temperature":24.31},"name":"mqtt_consumer","tags":{"topic":"arsip/sensor_bme280"},"timestamp":"2026-08-06 03:51:04"}
{"fields":{"humidity":47.73,"pressure":1009.16,"temperature":24.31},"name":"mqtt_consumer","tags":{"topic":"arsip/sensor_bme280"},"timestamp":"2026-08-06 03:51:05"}
{"fields":{"humidity":47.73,"pressure":1009.16,"temperature":24.31},"name":"mqtt_consumer","tags":{"topic":"arsip/sensor_bme280"},"timestamp":"2026-08-06 03:51:08"}
{"fields":{"humidity":47.73,"pressure":1009.16,"temperature":24.31},"name":"mqtt_consumer","tags":{"topic":"arsip/sensor_bme280"},"timestamp":"2026-08-06 03:51:09"}
{"fields":{"humidity":47.73,"pressure":1009.16,"temperature":24.31},"name":"mqtt_consumer","tags":{"topic":"arsip/sensor_bme280"},"timestamp":"2026-08-06 03:51:12"}
{"fields":{"humidity":47.73,"pressure":1009.16,"temperature":24.31},"name":"mqtt_consumer","tags":{"topic":"arsip/sensor_bme280"},"timestamp":"2026-08-06 03:51:13"}
{"fields":{"humidity":47.73,"pressure":1009.16,"temperature":24.31},"name":"mqtt_consumer","tags":{"topic":"arsip/sensor_bme280"},"timestamp":"2026-08-06 03:51:16"}
{"fields":{"humidity":47.73,"pressure":1009.16,"temperature":24.31},"name":"mqtt_consumer","tags":{"topic":"arsip/sensor_bme280"},"timestamp":"2026-08-06 03:51:17"}
{"fields":{"humidity":47.73,"pressure":1009.16,"temperature":24.31},"name":"mqtt_consumer","tags":{"topic":"arsip/sensor_bme280"},"timestamp":"2026-08-06 03:51:20"}
{"fields":{"humidity":47.73,"pressure":1009.16,"temperature":24.31},"name":"mqtt_consumer","tags":{"topic":"arsip/sensor_bme280"},"timestamp":"2026-08-06 03:51:21"}
{"fields":{"humidity":47.73,"pressure":1009.16,"temperature":24.31},"name":"mqtt_consumer","tags":{"topic":"arsip/sensor_bme280"},"timestamp":"2026-08-06 03:51:24"}
{"fields":{"humidity":47.73,"pressure":1009.16,"temperature":24.31},"name":"mqtt_consumer","tags":{"topic":"arsip/sensor_bme280"},"timestamp":"2026-08-06 03:51:25"}
{"fields":{"humidity":47.73,"pressure":1009.16,"temperature":24.31},"name":"mqtt_consumer","tags":{"topic":"arsip/sensor_bme280"},"timestamp":"2026-08-06 03:51:28"}
{"fields":{"humidity":46.77,"temperature":25.25},"name":"mqtt_consumer","tags":{"topic":"arsip/sensor_dht11"},"timestamp":"2026-08-06 03:51:29"}
{"fields":{"humidity":47.68,"pressure":1009.03,"temperature":24.35},"name":"mqtt_consumer","tags":{"topic":"arsip/sensor_bme280"},"timestamp":"2026-08-06 03:51:29"}
{"fields":{"humidity":47.68,"pressure":1009.03,"temperature":24.35},"name":"mqtt_consumer","tags":{"topic":"arsip/sensor_bme280"},"timestamp":"2026-08-06 03:51:32"}
{"fields":{"humidity":47.68,"pressure":1009.03,"temperature":24.35},"name":"mqtt_consumer","tags":{"topic":"arsip/sensor_bme280"},"timestamp":"2026-08-06 03:51:33"}
{"fields":{"humidity":47.68,"pressure":1009.03,"temperature":24.35},"name":"mqtt_consumer","tags":{"topic":"arsip/sensor_bme280"},"timestamp":"2026-08-06 03:51:36"}
{"fields":{"humidity":47.68,"pressure":1009.03,"temperature":24.35},"name":"mqtt_consumer","tags":{"topic":"arsip/sensor_bme280"},"timestamp":"2026-08-06 03:51:37"}
{"fields":{"humidity":47.68,"pressure":1009.03,"temperature":24.35},"name":"mqtt_consumer","tags":{"topic":"arsip/sensor_bme280"},"timestamp":"2026-08-06 03:51:40"}
{"fields":{"humidity":47.68,"pressure":1009.03,"temperature":24.35},"name":"mqtt_consumer","tags":{"topic":"arsip/sensor_bme280"},"timestamp":"2026-08-06 03:51:41"}
{"fields":{"humidity":47.68,"pressure":1009.03,"temperature":24.35},"name":"mqtt_consumer","tags":{"topic":"arsip/sensor_bme280"},"timestamp":"2026-08-06 03:51:44"}
{"fields":{"humidity":47.68,"pressure":1009.03,"temperature":24.35},"name":"mqtt_consumer","tags":{"topic":"arsip/sensor_bme280"},"timestamp":"2026-08-06 03:51:45"}
{"fields":{"humidity":47.68,"pressure":1009.03,"temperature":24.35},"name":"mqtt_consumer","tags":{"topic":"arsip/sensor_bme280"},"timestamp":"2026-08-06 03:51:48"}
{"fields":{"humidity":47.68,"pressure":1009.03,"temperature":24.35},"name":"mqtt_consumer","tags":{"topic":"arsip/sensor_bme280"},"timestamp":"2026-08-06 03:51:49"}
{"fields":{"humidity":47.68,"pressure":1009.03,"temperature":24.35},"name":"mqtt_consumer","tags":{"topic":"arsip/sensor_bme280"},"timestamp":"2026-08-06 03:51:52"}
{"fields":{"humidity":47.68,"pressure":1009.03,"temperature":24.35},"name":"mqtt_consumer","tags":{"topic":"arsip/sensor_bme280"},"timestamp":"2026-08-06 03:51:53"}
{"fields":{"humidity":47.68,"pressure":1009.03,"temperature":24.35},"name":"mqtt_consumer","tags":{"topic":"arsip/sensor_bme280"},"timestamp":"2026-08-06 03:51:56"}
{"fields":{"humidity":47.68,"pressure":1009.03,"temperature":24.35},"name":"mqtt_consumer","tags":{"topic":"arsip/sensor_bme280"},"timestamp":"2026-08-06 03:51:57"}
{"fields":{"humidity":46.77,"temperature":25.36},"name":"mqtt_consumer","tags":{"topic":"arsip/sensor_dht11"},"timestamp":"2026-08-06 03:51:59"}
{"fields":{"humidity":47.51,"pressure":1009.02,"temperature":24.29},"name":"mqtt_consumer","tags":{"topic":"arsip/sensor_bme280"},"timestamp":"2026-08-06 03:52:00"}
{"fields":{"humidity":47.51,"pressure":1009.02,"temperature":24.29},"name":"mqtt_consumer","tags":{"topic":"arsip/sensor_bme280"},"timestamp":"2026-08-06 03:52:01"}
{"fields":{"humidity":47.51,"pressure":1009.02,"temperature":24.29},"name":"mqtt_consumer","tags":{"topic":"arsip/sensor_bme280"},"timestamp":"2026-08-06 03:52:04"}
{"fields":{"humidity":47.51,"pressure":1009.02,"temperature":24.29},"name":"mqtt_consumer","tags":{"topic":"arsip/sensor_bme280"},"timestamp":"2026-08-06 03:52:05"}
{"fields":{"humidity":47.51,"pressure":1009.02,"temperature":24.29},"name":"mqtt_consumer","tags":{"topic":"arsip/sensor_bme280"},"timestamp":"2026-08-06 03:52:08"}
{"fields":{"humidity":47.51,"pressure":1009.02,"temperature":24.29},"name":"mqtt_consumer","tags":{"topic":"arsip/sensor_bme280"},"timestamp":"2026-08-06 03:52:09"}
{"fields":{"humidity":47.51,"pressure":1009.02,"temperature":24.29},"name":"mqtt_consumer","tags":{"topic":"arsip/sensor_bme280"},"timestamp":"2026-08-06 03:52:12"}
{"fields":{"humidity":47.51,"pressure":1009.02,"temperature":24.29},"name":"mqtt_consumer","tags":{"topic":"arsip/sensor_bme280"},"timestamp":"2026-08-06 03:52:13"}
{"fields":{"humidity":47.51,"pressure":1009.02,"temperature":24.29},"name":"mqtt_consumer","tags":{"topic":"arsip/sensor_bme280"},"timestamp":"2026-08-06 03:52:16"}
{"fields":{"humidity":47.51,"pressure":1009.02,"temperature":24.29},"name":"mqtt_consumer","tags":{"topic":"arsip/sensor_bme280"},"timestamp":"2026-08-06 03:52:17"}
{"fields":{"humidity":47.51,"pressure":1009.02,"temperature":24.29},"name":"mqtt_consumer","tags":{"topic":"arsip/sensor_bme280"},"timestamp":"2026-08-06 03:52:20"}
{"fields":{"humidity":47.51,"pressure":1009.02,"temperature":24.29},"name":"mqtt_consumer","tags":{"topic":"arsip/sensor_bme280"},"timestamp":"2026-08-06 03:52:21"}
{"fields":{"humidity":47.51,"pressure":1009.02,"temperature":24.29},"name":"mqtt_consumer","tags":{"topic":"arsip/sensor_bme280"},"timestamp":"2026-08-06 03:52:24"}
{"fields":{"humidity":47.51,"pressure":1009.02,"temperature":24.29},"name":"mqtt_consumer","tags":{"topic":"arsip/sensor_bme280"},"timestamp":"2026-08-06 03:52:25"}
{"fields":{"humidity":47.51,"pressure":1009.02,"temperature":24.29},"name":"mqtt_consumer","tags":{"topic":"arsip/sensor_bme280"},"timestamp":"2026-08-06 03:52:28"}
{"fields":{"humidity":46.53,"temperature":25.36},"name":"mqtt_consumer","tags":{"topic":"arsip/sensor_dht11"},"timestamp":"2026-08-06 03:52:29"}
{"fields":{"humidity":47.67,"pressure":1009.09,"temperature":24.3},"name":"mqtt_consumer","tags":{"topic":"arsip/sensor_bme280"},"timestamp":"2026-08-06 03:52:29"}
{"fields":{"humidity":47.67,"pressure":1009.09,"temperature":24.3},"name":"mqtt_consumer","tags":{"topic":"arsip/sensor_bme280"},"timestamp":"2026-08-06 03:52:32"}
{"fields":{"humidity":47.67,"pressure":1009.09,"temperature":24.3},"name":"mqtt_consumer","tags":{"topic":"arsip/sensor_bme280"},"timestamp":"2026-08-06 03:52:33"}
{"fields":{"humidity":47.67,"pressure":1009.09,"temperature":24.3},"name":"mqtt_consumer","tags":{"topic":"arsip/sensor_bme280"},"timestamp":"2026-08-06 03:52:36"}
{"fields":{"humidity":47.67,"pressure":1009.09,"temperature":24.3},"name":"mqtt_consumer","tags":{"topic":"arsip/sensor_bme280"},"timestamp":"2026-08-06 03:52:37"}
{"fields":{"humidity":47.67,"pressure":1009.09,"temperature":24.3},"name":"mqtt_consumer","tags":{"topic":"arsip/sensor_bme280"},"timestamp":"2026-08-06 03:52:40"}
{"fields":{"humidity":47.67,"pressure":1009.09,"temperature":24.3},"name":"mqtt_consumer","tags":{"topic":"arsip/sensor_bme280"},"timestamp":"2026-08-06 03:52:41"}
{"fields":{"humidity":47.67,"pressure":1009.09,"temperature":24.3},"name":"mqtt_consumer","tags":{"topic":"arsip/sensor_bme280"},"timestamp":"2026-08-06 03:52:45"}
{"fields":{"humidity":47.67,"pressure":1009.09,"temperature":24.3},"name":"mqtt_consumer","tags":{"topic":"arsip/sensor_bme280"},"timestamp":"2026-08-06 03:52:46"}
{"fields":{"humidity":47.67,"pressure":1009.09,"temperature":24.3},"name":"mqtt_consumer","tags":{"topic":"arsip/sensor_bme280"},"timestamp":"2026-08-06 03:52:48"}
{"fields":{"humidity":47.67,"pressure":1009.09,"temperature":24.3},"name":"mqtt_consumer","tags":{"topic":"arsip/sensor_bme280"},"timestamp":"2026-08-06 03:52:49"}
{"fields":{"humidity":47.67,"pressure":1009.09,"temperature":24.3},"name":"mqtt_consumer","tags":{"topic":"arsip/sensor_bme280"},"timestamp":"2026-08-06 03:52:52"}
{"fields":{"humidity":47.67,"pressure":1009.09,"temperature":24.3},"name":"mqtt_consumer","tags":{"topic":"arsip/sensor_bme280"},"timestamp":"2026-08-06 03:52:53"}
{"fields":{"humidity":47.67,"pressure":1009.09,"temperature":24.3},"name":"mqtt_consumer","tags":{"topic":"arsip/sensor_bme280"},"timestamp":"2026-08-06 03:52:56"}
{"fields":{"humidity":47.67,"pressure":1009.09,"temperature":24.3},"name":"mqtt_consumer","tags":{"topic":"arsip/sensor_bme280"},"timestamp":"2026-08-06 03:52:57"}
{"fields":{"humidity":46.45,"temperature":25.47},"name":"mqtt_consumer","tags":{"topic":"arsip/sensor_dht11"},"timestamp":"2026-08-06 03:52:59"}
{"fields":{"humidity":47.51,"pressure":1009.08,"temperature":24.37},"name":"mqtt_consumer","tags":{"topic":"arsip/sensor_bme280"},"timestamp":"2026-08-06 03:53:00"}
{"fields":{"humidity":47.51,"pressure":1009.08,"temperature":24.37},"name":"mqtt_consumer","tags":{"topic":"arsip/sensor_bme280"},"timestamp":"2026-08-06 03:53:01"}
{"fields":{"humidity":47.51,"pressure":1009.08,"temperature":24.37},"name":"mqtt_consumer","tags":{"topic":"arsip/sensor_bme280"},"timestamp":"2026-08-06 03:53:04"}
{"fields":{"humidity":47.51,"pressure":1009.08,"temperature":24.37},"name":"mqtt_consumer","tags":{"topic":"arsip/sensor_bme280"},"timestamp":"2026-08-06 03:53:05"}
{"fields":{"humidity":47.51,"pressure":1009.08,"temperature":24.37},"name":"mqtt_consumer","tags":{"topic":"arsip/sensor_bme280"},"timestamp":"2026-08-06 03:53:08"}
{"fields":{"humidity":47.51,"pressure":1009.08,"temperature":24.37},"name":"mqtt_consumer","tags":{"topic":"arsip/sensor_bme280"},"timestamp":"2026-08-06 03:53:09"}
{"fields":{"humidity":47.51,"pressure":1009.08,"temperature":24.37},"name":"mqtt_consumer","tags":{"topic":"arsip/sensor_bme280"},"timestamp":"2026-08-06 03:53:12"}
{"fields":{"humidity":47.51,"pressure":1009.08,"temperature":24.37},"name":"mqtt_consumer","tags":{"topic":"arsip/sensor_bme280"},"timestamp":"2026-08-06 03:53:13"}
{"fields":{"humidity":47.51,"pressure":1009.08,"temperature":24.37},"name":"mqtt_consumer","tags":{"topic":"arsip/sensor_bme280"},"timestamp":"2026-08-06 03:53:16"}
{"fields":{"humidity":47.51,"pressure":1009.08,"temperature":24.37},"name":"mqtt_consumer","tags":{"topic":"arsip/sensor_bme280"},"timestamp":"2026-08-06 03:53:17"}
{"fields":{"humidity":47.51,"pressure":1009.08,"temperature":24.37},"name":"mqtt_consumer","tags":{"topic":"arsip/sensor_bme280"},"timestamp":"2026-08-06 03:53:20"}
{"fields":{"humidity":47.51,"pressure":1009.08,"temperature":24.37},"name":"mqtt_consumer","tags":{"topic":"arsip/sensor_bme280"},"timestamp":"2026-08-06 03:53:21"}
{"fields":{"humidity":47.51,"pressure":1009.08,"temperature":24.37},"name":"mqtt_consumer","tags":{"topic":"arsip/sensor_bme280"},"timestamp":"2026-08-06 03:53:24"}
{"fields":{"humidity":47.51,"pressure":1009.08,"temperature":24.37},"name":"mqtt_consumer","tags":{"topic":"arsip/sensor_bme280"},"timestamp":"2026-08-06 03:53:25"}
{"fields":{"humidity":47.51,"pressure":1009.08,"temperature":24.37},"name":"mqtt_consumer","tags":{"topic":"arsip/sensor_bme280"},"timestamp":"2026-08-06 03:53:28"}
{"fields":{"humidity":46.45,"temperature":25.47},"name":"mqtt_consumer","tags":{"topic":"arsip/sensor_dht11"},"timestamp":"2026-08-06 03:53:29"}
{"fields":{"humidity":47.45,"pressure":1009.13,"temperature":24.24},"name":"mqtt_consumer","tags":{"topic":"arsip/sensor_bme280"},"timestamp":"2026-08-06 03:53:29"}
{"fields":{"humidity":47.45,"pressure":1009.13,"temperature":24.24},"name":"mqtt_consumer","tags":{"topic":"arsip/sensor_bme280"},"timestamp":"2026-08-06 03:53:32"}
{"fields":{"humidity":47.45,"pressure":1009.13,"temperature":24.24},"name":"mqtt_consumer","tags":{"topic":"arsip/sensor_bme280"},"timestamp":"2026-08-06 03:53:33"}
{"fields":{"humidity":47.45,"pressure":1009.13,"temperature":24.24},"name":"mqtt_consumer","tags":{"topic":"arsip/sensor_bme280"},"timestamp":"2026-08-06 03:53:36"}
{"fields":{"humidity":47.45,"pressure":1009.13,"temperature":24.24},"name":"mqtt_consumer","tags":{"topic":"arsip/sensor_bme280"},"timestamp":"2026-08-06 03:53:37"}
{"fields":{"humidity":47.45,"pressure":1009.13,"temperature":24.24},"name":"mqtt_consumer","tags":{"topic":"arsip/sensor_bme280"},"timestamp":"2026-08-06 03:53:40"}
{"fields":{"humidity":47.45,"pressure":1009.13,"temperature":24.24},"name":"mqtt_consumer","tags":{"topic":"arsip/sensor_bme280"},"timestamp":"2026-08-06 03:53:41"}
{"fields":{"humidity":47.45,"pressure":1009.13,"temperature":24.24},"name":"mqtt_consumer","tags":{"topic":"arsip/sensor_bme280"},"timestamp":"2026-08-06 03:53:44"}
{"fields":{"humidity":47.45,"pressure":1009.13,"temperature":24.24},"name":"mqtt_consumer","tags":{"topic":"arsip/sensor_bme280"},"timestamp":"2026-08-06 03:53:45"}
{"fields":{"humidity":47.45,"pressure":1009.13,"temperature":24.24},"name":"mqtt_consumer","tags":{"topic":"arsip/sensor_bme280"},"timestamp":"2026-08-06 03:53:48"}
{"fields":{"humidity":47.45,"pressure":1009.13,"temperature":24.24},"name":"mqtt_consumer","tags":{"topic":"arsip/sensor_bme280"},"timestamp":"2026-08-06 03:53:49"}
{"fields":{"humidity":47.45,"pressure":1009.13,"temperature":24.24},"name":"mqtt_consumer","tags":{"topic":"arsip/sensor_bme280"},"timestamp":"2026-08-06 03:53:52"}
{"fields":{"humidity":47.45,"pressure":1009.13,"temperature":24.24},"name":"mqtt_consumer","tags":{"topic":"arsip/sensor_bme280"},"timestamp":"2026-08-06 03:53:53"}
{"fields":{"hum_offset":0,"temp_offset":0},"name":"mqtt_consumer","tags":{"topic":"arsip/sensor_bme280/config"},"timestamp":"2026-08-06 03:53:58"}
{"fields":{"humidity":47.45,"pressure":1009.13,"temperature":24.24},"name":"mqtt_consumer","tags":{"topic":"arsip/sensor_bme280"},"timestamp":"2026-08-06 03:53:58"}
{"fields":{"humidity":47.47,"pressure":1009.13,"temperature":24.19},"name":"mqtt_consumer","tags":{"topic":"arsip/sensor_bme280"},"timestamp":"2026-08-06 03:54:01"}
{"fields":{"humidity":47.47,"pressure":1009.13,"temperature":24.19},"name":"mqtt_consumer","tags":{"topic":"arsip/sensor_bme280"},"timestamp":"2026-08-06 03:54:03"}
{"fields":{"humidity":47.47,"pressure":1009.13,"temperature":24.19},"name":"mqtt_consumer","tags":{"topic":"arsip/sensor_bme280"},"timestamp":"2026-08-06 03:54:05"}
{"fields":{"humidity":47.47,"pressure":1009.13,"temperature":24.19},"name":"mqtt_consumer","tags":{"topic":"arsip/sensor_bme280"},"timestamp":"2026-08-06 03:54:06"}
{"fields":{"humidity":47.47,"pressure":1009.13,"temperature":24.19},"name":"mqtt_consumer","tags":{"topic":"arsip/sensor_bme280"},"timestamp":"2026-08-06 03:54:09"}
{"fields":{"humidity":47.47,"pressure":1009.13,"temperature":24.19},"name":"mqtt_consumer","tags":{"topic":"arsip/sensor_bme280"},"timestamp":"2026-08-06 03:54:10"}
{"fields":{"hum_offset":0,"temp_offset":0},"name":"mqtt_consumer","tags":{"topic":"arsip/sensor_dht11/config"},"timestamp":"2026-08-06 03:54:10"}
{"fields":{"humidity":47.47,"pressure":1009.13,"temperature":24.19},"name":"mqtt_consumer","tags":{"topic":"arsip/sensor_bme280"},"timestamp":"2026-08-06 03:54:13"}
{"fields":{"humidity":47.47,"pressure":1009.13,"temperature":24.19},"name":"mqtt_consumer","tags":{"topic":"arsip/sensor_bme280"},"timestamp":"2026-08-06 03:54:14"}
{"fields":{"humidity":47.47,"pressure":1009.13,"temperature":24.19},"name":"mqtt_consumer","tags":{"topic":"arsip/sensor_bme280"},"timestamp":"2026-08-06 03:54:17"}
{"fields":{"humidity":47.47,"pressure":1009.13,"temperature":24.19},"name":"mqtt_consumer","tags":{"topic":"arsip/sensor_bme280"},"timestamp":"2026-08-06 03:54:18"}
{"fields":{"humidity":47.47,"pressure":1009.13,"temperature":24.19},"name":"mqtt_consumer","tags":{"topic":"arsip/sensor_bme280"},"timestamp":"2026-08-06 03:54:21"}
{"fields":{"humidity":47.47,"pressure":1009.13,"temperature":24.19},"name":"mqtt_consumer","tags":{"topic":"arsip/sensor_bme280"},"timestamp":"2026-08-06 03:54:22"}
{"fields":{"humidity":47.47,"pressure":1009.13,"temperature":24.19},"name":"mqtt_consumer","tags":{"topic":"arsip/sensor_bme280"},"timestamp":"2026-08-06 03:54:25"}
{"fields":{"humidity":47.47,"pressure":1009.13,"temperature":24.19},"name":"mqtt_consumer","tags":{"topic":"arsip/sensor_bme280"},"timestamp":"2026-08-06 03:54:26"}
{"fields":{"humidity":47.47,"pressure":1009.13,"temperature":24.19},"name":"mqtt_consumer","tags":{"topic":"arsip/sensor_bme280"},"timestamp":"2026-08-06 03:54:29"}
{"fields":{"humidity":47.93,"pressure":1009.06,"temperature":24.22},"name":"mqtt_consumer","tags":{"topic":"arsip/sensor_bme280"},"timestamp":"2026-08-06 03:54:30"}
{"fields":{"humidity":47.93,"pressure":1009.06,"temperature":24.22},"name":"mqtt_consumer","tags":{"topic":"arsip/sensor_bme280"},"timestamp":"2026-08-06 03:54:33"}
{"fields":{"humidity":47.93,"pressure":1009.06,"temperature":24.22},"name":"mqtt_consumer","tags":{"topic":"arsip/sensor_bme280"},"timestamp":"2026-08-06 03:54:34"}
{"fields":{"humidity":47.93,"pressure":1009.06,"temperature":24.22},"name":"mqtt_consumer","tags":{"topic":"arsip/sensor_bme280"},"timestamp":"2026-08-06 03:54:37"}
{"fields":{"humidity":47.93,"pressure":1009.06,"temperature":24.22},"name":"mqtt_consumer","tags":{"topic":"arsip/sensor_bme280"},"timestamp":"2026-08-06 03:54:38"}
{"fields":{"humidity":46.37,"temperature":25.36},"name":"mqtt_consumer","tags":{"topic":"arsip/sensor_dht11"},"timestamp":"2026-08-06 03:54:40"}
{"fields":{"humidity":47.93,"pressure":1009.06,"temperature":24.22},"name":"mqtt_consumer","tags":{"topic":"arsip/sensor_bme280"},"timestamp":"2026-08-06 03:54:41"}
{"fields":{"humidity":47.93,"pressure":1009.06,"temperature":24.22},"name":"mqtt_consumer","tags":{"topic":"arsip/sensor_bme280"},"timestamp":"2026-08-06 03:54:42"}
{"fields":{"humidity":47.93,"pressure":1009.06,"temperature":24.22},"name":"mqtt_consumer","tags":{"topic":"arsip/sensor_bme280"},"timestamp":"2026-08-06 03:54:45"}
{"fields":{"humidity":47.93,"pressure":1009.06,"temperature":24.22},"name":"mqtt_consumer","tags":{"topic":"arsip/sensor_bme280"},"timestamp":"2026-08-06 03:54:46"}
{"fields":{"humidity":47.93,"pressure":1009.06,"temperature":24.22},"name":"mqtt_consumer","tags":{"topic":"arsip/sensor_bme280"},"timestamp":"2026-08-06 03:54:49"}
{"fields":{"humidity":47.93,"pressure":1009.06,"temperature":24.22},"name":"mqtt_consumer","tags":{"topic":"arsip/sensor_bme280"},"timestamp":"2026-08-06 03:54:50"}
{"fields":{"humidity":47.93,"pressure":1009.06,"temperature":24.22},"name":"mqtt_consumer","tags":{"topic":"arsip/sensor_bme280"},"timestamp":"2026-08-06 03:54:53"}
{"fields":{"humidity":47.93,"pressure":1009.06,"temperature":24.22},"name":"mqtt_consumer","tags":{"topic":"arsip/sensor_bme280"},"timestamp":"2026-08-06 03:54:54"}
{"fields":{"humidity":47.93,"pressure":1009.06,"temperature":24.22},"name":"mqtt_consumer","tags":{"topic":"arsip/sensor_bme280"},"timestamp":"2026-08-06 03:54:57"}
{"fields":{"humidity":47.93,"pressure":1009.06,"temperature":24.22},"name":"mqtt_consumer","tags":{"topic":"arsip/sensor_bme280"},"timestamp":"2026-08-06 03:54:58"}
{"fields":{"humidity":47.76,"pressure":1009,"temperature":24.2},"name":"mqtt_consumer","tags":{"topic":"arsip/sensor_bme280"},"timestamp":"2026-08-06 03:55:01"}
{"fields":{"humidity":47.76,"pressure":1009,"temperature":24.2},"name":"mqtt_consumer","tags":{"topic":"arsip/sensor_bme280"},"timestamp":"2026-08-06 03:55:02"}
{"fields":{"humidity":47.76,"pressure":1009,"temperature":24.2},"name":"mqtt_consumer","tags":{"topic":"arsip/sensor_bme280"},"timestamp":"2026-08-06 03:55:05"}
{"fields":{"humidity":47.76,"pressure":1009,"temperature":24.2},"name":"mqtt_consumer","tags":{"topic":"arsip/sensor_bme280"},"timestamp":"2026-08-06 03:55:06"}
{"fields":{"humidity":47.76,"pressure":1009,"temperature":24.2},"name":"mqtt_consumer","tags":{"topic":"arsip/sensor_bme280"},"timestamp":"2026-08-06 03:55:09"}
{"fields":{"humidity":47.76,"pressure":1009,"temperature":24.2},"name":"mqtt_consumer","tags":{"topic":"arsip/sensor_bme280"},"timestamp":"2026-08-06 03:55:10"}
{"fields":{"humidity":46.53,"temperature":25.25},"name":"mqtt_consumer","tags":{"topic":"arsip/sensor_dht11"},"timestamp":"2026-08-06 03:55:10"}
{"fields":{"humidity":47.76,"pressure":1009,"temperature":24.2},"name":"mqtt_consumer","tags":{"topic":"arsip/sensor_bme280"},"timestamp":"2026-08-06 03:55:13"}
{"fields":{"humidity":47.76,"pressure":1009,"temperature":24.2},"name":"mqtt_consumer","tags":{"topic":"arsip/sensor_bme280"},"timestamp":"2026-08-06 03:55:14"}
{"fields":{"humidity":47.76,"pressure":1009,"temperature":24.2},"name":"mqtt_consumer","tags":{"topic":"arsip/sensor_bme280"},"timestamp":"2026-08-06 03:55:17"}
{"fields":{"humidity":47.76,"pressure":1009,"temperature":24.2},"name":"mqtt_consumer","tags":{"topic":"arsip/sensor_bme280"},"timestamp":"2026-08-06 03:55:18"}
{"fields":{"humidity":47.76,"pressure":1009,"temperature":24.2},"name":"mqtt_consumer","tags":{"topic":"arsip/sensor_bme280"},"timestamp":"2026-08-06 03:55:21"}
{"fields":{"humidity":47.76,"pressure":1009,"temperature":24.2},"name":"mqtt_consumer","tags":{"topic":"arsip/sensor_bme280"},"timestamp":"2026-08-06 03:55:22"}
{"fields":{"humidity":47.76,"pressure":1009,"temperature":24.2},"name":"mqtt_consumer","tags":{"topic":"arsip/sensor_bme280"},"timestamp":"2026-08-06 03:55:25"}
{"fields":{"humidity":47.76,"pressure":1009,"temperature":24.2},"name":"mqtt_consumer","tags":{"topic":"arsip/sensor_bme280"},"timestamp":"2026-08-06 03:55:26"}
{"fields":{"humidity":47.76,"pressure":1009,"temperature":24.2},"name":"mqtt_consumer","tags":{"topic":"arsip/sensor_bme280"},"timestamp":"2026-08-06 03:55:29"}
{"fields":{"humidity":47.29,"pressure":1009.1,"temperature":24.19},"name":"mqtt_consumer","tags":{"topic":"arsip/sensor_bme280"},"timestamp":"2026-08-06 03:55:30"}
{"fields":{"hum_offset":0,"temp_offset":0},"name":"mqtt_consumer","tags":{"topic":"arsip/sensor_dht11/config"},"timestamp":"2026-08-06 03:55:45"}
{"fields":{"hum_offset":0,"temp_offset":0},"name":"mqtt_consumer","tags":{"topic":"arsip/sensor_bme280/config"},"timestamp":"2026-08-06 03:55:45"}
{"fields":{"humidity":47.29,"pressure":1009.1,"temperature":24.19},"name":"mqtt_consumer","tags":{"topic":"arsip/sensor_bme280"},"timestamp":"2026-08-06 03:55:48"}
{"fields":{"humidity":47.29,"pressure":1009.1,"temperature":24.19},"name":"mqtt_consumer","tags":{"topic":"arsip/sensor_bme280"},"timestamp":"2026-08-06 03:55:49"}
{"fields":{"humidity":47.29,"pressure":1009.1,"temperature":24.19},"name":"mqtt_consumer","tags":{"topic":"arsip/sensor_bme280"},"timestamp":"2026-08-06 03:55:52"}
{"fields":{"humidity":47.29,"pressure":1009.1,"temperature":24.19},"name":"mqtt_consumer","tags":{"topic":"arsip/sensor_bme280"},"timestamp":"2026-08-06 03:55:53"}
{"fields":{"humidity":47.29,"pressure":1009.1,"temperature":24.19},"name":"mqtt_consumer","tags":{"topic":"arsip/sensor_bme280"},"timestamp":"2026-08-06 03:55:56"}
{"fields":{"humidity":47.29,"pressure":1009.1,"temperature":24.19},"name":"mqtt_consumer","tags":{"topic":"arsip/sensor_bme280"},"timestamp":"2026-08-06 03:55:57"}
{"fields":{"humidity":47.63,"pressure":1009.09,"temperature":24.16},"name":"mqtt_consumer","tags":{"topic":"arsip/sensor_bme280"},"timestamp":"2026-08-06 03:56:00"}
{"fields":{"humidity":47.63,"pressure":1009.09,"temperature":24.16},"name":"mqtt_consumer","tags":{"topic":"arsip/sensor_bme280"},"timestamp":"2026-08-06 03:56:01"}
{"fields":{"humidity":47.63,"pressure":1009.09,"temperature":24.16},"name":"mqtt_consumer","tags":{"topic":"arsip/sensor_bme280"},"timestamp":"2026-08-06 03:56:04"}
{"fields":{"humidity":47.63,"pressure":1009.09,"temperature":24.16},"name":"mqtt_consumer","tags":{"topic":"arsip/sensor_bme280"},"timestamp":"2026-08-06 03:56:05"}
{"fields":{"humidity":47.63,"pressure":1009.09,"temperature":24.16},"name":"mqtt_consumer","tags":{"topic":"arsip/sensor_bme280"},"timestamp":"2026-08-06 03:56:08"}
{"fields":{"humidity":47.63,"pressure":1009.09,"temperature":24.16},"name":"mqtt_consumer","tags":{"topic":"arsip/sensor_bme280"},"timestamp":"2026-08-06 03:56:09"}
{"fields":{"humidity":47.63,"pressure":1009.09,"temperature":24.16},"name":"mqtt_consumer","tags":{"topic":"arsip/sensor_bme280"},"timestamp":"2026-08-06 03:56:12"}
{"fields":{"humidity":47.63,"pressure":1009.09,"temperature":24.16},"name":"mqtt_consumer","tags":{"topic":"arsip/sensor_bme280"},"timestamp":"2026-08-06 03:56:13"}
{"fields":{"humidity":46.53,"temperature":25.15},"name":"mqtt_consumer","tags":{"topic":"arsip/sensor_dht11"},"timestamp":"2026-08-06 03:56:15"}
{"fields":{"humidity":47.63,"pressure":1009.09,"temperature":24.16},"name":"mqtt_consumer","tags":{"topic":"arsip/sensor_bme280"},"timestamp":"2026-08-06 03:56:16"}
{"fields":{"humidity":47.63,"pressure":1009.09,"temperature":24.16},"name":"mqtt_consumer","tags":{"topic":"arsip/sensor_bme280"},"timestamp":"2026-08-06 03:56:17"}
{"fields":{"humidity":47.63,"pressure":1009.09,"temperature":24.16},"name":"mqtt_consumer","tags":{"topic":"arsip/sensor_bme280"},"timestamp":"2026-08-06 03:56:20"}
{"fields":{"humidity":47.63,"pressure":1009.09,"temperature":24.16},"name":"mqtt_consumer","tags":{"topic":"arsip/sensor_bme280"},"timestamp":"2026-08-06 03:56:21"}
{"fields":{"humidity":47.63,"pressure":1009.09,"temperature":24.16},"name":"mqtt_consumer","tags":{"topic":"arsip/sensor_bme280"},"timestamp":"2026-08-06 03:56:24"}
{"fields":{"humidity":47.63,"pressure":1009.09,"temperature":24.16},"name":"mqtt_consumer","tags":{"topic":"arsip/sensor_bme280"},"timestamp":"2026-08-06 03:56:25"}
{"fields":{"humidity":47.63,"pressure":1009.09,"temperature":24.16},"name":"mqtt_consumer","tags":{"topic":"arsip/sensor_bme280"},"timestamp":"2026-08-06 03:56:28"}
{"fields":{"humidity":47.68,"pressure":1009.13,"temperature":24.24},"name":"mqtt_consumer","tags":{"topic":"arsip/sensor_bme280"},"timestamp":"2026-08-06 03:56:29"}
{"fields":{"humidity":47.68,"pressure":1009.13,"temperature":24.24},"name":"mqtt_consumer","tags":{"topic":"arsip/sensor_bme280"},"timestamp":"2026-08-06 03:56:32"}
{"fields":{"humidity":47.68,"pressure":1009.13,"temperature":24.24},"name":"mqtt_consumer","tags":{"topic":"arsip/sensor_bme280"},"timestamp":"2026-08-06 03:56:33"}
{"fields":{"humidity":47.68,"pressure":1009.13,"temperature":24.24},"name":"mqtt_consumer","tags":{"topic":"arsip/sensor_bme280"},"timestamp":"2026-08-06 03:56:36"}
{"fields":{"humidity":47.68,"pressure":1009.13,"temperature":24.24},"name":"mqtt_consumer","tags":{"topic":"arsip/sensor_bme280"},"timestamp":"2026-08-06 03:56:37"}
{"fields":{"humidity":47.68,"pressure":1009.13,"temperature":24.24},"name":"mqtt_consumer","tags":{"topic":"arsip/sensor_bme280"},"timestamp":"2026-08-06 03:56:40"}
{"fields":{"humidity":47.68,"pressure":1009.13,"temperature":24.24},"name":"mqtt_consumer","tags":{"topic":"arsip/sensor_bme280"},"timestamp":"2026-08-06 03:56:41"}
{"fields":{"humidity":47.68,"pressure":1009.13,"temperature":24.24},"name":"mqtt_consumer","tags":{"topic":"arsip/sensor_bme280"},"timestamp":"2026-08-06 03:56:44"}
{"fields":{"humidity":46.61,"temperature":25.15},"name":"mqtt_consumer","tags":{"topic":"arsip/sensor_dht11"},"timestamp":"2026-08-06 03:56:45"}
{"fields":{"humidity":47.68,"pressure":1009.13,"temperature":24.24},"name":"mqtt_consumer","tags":{"topic":"arsip/sensor_bme280"},"timestamp":"2026-08-06 03:56:45"}
{"fields":{"humidity":47.68,"pressure":1009.13,"temperature":24.24},"name":"mqtt_consumer","tags":{"topic":"arsip/sensor_bme280"},"timestamp":"2026-08-06 03:56:48"}
{"fields":{"humidity":47.68,"pressure":1009.13,"temperature":24.24},"name":"mqtt_consumer","tags":{"topic":"arsip/sensor_bme280"},"timestamp":"2026-08-06 03:56:49"}
{"fields":{"humidity":47.68,"pressure":1009.13,"temperature":24.24},"name":"mqtt_consumer","tags":{"topic":"arsip/sensor_bme280"},"timestamp":"2026-08-06 03:56:52"}
{"fields":{"humidity":47.68,"pressure":1009.13,"temperature":24.24},"name":"mqtt_consumer","tags":{"topic":"arsip/sensor_bme280"},"timestamp":"2026-08-06 03:56:53"}
{"fields":{"humidity":47.68,"pressure":1009.13,"temperature":24.24},"name":"mqtt_consumer","tags":{"topic":"arsip/sensor_bme280"},"timestamp":"2026-08-06 03:56:56"}
{"fields":{"humidity":47.68,"pressure":1009.13,"temperature":24.24},"name":"mqtt_consumer","tags":{"topic":"arsip/sensor_bme280"},"timestamp":"2026-08-06 03:56:57"}
{"fields":{"humidity":47.26,"pressure":1008.98,"temperature":24.3},"name":"mqtt_consumer","tags":{"topic":"arsip/sensor_bme280"},"timestamp":"2026-08-06 03:57:00"}
{"fields":{"humidity":47.26,"pressure":1008.98,"temperature":24.3},"name":"mqtt_consumer","tags":{"topic":"arsip/sensor_bme280"},"timestamp":"2026-08-06 03:57:01"}
{"fields":{"humidity":47.26,"pressure":1008.98,"temperature":24.3},"name":"mqtt_consumer","tags":{"topic":"arsip/sensor_bme280"},"timestamp":"2026-08-06 03:57:04"}
{"fields":{"humidity":47.26,"pressure":1008.98,"temperature":24.3},"name":"mqtt_consumer","tags":{"topic":"arsip/sensor_bme280"},"timestamp":"2026-08-06 03:57:05"}
{"fields":{"humidity":47.26,"pressure":1008.98,"temperature":24.3},"name":"mqtt_consumer","tags":{"topic":"arsip/sensor_bme280"},"timestamp":"2026-08-06 03:57:08"}
{"fields":{"humidity":47.26,"pressure":1008.98,"temperature":24.3},"name":"mqtt_consumer","tags":{"topic":"arsip/sensor_bme280"},"timestamp":"2026-08-06 03:57:09"}
{"fields":{"humidity":47.26,"pressure":1008.98,"temperature":24.3},"name":"mqtt_consumer","tags":{"topic":"arsip/sensor_bme280"},"timestamp":"2026-08-06 03:57:12"}
{"fields":{"humidity":47.26,"pressure":1008.98,"temperature":24.3},"name":"mqtt_consumer","tags":{"topic":"arsip/sensor_bme280"},"timestamp":"2026-08-06 03:57:13"}
{"fields":{"humidity":46.77,"temperature":25.36},"name":"mqtt_consumer","tags":{"topic":"arsip/sensor_dht11"},"timestamp":"2026-08-06 03:57:15"}
{"fields":{"humidity":47.26,"pressure":1008.98,"temperature":24.3},"name":"mqtt_consumer","tags":{"topic":"arsip/sensor_bme280"},"timestamp":"2026-08-06 03:57:16"}
{"fields":{"humidity":47.26,"pressure":1008.98,"temperature":24.3},"name":"mqtt_consumer","tags":{"topic":"arsip/sensor_bme280"},"timestamp":"2026-08-06 03:57:17"}
{"fields":{"humidity":47.26,"pressure":1008.98,"temperature":24.3},"name":"mqtt_consumer","tags":{"topic":"arsip/sensor_bme280"},"timestamp":"2026-08-06 03:57:20"}
{"fields":{"humidity":47.26,"pressure":1008.98,"temperature":24.3},"name":"mqtt_consumer","tags":{"topic":"arsip/sensor_bme280"},"timestamp":"2026-08-06 03:57:21"}
{"fields":{"humidity":47.26,"pressure":1008.98,"temperature":24.3},"name":"mqtt_consumer","tags":{"topic":"arsip/sensor_bme280"},"timestamp":"2026-08-06 03:57:24"}
{"fields":{"hum_offset":0,"temp_offset":0},"name":"mqtt_consumer","tags":{"topic":"arsip/sensor_dht11/config"},"timestamp":"2026-08-06 03:57:27"}
{"fields":{"hum_offset":0,"temp_offset":0},"name":"mqtt_consumer","tags":{"topic":"arsip/sensor_bme280/config"},"timestamp":"2026-08-06 03:57:39"}
{"fields":{"humidity":47.7,"pressure":1009.03,"temperature":24.22},"name":"mqtt_consumer","tags":{"topic":"arsip/sensor_bme280"},"timestamp":"2026-08-06 03:57:42"}
{"fields":{"humidity":47.7,"pressure":1009.03,"temperature":24.22},"name":"mqtt_consumer","tags":{"topic":"arsip/sensor_bme280"},"timestamp":"2026-08-06 03:57:43"}
{"fields":{"humidity":46.53,"temperature":25.36},"name":"mqtt_consumer","tags":{"topic":"arsip/sensor_dht11"},"timestamp":"2026-08-06 03:57:45"}
{"fields":{"humidity":47.7,"pressure":1009.03,"temperature":24.22},"name":"mqtt_consumer","tags":{"topic":"arsip/sensor_bme280"},"timestamp":"2026-08-06 03:57:46"}
{"fields":{"humidity":47.7,"pressure":1009.03,"temperature":24.22},"name":"mqtt_consumer","tags":{"topic":"arsip/sensor_bme280"},"timestamp":"2026-08-06 03:57:47"}
{"fields":{"humidity":47.7,"pressure":1009.03,"temperature":24.22},"name":"mqtt_consumer","tags":{"topic":"arsip/sensor_bme280"},"timestamp":"2026-08-06 03:57:50"}
{"fields":{"humidity":47.7,"pressure":1009.03,"temperature":24.22},"name":"mqtt_consumer","tags":{"topic":"arsip/sensor_bme280"},"timestamp":"2026-08-06 03:57:51"}
{"fields":{"humidity":47.7,"pressure":1009.03,"temperature":24.22},"name":"mqtt_consumer","tags":{"topic":"arsip/sensor_bme280"},"timestamp":"2026-08-06 03:57:54"}
{"fields":{"humidity":47.7,"pressure":1009.03,"temperature":24.22},"name":"mqtt_consumer","tags":{"topic":"arsip/sensor_bme280"},"timestamp":"2026-08-06 03:57:55"}
{"fields":{"humidity":47.7,"pressure":1009.03,"temperature":24.22},"name":"mqtt_consumer","tags":{"topic":"arsip/sensor_bme280"},"timestamp":"2026-08-06 03:57:58"}
{"fields":{"humidity":47.7,"pressure":1009.03,"temperature":24.22},"name":"mqtt_consumer","tags":{"topic":"arsip/sensor_bme280"},"timestamp":"2026-08-06 03:57:59"}
{"fields":{"humidity":47.7,"pressure":1009.03,"temperature":24.22},"name":"mqtt_consumer","tags":{"topic":"arsip/sensor_bme280"},"timestamp":"2026-08-06 03:58:02"}
{"fields":{"humidity":47.7,"pressure":1009.03,"temperature":24.22},"name":"mqtt_consumer","tags":{"topic":"arsip/sensor_bme280"},"timestamp":"2026-08-06 03:58:03"}
{"fields":{"humidity":47.7,"pressure":1009.03,"temperature":24.22},"name":"mqtt_consumer","tags":{"topic":"arsip/sensor_bme280"},"timestamp":"2026-08-06 03:58:06"}
{"fields":{"humidity":47.7,"pressure":1009.03,"temperature":24.22},"name":"mqtt_consumer","tags":{"topic":"arsip/sensor_bme280"},"timestamp":"2026-08-06 03:58:07"}
{"fields":{"hum_offset":0,"temp_offset":0},"name":"mqtt_consumer","tags":{"topic":"arsip/sensor_dht11/config"},"timestamp":"2026-08-06 03:58:24"}
{"fields":{"hum_offset":0,"temp_offset":0},"name":"mqtt_consumer","tags":{"topic":"arsip/sensor_bme280/config"},"timestamp":"2026-08-06 03:58:24"}
{"fields":{"humidity":47.52,"pressure":1009.07,"temperature":24.29},"name":"mqtt_consumer","tags":{"topic":"arsip/sensor_bme280"},"timestamp":"2026-08-06 03:58:27"}
{"fields":{"humidity":47.52,"pressure":1009.07,"temperature":24.29},"name":"mqtt_consumer","tags":{"topic":"arsip/sensor_bme280"},"timestamp":"2026-08-06 03:58:28"}
{"fields":{"humidity":47.52,"pressure":1009.07,"temperature":24.29},"name":"mqtt_consumer","tags":{"topic":"arsip/sensor_bme280"},"timestamp":"2026-08-06 03:58:31"}
{"fields":{"humidity":47.52,"pressure":1009.07,"temperature":24.29},"name":"mqtt_consumer","tags":{"topic":"arsip/sensor_bme280"},"timestamp":"2026-08-06 03:58:32"}
{"fields":{"humidity":47.52,"pressure":1009.07,"temperature":24.29},"name":"mqtt_consumer","tags":{"topic":"arsip/sensor_bme280"},"timestamp":"2026-08-06 03:58:35"}
{"fields":{"humidity":47.52,"pressure":1009.07,"temperature":24.29},"name":"mqtt_consumer","tags":{"topic":"arsip/sensor_bme280"},"timestamp":"2026-08-06 03:58:36"}
{"fields":{"humidity":47.52,"pressure":1009.07,"temperature":24.29},"name":"mqtt_consumer","tags":{"topic":"arsip/sensor_bme280"},"timestamp":"2026-08-06 03:58:39"}
{"fields":{"humidity":47.52,"pressure":1009.07,"temperature":24.29},"name":"mqtt_consumer","tags":{"topic":"arsip/sensor_bme280"},"timestamp":"2026-08-06 03:58:40"}
{"fields":{"humidity":47.52,"pressure":1009.07,"temperature":24.29},"name":"mqtt_consumer","tags":{"topic":"arsip/sensor_bme280"},"timestamp":"2026-08-06 03:58:43"}
{"fields":{"humidity":47.52,"pressure":1009.07,"temperature":24.29},"name":"mqtt_consumer","tags":{"topic":"arsip/sensor_bme280"},"timestamp":"2026-08-06 03:58:44"}
{"fields":{"humidity":47.52,"pressure":1009.07,"temperature":24.29},"name":"mqtt_consumer","tags":{"topic":"arsip/sensor_bme280"},"timestamp":"2026-08-06 03:58:47"}
{"fields":{"humidity":47.52,"pressure":1009.07,"temperature":24.29},"name":"mqtt_consumer","tags":{"topic":"arsip/sensor_bme280"},"timestamp":"2026-08-06 03:58:48"}
{"fields":{"humidity":47.52,"pressure":1009.07,"temperature":24.29},"name":"mqtt_consumer","tags":{"topic":"arsip/sensor_bme280"},"timestamp":"2026-08-06 03:58:51"}
{"fields":{"humidity":47.52,"pressure":1009.07,"temperature":24.29},"name":"mqtt_consumer","tags":{"topic":"arsip/sensor_bme280"},"timestamp":"2026-08-06 03:58:52"}
{"fields":{"humidity":46.2,"temperature":25.25},"name":"mqtt_consumer","tags":{"topic":"arsip/sensor_dht11"},"timestamp":"2026-08-06 03:58:54"}
{"fields":{"humidity":47.48,"pressure":1009.02,"temperature":24.21},"name":"mqtt_consumer","tags":{"topic":"arsip/sensor_bme280"},"timestamp":"2026-08-06 03:58:55"}
{"fields":{"humidity":47.48,"pressure":1009.02,"temperature":24.21},"name":"mqtt_consumer","tags":{"topic":"arsip/sensor_bme280"},"timestamp":"2026-08-06 03:58:56"}
{"fields":{"humidity":47.48,"pressure":1009.02,"temperature":24.21},"name":"mqtt_consumer","tags":{"topic":"arsip/sensor_bme280"},"timestamp":"2026-08-06 03:58:59"}
{"fields":{"humidity":47.48,"pressure":1009.02,"temperature":24.21},"name":"mqtt_consumer","tags":{"topic":"arsip/sensor_bme280"},"timestamp":"2026-08-06 03:59:00"}
{"fields":{"humidity":47.48,"pressure":1009.02,"temperature":24.21},"name":"mqtt_consumer","tags":{"topic":"arsip/sensor_bme280"},"timestamp":"2026-08-06 03:59:03"}
{"fields":{"humidity":47.48,"pressure":1009.02,"temperature":24.21},"name":"mqtt_consumer","tags":{"topic":"arsip/sensor_bme280"},"timestamp":"2026-08-06 03:59:04"}
{"fields":{"humidity":47.48,"pressure":1009.02,"temperature":24.21},"name":"mqtt_consumer","tags":{"topic":"arsip/sensor_bme280"},"timestamp":"2026-08-06 03:59:07"}
{"fields":{"humidity":47.48,"pressure":1009.02,"temperature":24.21},"name":"mqtt_consumer","tags":{"topic":"arsip/sensor_bme280"},"timestamp":"2026-08-06 03:59:08"}
{"fields":{"humidity":47.48,"pressure":1009.02,"temperature":24.21},"name":"mqtt_consumer","tags":{"topic":"arsip/sensor_bme280"},"timestamp":"2026-08-06 03:59:11"}
{"fields":{"humidity":47.48,"pressure":1009.02,"temperature":24.21},"name":"mqtt_consumer","tags":{"topic":"arsip/sensor_bme280"},"timestamp":"2026-08-06 03:59:12"}
{"fields":{"humidity":47.48,"pressure":1009.02,"temperature":24.21},"name":"mqtt_consumer","tags":{"topic":"arsip/sensor_bme280"},"timestamp":"2026-08-06 03:59:15"}
{"fields":{"humidity":47.48,"pressure":1009.02,"temperature":24.21},"name":"mqtt_consumer","tags":{"topic":"arsip/sensor_bme280"},"timestamp":"2026-08-06 03:59:16"}
{"fields":{"humidity":47.48,"pressure":1009.02,"temperature":24.21},"name":"mqtt_consumer","tags":{"topic":"arsip/sensor_bme280"},"timestamp":"2026-08-06 03:59:19"}
{"fields":{"humidity":47.48,"pressure":1009.02,"temperature":24.21},"name":"mqtt_consumer","tags":{"topic":"arsip/sensor_bme280"},"timestamp":"2026-08-06 03:59:20"}
{"fields":{"humidity":47.48,"pressure":1009.02,"temperature":24.21},"name":"mqtt_consumer","tags":{"topic":"arsip/sensor_bme280"},"timestamp":"2026-08-06 03:59:23"}
{"fields":{"humidity":46.28,"temperature":25.36},"name":"mqtt_consumer","tags":{"topic":"arsip/sensor_dht11"},"timestamp":"2026-08-06 03:59:24"}
{"fields":{"humidity":47.26,"pressure":1009,"temperature":24.21},"name":"mqtt_consumer","tags":{"topic":"arsip/sensor_bme280"},"timestamp":"2026-08-06 03:59:24"}
{"fields":{"humidity":47.26,"pressure":1009,"temperature":24.21},"name":"mqtt_consumer","tags":{"topic":"arsip/sensor_bme280"},"timestamp":"2026-08-06 03:59:27"}
{"fields":{"humidity":47.26,"pressure":1009,"temperature":24.21},"name":"mqtt_consumer","tags":{"topic":"arsip/sensor_bme280"},"timestamp":"2026-08-06 03:59:28"}
{"fields":{"humidity":47.26,"pressure":1009,"temperature":24.21},"name":"mqtt_consumer","tags":{"topic":"arsip/sensor_bme280"},"timestamp":"2026-08-06 03:59:31"}
{"fields":{"humidity":47.26,"pressure":1009,"temperature":24.21},"name":"mqtt_consumer","tags":{"topic":"arsip/sensor_bme280"},"timestamp":"2026-08-06 03:59:32"}
{"fields":{"humidity":47.26,"pressure":1009,"temperature":24.21},"name":"mqtt_consumer","tags":{"topic":"arsip/sensor_bme280"},"timestamp":"2026-08-06 03:59:35"}
{"fields":{"humidity":47.26,"pressure":1009,"temperature":24.21},"name":"mqtt_consumer","tags":{"topic":"arsip/sensor_bme280"},"timestamp":"2026-08-06 03:59:36"}
{"fields":{"humidity":47.26,"pressure":1009,"temperature":24.21},"name":"mqtt_consumer","tags":{"topic":"arsip/sensor_bme280"},"timestamp":"2026-08-06 03:59:39"}
{"fields":{"humidity":47.26,"pressure":1009,"temperature":24.21},"name":"mqtt_consumer","tags":{"topic":"arsip/sensor_bme280"},"timestamp":"2026-08-06 03:59:40"}
{"fields":{"humidity":47.26,"pressure":1009,"temperature":24.21},"name":"mqtt_consumer","tags":{"topic":"arsip/sensor_bme280"},"timestamp":"2026-08-06 03:59:43"}
{"fields":{"humidity":47.26,"pressure":1009,"temperature":24.21},"name":"mqtt_consumer","tags":{"topic":"arsip/sensor_bme280"},"timestamp":"2026-08-06 03:59:44"}
{"fields":{"humidity":47.26,"pressure":1009,"temperature":24.21},"name":"mqtt_consumer","tags":{"topic":"arsip/sensor_bme280"},"timestamp":"2026-08-06 03:59:47"}
{"fields":{"humidity":47.26,"pressure":1009,"temperature":24.21},"name":"mqtt_consumer","tags":{"topic":"arsip/sensor_bme280"},"timestamp":"2026-08-06 03:59:48"}
{"fields":{"humidity":47.26,"pressure":1009,"temperature":24.21},"name":"mqtt_consumer","tags":{"topic":"arsip/sensor_bme280"},"timestamp":"2026-08-06 03:59:51"}
{"fields":{"humidity":47.26,"pressure":1009,"temperature":24.21},"name":"mqtt_consumer","tags":{"topic":"arsip/sensor_bme280"},"timestamp":"2026-08-06 03:59:52"}
{"fields":{"humidity":46.28,"temperature":25.25},"name":"mqtt_consumer","tags":{"topic":"arsip/sensor_dht11"},"timestamp":"2026-08-06 03:59:54"}
{"fields":{"humidity":47.3,"pressure":1009.01,"temperature":24.27},"name":"mqtt_consumer","tags":{"topic":"arsip/sensor_bme280"},"timestamp":"2026-08-06 03:59:55"}
{"fields":{"humidity":47.3,"pressure":1009.01,"temperature":24.27},"name":"mqtt_consumer","tags":{"topic":"arsip/sensor_bme280"},"timestamp":"2026-08-06 03:59:56"}
{"fields":{"humidity":47.3,"pressure":1009.01,"temperature":24.27},"name":"mqtt_consumer","tags":{"topic":"arsip/sensor_bme280"},"timestamp":"2026-08-06 03:59:59"}
{"fields":{"humidity":47.3,"pressure":1009.01,"temperature":24.27},"name":"mqtt_consumer","tags":{"topic":"arsip/sensor_bme280"},"timestamp":"2026-08-06 04:00:00"}
{"fields":{"humidity":47.3,"pressure":1009.01,"temperature":24.27},"name":"mqtt_consumer","tags":{"topic":"arsip/sensor_bme280"},"timestamp":"2026-08-06 04:00:03"}
{"fields":{"humidity":47.3,"pressure":1009.01,"temperature":24.27},"name":"mqtt_consumer","tags":{"topic":"arsip/sensor_bme280"},"timestamp":"2026-08-06 04:00:04"}
{"fields":{"humidity":47.3,"pressure":1009.01,"temperature":24.27},"name":"mqtt_consumer","tags":{"topic":"arsip/sensor_bme280"},"timestamp":"2026-08-06 04:00:07"}
{"fields":{"humidity":47.3,"pressure":1009.01,"temperature":24.27},"name":"mqtt_consumer","tags":{"topic":"arsip/sensor_bme280"},"timestamp":"2026-08-06 04:00:08"}
{"fields":{"humidity":47.3,"pressure":1009.01,"temperature":24.27},"name":"mqtt_consumer","tags":{"topic":"arsip/sensor_bme280"},"timestamp":"2026-08-06 04:00:11"}
{"fields":{"humidity":47.3,"pressure":1009.01,"temperature":24.27},"name":"mqtt_consumer","tags":{"topic":"arsip/sensor_bme280"},"timestamp":"2026-08-06 04:00:12"}
{"fields":{"humidity":47.3,"pressure":1009.01,"temperature":24.27},"name":"mqtt_consumer","tags":{"topic":"arsip/sensor_bme280"},"timestamp":"2026-08-06 04:00:15"}
{"fields":{"humidity":47.3,"pressure":1009.01,"temperature":24.27},"name":"mqtt_consumer","tags":{"topic":"arsip/sensor_bme280"},"timestamp":"2026-08-06 04:00:16"}
{"fields":{"humidity":47.3,"pressure":1009.01,"temperature":24.27},"name":"mqtt_consumer","tags":{"topic":"arsip/sensor_bme280"},"timestamp":"2026-08-06 04:00:19"}
{"fields":{"humidity":47.3,"pressure":1009.01,"temperature":24.27},"name":"mqtt_consumer","tags":{"topic":"arsip/sensor_bme280"},"timestamp":"2026-08-06 04:00:20"}
{"fields":{"humidity":46.28,"temperature":25.25},"name":"mqtt_consumer","tags":{"topic":"arsip/sensor_dht11"},"timestamp":"2026-08-06 04:00:24"}
{"fields":{"humidity":47.3,"pressure":1009.01,"temperature":24.27},"name":"mqtt_consumer","tags":{"topic":"arsip/sensor_bme280"},"timestamp":"2026-08-06 04:00:25"}
{"fields":{"humidity":47.29,"pressure":1009.05,"temperature":24.34},"name":"mqtt_consumer","tags":{"topic":"arsip/sensor_bme280"},"timestamp":"2026-08-06 04:00:25"}
{"fields":{"humidity":47.29,"pressure":1009.05,"temperature":24.34},"name":"mqtt_consumer","tags":{"topic":"arsip/sensor_bme280"},"timestamp":"2026-08-06 04:00:27"}
{"fields":{"humidity":47.29,"pressure":1009.05,"temperature":24.34},"name":"mqtt_consumer","tags":{"topic":"arsip/sensor_bme280"},"timestamp":"2026-08-06 04:00:28"}
{"fields":{"humidity":47.29,"pressure":1009.05,"temperature":24.34},"name":"mqtt_consumer","tags":{"topic":"arsip/sensor_bme280"},"timestamp":"2026-08-06 04:00:31"}
{"fields":{"humidity":47.29,"pressure":1009.05,"temperature":24.34},"name":"mqtt_consumer","tags":{"topic":"arsip/sensor_bme280"},"timestamp":"2026-08-06 04:00:32"}
{"fields":{"humidity":47.29,"pressure":1009.05,"temperature":24.34},"name":"mqtt_consumer","tags":{"topic":"arsip/sensor_bme280"},"timestamp":"2026-08-06 04:00:35"}
{"fields":{"humidity":47.29,"pressure":1009.05,"temperature":24.34},"name":"mqtt_consumer","tags":{"topic":"arsip/sensor_bme280"},"timestamp":"2026-08-06 04:00:36"}
{"fields":{"humidity":47.29,"pressure":1009.05,"temperature":24.34},"name":"mqtt_consumer","tags":{"topic":"arsip/sensor_bme280"},"timestamp":"2026-08-06 04:00:39"}
{"fields":{"humidity":47.29,"pressure":1009.05,"temperature":24.34},"name":"mqtt_consumer","tags":{"topic":"arsip/sensor_bme280"},"timestamp":"2026-08-06 04:00:40"}
{"fields":{"humidity":47.29,"pressure":1009.05,"temperature":24.34},"name":"mqtt_consumer","tags":{"topic":"arsip/sensor_bme280"},"timestamp":"2026-08-06 04:00:43"}
{"fields":{"humidity":47.29,"pressure":1009.05,"temperature":24.34},"name":"mqtt_consumer","tags":{"topic":"arsip/sensor_bme280"},"timestamp":"2026-08-06 04:00:44"}
{"fields":{"humidity":47.29,"pressure":1009.05,"temperature":24.34},"name":"mqtt_consumer","tags":{"topic":"arsip/sensor_bme280"},"timestamp":"2026-08-06 04:00:47"}
{"fields":{"humidity":47.29,"pressure":1009.05,"temperature":24.34},"name":"mqtt_consumer","tags":{"topic":"arsip/sensor_bme280"},"timestamp":"2026-08-06 04:00:48"}
{"fields":{"humidity":47.29,"pressure":1009.05,"temperature":24.34},"name":"mqtt_consumer","tags":{"topic":"arsip/sensor_bme280"},"timestamp":"2026-08-06 04:00:51"}
{"fields":{"humidity":47.29,"pressure":1009.05,"temperature":24.34},"name":"mqtt_consumer","tags":{"topic":"arsip/sensor_bme280"},"timestamp":"2026-08-06 04:00:52"}
{"fields":{"humidity":46.37,"temperature":25.25},"name":"mqtt_consumer","tags":{"topic":"arsip/sensor_dht11"},"timestamp":"2026-08-06 04:00:54"}
{"fields":{"humidity":47.84,"pressure":1009.05,"temperature":24.35},"name":"mqtt_consumer","tags":{"topic":"arsip/sensor_bme280"},"timestamp":"2026-08-06 04:00:57"}
{"fields":{"humidity":47.84,"pressure":1009.05,"temperature":24.35},"name":"mqtt_consumer","tags":{"topic":"arsip/sensor_bme280"},"timestamp":"2026-08-06 04:00:57"}
{"fields":{"hum_offset":0,"temp_offset":0},"name":"mqtt_consumer","tags":{"topic":"arsip/sensor_dht11/config"},"timestamp":"2026-08-06 04:01:14"}
{"fields":{"hum_offset":0,"temp_offset":0},"name":"mqtt_consumer","tags":{"topic":"arsip/sensor_bme280/config"},"timestamp":"2026-08-06 04:01:14"}
{"fields":{"humidity":47.84,"pressure":1009.05,"temperature":24.35},"name":"mqtt_consumer","tags":{"topic":"arsip/sensor_bme280"},"timestamp":"2026-08-06 04:01:17"}
{"fields":{"humidity":47.84,"pressure":1009.05,"temperature":24.35},"name":"mqtt_consumer","tags":{"topic":"arsip/sensor_bme280"},"timestamp":"2026-08-06 04:01:18"}
{"fields":{"humidity":47.84,"pressure":1009.05,"temperature":24.35},"name":"mqtt_consumer","tags":{"topic":"arsip/sensor_bme280"},"timestamp":"2026-08-06 04:01:21"}
{"fields":{"humidity":47.84,"pressure":1009.05,"temperature":24.35},"name":"mqtt_consumer","tags":{"topic":"arsip/sensor_bme280"},"timestamp":"2026-08-06 04:01:22"}
{"fields":{"humidity":46.53,"temperature":25.25},"name":"mqtt_consumer","tags":{"topic":"arsip/sensor_dht11"},"timestamp":"2026-08-06 04:01:24"}
{"fields":{"humidity":47.45,"pressure":1009.02,"temperature":24.41},"name":"mqtt_consumer","tags":{"topic":"arsip/sensor_bme280"},"timestamp":"2026-08-06 04:01:25"}
{"fields":{"humidity":47.45,"pressure":1009.02,"temperature":24.41},"name":"mqtt_consumer","tags":{"topic":"arsip/sensor_bme280"},"timestamp":"2026-08-06 04:01:26"}
{"fields":{"humidity":47.45,"pressure":1009.02,"temperature":24.41},"name":"mqtt_consumer","tags":{"topic":"arsip/sensor_bme280"},"timestamp":"2026-08-06 04:01:29"}
{"fields":{"humidity":47.45,"pressure":1009.02,"temperature":24.41},"name":"mqtt_consumer","tags":{"topic":"arsip/sensor_bme280"},"timestamp":"2026-08-06 04:01:30"}
{"fields":{"humidity":47.45,"pressure":1009.02,"temperature":24.41},"name":"mqtt_consumer","tags":{"topic":"arsip/sensor_bme280"},"timestamp":"2026-08-06 04:01:33"}
{"fields":{"humidity":47.45,"pressure":1009.02,"temperature":24.41},"name":"mqtt_consumer","tags":{"topic":"arsip/sensor_bme280"},"timestamp":"2026-08-06 04:01:34"}
{"fields":{"humidity":47.45,"pressure":1009.02,"temperature":24.41},"name":"mqtt_consumer","tags":{"topic":"arsip/sensor_bme280"},"timestamp":"2026-08-06 04:01:37"}
{"fields":{"humidity":47.45,"pressure":1009.02,"temperature":24.41},"name":"mqtt_consumer","tags":{"topic":"arsip/sensor_bme280"},"timestamp":"2026-08-06 04:01:38"}
{"fields":{"humidity":47.45,"pressure":1009.02,"temperature":24.41},"name":"mqtt_consumer","tags":{"topic":"arsip/sensor_bme280"},"timestamp":"2026-08-06 04:01:41"}
{"fields":{"humidity":47.45,"pressure":1009.02,"temperature":24.41},"name":"mqtt_consumer","tags":{"topic":"arsip/sensor_bme280"},"timestamp":"2026-08-06 04:01:42"}
{"fields":{"humidity":47.45,"pressure":1009.02,"temperature":24.41},"name":"mqtt_consumer","tags":{"topic":"arsip/sensor_bme280"},"timestamp":"2026-08-06 04:01:45"}
{"fields":{"humidity":47.45,"pressure":1009.02,"temperature":24.41},"name":"mqtt_consumer","tags":{"topic":"arsip/sensor_bme280"},"timestamp":"2026-08-06 04:01:46"}
{"fields":{"humidity":47.45,"pressure":1009.02,"temperature":24.41},"name":"mqtt_consumer","tags":{"topic":"arsip/sensor_bme280"},"timestamp":"2026-08-06 04:01:49"}
{"fields":{"humidity":47.45,"pressure":1009.02,"temperature":24.41},"name":"mqtt_consumer","tags":{"topic":"arsip/sensor_bme280"},"timestamp":"2026-08-06 04:01:50"}
{"fields":{"humidity":47.45,"pressure":1009.02,"temperature":24.41},"name":"mqtt_consumer","tags":{"topic":"arsip/sensor_bme280"},"timestamp":"2026-08-06 04:01:53"}
{"fields":{"humidity":47.45,"pressure":1009.02,"temperature":24.41},"name":"mqtt_consumer","tags":{"topic":"arsip/sensor_bme280"},"timestamp":"2026-08-06 04:01:54"}
{"fields":{"humidity":46.61,"temperature":25.36},"name":"mqtt_consumer","tags":{"topic":"arsip/sensor_dht11"},"timestamp":"2026-08-06 04:01:54"}
{"fields":{"humidity":47.71,"pressure":1009.03,"temperature":24.41},"name":"mqtt_consumer","tags":{"topic":"arsip/sensor_bme280"},"timestamp":"2026-08-06 04:01:57"}
{"fields":{"humidity":47.71,"pressure":1009.03,"temperature":24.41},"name":"mqtt_consumer","tags":{"topic":"arsip/sensor_bme280"},"timestamp":"2026-08-06 04:01:58"}
{"fields":{"humidity":47.71,"pressure":1009.03,"temperature":24.41},"name":"mqtt_consumer","tags":{"topic":"arsip/sensor_bme280"},"timestamp":"2026-08-06 04:02:01"}
{"fields":{"humidity":47.71,"pressure":1009.03,"temperature":24.41},"name":"mqtt_consumer","tags":{"topic":"arsip/sensor_bme280"},"timestamp":"2026-08-06 04:02:02"}
{"fields":{"humidity":47.71,"pressure":1009.03,"temperature":24.41},"name":"mqtt_consumer","tags":{"topic":"arsip/sensor_bme280"},"timestamp":"2026-08-06 04:02:05"}
{"fields":{"humidity":47.71,"pressure":1009.03,"temperature":24.41},"name":"mqtt_consumer","tags":{"topic":"arsip/sensor_bme280"},"timestamp":"2026-08-06 04:02:06"}
{"fields":{"humidity":47.71,"pressure":1009.03,"temperature":24.41},"name":"mqtt_consumer","tags":{"topic":"arsip/sensor_bme280"},"timestamp":"2026-08-06 04:02:09"}
{"fields":{"humidity":47.71,"pressure":1009.03,"temperature":24.41},"name":"mqtt_consumer","tags":{"topic":"arsip/sensor_bme280"},"timestamp":"2026-08-06 04:02:10"}
{"fields":{"humidity":47.71,"pressure":1009.03,"temperature":24.41},"name":"mqtt_consumer","tags":{"topic":"arsip/sensor_bme280"},"timestamp":"2026-08-06 04:02:13"}
{"fields":{"humidity":47.71,"pressure":1009.03,"temperature":24.41},"name":"mqtt_consumer","tags":{"topic":"arsip/sensor_bme280"},"timestamp":"2026-08-06 04:02:14"}
{"fields":{"humidity":47.71,"pressure":1009.03,"temperature":24.41},"name":"mqtt_consumer","tags":{"topic":"arsip/sensor_bme280"},"timestamp":"2026-08-06 04:02:17"}
{"fields":{"humidity":47.71,"pressure":1009.03,"temperature":24.41},"name":"mqtt_consumer","tags":{"topic":"arsip/sensor_bme280"},"timestamp":"2026-08-06 04:02:18"}
{"fields":{"humidity":47.71,"pressure":1009.03,"temperature":24.41},"name":"mqtt_consumer","tags":{"topic":"arsip/sensor_bme280"},"timestamp":"2026-08-06 04:02:21"}
{"fields":{"humidity":47.71,"pressure":1009.03,"temperature":24.41},"name":"mqtt_consumer","tags":{"topic":"arsip/sensor_bme280"},"timestamp":"2026-08-06 04:02:22"}
{"fields":{"humidity":46.61,"temperature":25.36},"name":"mqtt_consumer","tags":{"topic":"arsip/sensor_dht11"},"timestamp":"2026-08-06 04:02:24"}
{"fields":{"humidity":47.65,"pressure":1009.01,"temperature":24.4},"name":"mqtt_consumer","tags":{"topic":"arsip/sensor_bme280"},"timestamp":"2026-08-06 04:02:25"}
{"fields":{"humidity":47.65,"pressure":1009.01,"temperature":24.4},"name":"mqtt_consumer","tags":{"topic":"arsip/sensor_bme280"},"timestamp":"2026-08-06 04:02:26"}
{"fields":{"humidity":47.65,"pressure":1009.01,"temperature":24.4},"name":"mqtt_consumer","tags":{"topic":"arsip/sensor_bme280"},"timestamp":"2026-08-06 04:02:29"}
{"fields":{"humidity":47.65,"pressure":1009.01,"temperature":24.4},"name":"mqtt_consumer","tags":{"topic":"arsip/sensor_bme280"},"timestamp":"2026-08-06 04:02:30"}
{"fields":{"humidity":47.65,"pressure":1009.01,"temperature":24.4},"name":"mqtt_consumer","tags":{"topic":"arsip/sensor_bme280"},"timestamp":"2026-08-06 04:02:33"}
{"fields":{"humidity":47.65,"pressure":1009.01,"temperature":24.4},"name":"mqtt_consumer","tags":{"topic":"arsip/sensor_bme280"},"timestamp":"2026-08-06 04:02:34"}
{"fields":{"humidity":47.65,"pressure":1009.01,"temperature":24.4},"name":"mqtt_consumer","tags":{"topic":"arsip/sensor_bme280"},"timestamp":"2026-08-06 04:02:37"}
{"fields":{"humidity":47.65,"pressure":1009.01,"temperature":24.4},"name":"mqtt_consumer","tags":{"topic":"arsip/sensor_bme280"},"timestamp":"2026-08-06 04:02:38"}
{"fields":{"humidity":47.65,"pressure":1009.01,"temperature":24.4},"name":"mqtt_consumer","tags":{"topic":"arsip/sensor_bme280"},"timestamp":"2026-08-06 04:02:41"}
{"fields":{"humidity":47.65,"pressure":1009.01,"temperature":24.4},"name":"mqtt_consumer","tags":{"topic":"arsip/sensor_bme280"},"timestamp":"2026-08-06 04:02:42"}
{"fields":{"humidity":47.65,"pressure":1009.01,"temperature":24.4},"name":"mqtt_consumer","tags":{"topic":"arsip/sensor_bme280"},"timestamp":"2026-08-06 04:02:45"}
{"fields":{"humidity":47.65,"pressure":1009.01,"temperature":24.4},"name":"mqtt_consumer","tags":{"topic":"arsip/sensor_bme280"},"timestamp":"2026-08-06 04:02:46"}
{"fields":{"humidity":47.65,"pressure":1009.01,"temperature":24.4},"name":"mqtt_consumer","tags":{"topic":"arsip/sensor_bme280"},"timestamp":"2026-08-06 04:02:49"}
{"fields":{"humidity":47.65,"pressure":1009.01,"temperature":24.4},"name":"mqtt_consumer","tags":{"topic":"arsip/sensor_bme280"},"timestamp":"2026-08-06 04:02:50"}
{"fields":{"humidity":47.65,"pressure":1009.01,"temperature":24.4},"name":"mqtt_consumer","tags":{"topic":"arsip/sensor_bme280"},"timestamp":"2026-08-06 04:02:53"}
{"fields":{"humidity":47.65,"pressure":1009.01,"temperature":24.4},"name":"mqtt_consumer","tags":{"topic":"arsip/sensor_bme280"},"timestamp":"2026-08-06 04:02:54"}
{"fields":{"humidity":47.26,"temperature":25.15},"name":"mqtt_consumer","tags":{"topic":"arsip/sensor_dht11"},"timestamp":"2026-08-06 04:02:54"}
{"fields":{"humidity":47.84,"pressure":1008.99,"temperature":24.29},"name":"mqtt_consumer","tags":{"topic":"arsip/sensor_bme280"},"timestamp":"2026-08-06 04:02:57"}
{"fields":{"humidity":47.84,"pressure":1008.99,"temperature":24.29},"name":"mqtt_consumer","tags":{"topic":"arsip/sensor_bme280"},"timestamp":"2026-08-06 04:02:58"}
{"fields":{"humidity":47.84,"pressure":1008.99,"temperature":24.29},"name":"mqtt_consumer","tags":{"topic":"arsip/sensor_bme280"},"timestamp":"2026-08-06 04:03:01"}
{"fields":{"humidity":47.84,"pressure":1008.99,"temperature":24.29},"name":"mqtt_consumer","tags":{"topic":"arsip/sensor_bme280"},"timestamp":"2026-08-06 04:03:02"}
{"fields":{"humidity":47.84,"pressure":1008.99,"temperature":24.29},"name":"mqtt_consumer","tags":{"topic":"arsip/sensor_bme280"},"timestamp":"2026-08-06 04:03:05"}
{"fields":{"humidity":47.84,"pressure":1008.99,"temperature":24.29},"name":"mqtt_consumer","tags":{"topic":"arsip/sensor_bme280"},"timestamp":"2026-08-06 04:03:06"}
{"fields":{"humidity":47.84,"pressure":1008.99,"temperature":24.29},"name":"mqtt_consumer","tags":{"topic":"arsip/sensor_bme280"},"timestamp":"2026-08-06 04:03:09"}
{"fields":{"humidity":47.84,"pressure":1008.99,"temperature":24.29},"name":"mqtt_consumer","tags":{"topic":"arsip/sensor_bme280"},"timestamp":"2026-08-06 04:03:10"}
{"fields":{"humidity":47.84,"pressure":1008.99,"temperature":24.29},"name":"mqtt_consumer","tags":{"topic":"arsip/sensor_bme280"},"timestamp":"2026-08-06 04:03:13"}
{"fields":{"humidity":47.84,"pressure":1008.99,"temperature":24.29},"name":"mqtt_consumer","tags":{"topic":"arsip/sensor_bme280"},"timestamp":"2026-08-06 04:03:14"}
{"fields":{"humidity":47.84,"pressure":1008.99,"temperature":24.29},"name":"mqtt_consumer","tags":{"topic":"arsip/sensor_bme280"},"timestamp":"2026-08-06 04:03:17"}
{"fields":{"humidity":47.84,"pressure":1008.99,"temperature":24.29},"name":"mqtt_consumer","tags":{"topic":"arsip/sensor_bme280"},"timestamp":"2026-08-06 04:03:18"}
{"fields":{"humidity":47.84,"pressure":1008.99,"temperature":24.29},"name":"mqtt_consumer","tags":{"topic":"arsip/sensor_bme280"},"timestamp":"2026-08-06 04:03:21"}
{"fields":{"humidity":47.84,"pressure":1008.99,"temperature":24.29},"name":"mqtt_consumer","tags":{"topic":"arsip/sensor_bme280"},"timestamp":"2026-08-06 04:03:22"}
{"fields":{"humidity":47.34,"temperature":25.04},"name":"mqtt_consumer","tags":{"topic":"arsip/sensor_dht11"},"timestamp":"2026-08-06 04:03:24"}
{"fields":{"humidity":48.23,"pressure":1008.95,"temperature":24.22},"name":"mqtt_consumer","tags":{"topic":"arsip/sensor_bme280"},"timestamp":"2026-08-06 04:03:25"}
{"fields":{"humidity":48.23,"pressure":1008.95,"temperature":24.22},"name":"mqtt_consumer","tags":{"topic":"arsip/sensor_bme280"},"timestamp":"2026-08-06 04:03:26"}
{"fields":{"humidity":48.23,"pressure":1008.95,"temperature":24.22},"name":"mqtt_consumer","tags":{"topic":"arsip/sensor_bme280"},"timestamp":"2026-08-06 04:03:29"}
{"fields":{"humidity":48.23,"pressure":1008.95,"temperature":24.22},"name":"mqtt_consumer","tags":{"topic":"arsip/sensor_bme280"},"timestamp":"2026-08-06 04:03:30"}
{"fields":{"humidity":48.23,"pressure":1008.95,"temperature":24.22},"name":"mqtt_consumer","tags":{"topic":"arsip/sensor_bme280"},"timestamp":"2026-08-06 04:03:33"}
{"fields":{"humidity":48.23,"pressure":1008.95,"temperature":24.22},"name":"mqtt_consumer","tags":{"topic":"arsip/sensor_bme280"},"timestamp":"2026-08-06 04:03:34"}
{"fields":{"humidity":48.23,"pressure":1008.95,"temperature":24.22},"name":"mqtt_consumer","tags":{"topic":"arsip/sensor_bme280"},"timestamp":"2026-08-06 04:03:37"}
{"fields":{"humidity":48.23,"pressure":1008.95,"temperature":24.22},"name":"mqtt_consumer","tags":{"topic":"arsip/sensor_bme280"},"timestamp":"2026-08-06 04:03:38"}
{"fields":{"humidity":48.23,"pressure":1008.95,"temperature":24.22},"name":"mqtt_consumer","tags":{"topic":"arsip/sensor_bme280"},"timestamp":"2026-08-06 04:03:41"}
{"fields":{"humidity":48.23,"pressure":1008.95,"temperature":24.22},"name":"mqtt_consumer","tags":{"topic":"arsip/sensor_bme280"},"timestamp":"2026-08-06 04:03:42"}
{"fields":{"humidity":48.23,"pressure":1008.95,"temperature":24.22},"name":"mqtt_consumer","tags":{"topic":"arsip/sensor_bme280"},"timestamp":"2026-08-06 04:03:45"}
{"fields":{"hum_offset":0,"temp_offset":0},"name":"mqtt_consumer","tags":{"topic":"arsip/sensor_bme280/config"},"timestamp":"2026-08-06 04:04:03"}
{"fields":{"hum_offset":0,"temp_offset":0},"name":"mqtt_consumer","tags":{"topic":"arsip/sensor_dht11/config"},"timestamp":"2026-08-06 04:04:03"}
{"fields":{"humidity":47.63,"pressure":1009.02,"temperature":24.26},"name":"mqtt_consumer","tags":{"topic":"arsip/sensor_bme280"},"timestamp":"2026-08-06 04:04:05"}
{"fields":{"humidity":47.63,"pressure":1009.02,"temperature":24.26},"name":"mqtt_consumer","tags":{"topic":"arsip/sensor_bme280"},"timestamp":"2026-08-06 04:04:06"}
{"fields":{"humidity":47.63,"pressure":1009.02,"temperature":24.26},"name":"mqtt_consumer","tags":{"topic":"arsip/sensor_bme280"},"timestamp":"2026-08-06 04:04:09"}
{"fields":{"humidity":47.63,"pressure":1009.02,"temperature":24.26},"name":"mqtt_consumer","tags":{"topic":"arsip/sensor_bme280"},"timestamp":"2026-08-06 04:04:10"}
{"fields":{"humidity":47.63,"pressure":1009.02,"temperature":24.26},"name":"mqtt_consumer","tags":{"topic":"arsip/sensor_bme280"},"timestamp":"2026-08-06 04:04:13"}
{"fields":{"humidity":47.63,"pressure":1009.02,"temperature":24.26},"name":"mqtt_consumer","tags":{"topic":"arsip/sensor_bme280"},"timestamp":"2026-08-06 04:04:14"}
{"fields":{"humidity":47.63,"pressure":1009.02,"temperature":24.26},"name":"mqtt_consumer","tags":{"topic":"arsip/sensor_bme280"},"timestamp":"2026-08-06 04:04:17"}
{"fields":{"humidity":47.63,"pressure":1009.02,"temperature":24.26},"name":"mqtt_consumer","tags":{"topic":"arsip/sensor_bme280"},"timestamp":"2026-08-06 04:04:18"}
{"fields":{"humidity":47.63,"pressure":1009.02,"temperature":24.26},"name":"mqtt_consumer","tags":{"topic":"arsip/sensor_bme280"},"timestamp":"2026-08-06 04:04:21"}
{"fields":{"humidity":47.63,"pressure":1009.02,"temperature":24.26},"name":"mqtt_consumer","tags":{"topic":"arsip/sensor_bme280"},"timestamp":"2026-08-06 04:04:22"}
{"fields":{"hum_offset":0,"temp_offset":0},"name":"mqtt_consumer","tags":{"topic":"arsip/sensor_dht11/config"},"timestamp":"2026-08-06 04:04:40"}
{"fields":{"hum_offset":0,"temp_offset":0},"name":"mqtt_consumer","tags":{"topic":"arsip/sensor_bme280/config"},"timestamp":"2026-08-06 04:04:41"}
{"fields":{"humidity":47.36,"pressure":1009.02,"temperature":24.25},"name":"mqtt_consumer","tags":{"topic":"arsip/sensor_bme280"},"timestamp":"2026-08-06 04:04:43"}
{"fields":{"humidity":47.36,"pressure":1009.02,"temperature":24.25},"name":"mqtt_consumer","tags":{"topic":"arsip/sensor_bme280"},"timestamp":"2026-08-06 04:04:46"}
{"fields":{"humidity":47.36,"pressure":1009.02,"temperature":24.25},"name":"mqtt_consumer","tags":{"topic":"arsip/sensor_bme280"},"timestamp":"2026-08-06 04:04:47"}
{"fields":{"humidity":47.36,"pressure":1009.02,"temperature":24.25},"name":"mqtt_consumer","tags":{"topic":"arsip/sensor_bme280"},"timestamp":"2026-08-06 04:04:48"}
{"fields":{"humidity":47.36,"pressure":1009.02,"temperature":24.25},"name":"mqtt_consumer","tags":{"topic":"arsip/sensor_bme280"},"timestamp":"2026-08-06 04:04:51"}
{"fields":{"humidity":47.36,"pressure":1009.02,"temperature":24.25},"name":"mqtt_consumer","tags":{"topic":"arsip/sensor_bme280"},"timestamp":"2026-08-06 04:04:52"}
{"fields":{"humidity":47.21,"pressure":1009,"temperature":24.24},"name":"mqtt_consumer","tags":{"topic":"arsip/sensor_bme280"},"timestamp":"2026-08-06 04:04:55"}
{"fields":{"humidity":47.21,"pressure":1009,"temperature":24.24},"name":"mqtt_consumer","tags":{"topic":"arsip/sensor_bme280"},"timestamp":"2026-08-06 04:04:56"}
{"fields":{"humidity":47.21,"pressure":1009,"temperature":24.24},"name":"mqtt_consumer","tags":{"topic":"arsip/sensor_bme280"},"timestamp":"2026-08-06 04:04:59"}
{"fields":{"humidity":47.21,"pressure":1009,"temperature":24.24},"name":"mqtt_consumer","tags":{"topic":"arsip/sensor_bme280"},"timestamp":"2026-08-06 04:05:00"}
{"fields":{"humidity":47.21,"pressure":1009,"temperature":24.24},"name":"mqtt_consumer","tags":{"topic":"arsip/sensor_bme280"},"timestamp":"2026-08-06 04:05:03"}
{"fields":{"humidity":47.21,"pressure":1009,"temperature":24.24},"name":"mqtt_consumer","tags":{"topic":"arsip/sensor_bme280"},"timestamp":"2026-08-06 04:05:04"}
{"fields":{"humidity":47.21,"pressure":1009,"temperature":24.24},"name":"mqtt_consumer","tags":{"topic":"arsip/sensor_bme280"},"timestamp":"2026-08-06 04:05:08"}
{"fields":{"humidity":47.21,"pressure":1009,"temperature":24.24},"name":"mqtt_consumer","tags":{"topic":"arsip/sensor_bme280"},"timestamp":"2026-08-06 04:05:08"}
{"fields":{"humidity":47.34,"temperature":25.04},"name":"mqtt_consumer","tags":{"topic":"arsip/sensor_dht11"},"timestamp":"2026-08-06 04:05:10"}
{"fields":{"humidity":47.21,"pressure":1009,"temperature":24.24},"name":"mqtt_consumer","tags":{"topic":"arsip/sensor_bme280"},"timestamp":"2026-08-06 04:05:11"}
{"fields":{"humidity":47.21,"pressure":1009,"temperature":24.24},"name":"mqtt_consumer","tags":{"topic":"arsip/sensor_bme280"},"timestamp":"2026-08-06 04:05:12"}
{"fields":{"humidity":47.21,"pressure":1009,"temperature":24.24},"name":"mqtt_consumer","tags":{"topic":"arsip/sensor_bme280"},"timestamp":"2026-08-06 04:05:15"}
{"fields":{"humidity":47.21,"pressure":1009,"temperature":24.24},"name":"mqtt_consumer","tags":{"topic":"arsip/sensor_bme280"},"timestamp":"2026-08-06 04:05:16"}
{"fields":{"humidity":47.21,"pressure":1009,"temperature":24.24},"name":"mqtt_consumer","tags":{"topic":"arsip/sensor_bme280"},"timestamp":"2026-08-06 04:05:19"}
{"fields":{"humidity":47.21,"pressure":1009,"temperature":24.24},"name":"mqtt_consumer","tags":{"topic":"arsip/sensor_bme280"},"timestamp":"2026-08-06 04:05:20"}
{"fields":{"humidity":47.21,"pressure":1009,"temperature":24.24},"name":"mqtt_consumer","tags":{"topic":"arsip/sensor_bme280"},"timestamp":"2026-08-06 04:05:23"}
{"fields":{"humidity":47.21,"pressure":1009,"temperature":24.2},"name":"mqtt_consumer","tags":{"topic":"arsip/sensor_bme280"},"timestamp":"2026-08-06 04:05:24"}
{"fields":{"humidity":47.21,"pressure":1009,"temperature":24.2},"name":"mqtt_consumer","tags":{"topic":"arsip/sensor_bme280"},"timestamp":"2026-08-06 04:05:27"}
{"fields":{"humidity":47.21,"pressure":1009,"temperature":24.2},"name":"mqtt_consumer","tags":{"topic":"arsip/sensor_bme280"},"timestamp":"2026-08-06 04:05:28"}
{"fields":{"humidity":47.21,"pressure":1009,"temperature":24.2},"name":"mqtt_consumer","tags":{"topic":"arsip/sensor_bme280"},"timestamp":"2026-08-06 04:05:31"}
{"fields":{"humidity":47.21,"pressure":1009,"temperature":24.2},"name":"mqtt_consumer","tags":{"topic":"arsip/sensor_bme280"},"timestamp":"2026-08-06 04:05:32"}
{"fields":{"humidity":47.21,"pressure":1009,"temperature":24.2},"name":"mqtt_consumer","tags":{"topic":"arsip/sensor_bme280"},"timestamp":"2026-08-06 04:05:35"}
{"fields":{"humidity":47.21,"pressure":1009,"temperature":24.2},"name":"mqtt_consumer","tags":{"topic":"arsip/sensor_bme280"},"timestamp":"2026-08-06 04:05:36"}
{"fields":{"humidity":47.21,"pressure":1009,"temperature":24.2},"name":"mqtt_consumer","tags":{"topic":"arsip/sensor_bme280"},"timestamp":"2026-08-06 04:05:39"}
{"fields":{"humidity":47.26,"temperature":25.04},"name":"mqtt_consumer","tags":{"topic":"arsip/sensor_dht11"},"timestamp":"2026-08-06 04:05:40"}
{"fields":{"humidity":47.21,"pressure":1009,"temperature":24.2},"name":"mqtt_consumer","tags":{"topic":"arsip/sensor_bme280"},"timestamp":"2026-08-06 04:05:40"}
{"fields":{"humidity":47.21,"pressure":1009,"temperature":24.2},"name":"mqtt_consumer","tags":{"topic":"arsip/sensor_bme280"},"timestamp":"2026-08-06 04:05:43"}
{"fields":{"humidity":47.21,"pressure":1009,"temperature":24.2},"name":"mqtt_consumer","tags":{"topic":"arsip/sensor_bme280"},"timestamp":"2026-08-06 04:05:44"}
{"fields":{"humidity":47.21,"pressure":1009,"temperature":24.2},"name":"mqtt_consumer","tags":{"topic":"arsip/sensor_bme280"},"timestamp":"2026-08-06 04:05:47"}
{"fields":{"humidity":47.21,"pressure":1009,"temperature":24.2},"name":"mqtt_consumer","tags":{"topic":"arsip/sensor_bme280"},"timestamp":"2026-08-06 04:05:48"}
{"fields":{"hum_offset":0,"temp_offset":0},"name":"mqtt_consumer","tags":{"topic":"arsip/sensor_dht11/config"},"timestamp":"2026-08-06 04:06:05"}
{"fields":{"hum_offset":0,"temp_offset":0},"name":"mqtt_consumer","tags":{"topic":"arsip/sensor_bme280/config"},"timestamp":"2026-08-06 04:06:08"}
{"fields":{"humidity":47.31,"pressure":1008.99,"temperature":24.17},"name":"mqtt_consumer","tags":{"topic":"arsip/sensor_bme280"},"timestamp":"2026-08-06 04:06:08"}
{"fields":{"humidity":47.31,"pressure":1008.99,"temperature":24.17},"name":"mqtt_consumer","tags":{"topic":"arsip/sensor_bme280"},"timestamp":"2026-08-06 04:06:09"}
{"fields":{"humidity":47.1,"temperature":25.04},"name":"mqtt_consumer","tags":{"topic":"arsip/sensor_dht11"},"timestamp":"2026-08-06 04:06:10"}
{"fields":{"humidity":47.31,"pressure":1008.99,"temperature":24.17},"name":"mqtt_consumer","tags":{"topic":"arsip/sensor_bme280"},"timestamp":"2026-08-06 04:06:12"}
{"fields":{"humidity":47.31,"pressure":1008.99,"temperature":24.17},"name":"mqtt_consumer","tags":{"topic":"arsip/sensor_bme280"},"timestamp":"2026-08-06 04:06:13"}
{"fields":{"humidity":47.31,"pressure":1008.99,"temperature":24.17},"name":"mqtt_consumer","tags":{"topic":"arsip/sensor_bme280"},"timestamp":"2026-08-06 04:06:16"}
{"fields":{"humidity":47.31,"pressure":1008.99,"temperature":24.17},"name":"mqtt_consumer","tags":{"topic":"arsip/sensor_bme280"},"timestamp":"2026-08-06 04:06:17"}
{"fields":{"humidity":47.31,"pressure":1008.99,"temperature":24.17},"name":"mqtt_consumer","tags":{"topic":"arsip/sensor_bme280"},"timestamp":"2026-08-06 04:06:20"}
{"fields":{"humidity":47.31,"pressure":1008.99,"temperature":24.17},"name":"mqtt_consumer","tags":{"topic":"arsip/sensor_bme280"},"timestamp":"2026-08-06 04:06:21"}
{"fields":{"humidity":47.31,"pressure":1008.99,"temperature":24.17},"name":"mqtt_consumer","tags":{"topic":"arsip/sensor_bme280"},"timestamp":"2026-08-06 04:06:24"}
{"fields":{"humidity":47.31,"pressure":1008.99,"temperature":24.17},"name":"mqtt_consumer","tags":{"topic":"arsip/sensor_bme280"},"timestamp":"2026-08-06 04:06:25"}
{"fields":{"humidity":47.31,"pressure":1008.99,"temperature":24.17},"name":"mqtt_consumer","tags":{"topic":"arsip/sensor_bme280"},"timestamp":"2026-08-06 04:06:28"}
{"fields":{"humidity":47.31,"pressure":1008.99,"temperature":24.17},"name":"mqtt_consumer","tags":{"topic":"arsip/sensor_bme280"},"timestamp":"2026-08-06 04:06:29"}
{"fields":{"humidity":47.31,"pressure":1008.99,"temperature":24.17},"name":"mqtt_consumer","tags":{"topic":"arsip/sensor_bme280"},"timestamp":"2026-08-06 04:06:32"}
{"fields":{"humidity":47.31,"pressure":1008.99,"temperature":24.17},"name":"mqtt_consumer","tags":{"topic":"arsip/sensor_bme280"},"timestamp":"2026-08-06 04:06:33"}
{"fields":{"humidity":47.66,"pressure":1008.92,"temperature":24.16},"name":"mqtt_consumer","tags":{"topic":"arsip/sensor_bme280"},"timestamp":"2026-08-06 04:06:36"}
{"fields":{"humidity":47.66,"pressure":1008.92,"temperature":24.16},"name":"mqtt_consumer","tags":{"topic":"arsip/sensor_bme280"},"timestamp":"2026-08-06 04:06:37"}
{"fields":{"humidity":47.66,"pressure":1008.92,"temperature":24.16},"name":"mqtt_consumer","tags":{"topic":"arsip/sensor_bme280"},"timestamp":"2026-08-06 04:06:40"}
{"fields":{"humidity":47.1,"temperature":25.04},"name":"mqtt_consumer","tags":{"topic":"arsip/sensor_dht11"},"timestamp":"2026-08-06 04:06:40"}
{"fields":{"humidity":47.66,"pressure":1008.92,"temperature":24.16},"name":"mqtt_consumer","tags":{"topic":"arsip/sensor_bme280"},"timestamp":"2026-08-06 04:06:41"}
{"fields":{"humidity":47.66,"pressure":1008.92,"temperature":24.16},"name":"mqtt_consumer","tags":{"topic":"arsip/sensor_bme280"},"timestamp":"2026-08-06 04:06:45"}
{"fields":{"humidity":47.66,"pressure":1008.92,"temperature":24.16},"name":"mqtt_consumer","tags":{"topic":"arsip/sensor_bme280"},"timestamp":"2026-08-06 04:06:45"}
{"fields":{"humidity":47.66,"pressure":1008.92,"temperature":24.16},"name":"mqtt_consumer","tags":{"topic":"arsip/sensor_bme280"},"timestamp":"2026-08-06 04:06:48"}
{"fields":{"humidity":47.66,"pressure":1008.92,"temperature":24.16},"name":"mqtt_consumer","tags":{"topic":"arsip/sensor_bme280"},"timestamp":"2026-08-06 04:06:49"}
{"fields":{"humidity":47.66,"pressure":1008.92,"temperature":24.16},"name":"mqtt_consumer","tags":{"topic":"arsip/sensor_bme280"},"timestamp":"2026-08-06 04:06:52"}
{"fields":{"humidity":47.66,"pressure":1008.92,"temperature":24.16},"name":"mqtt_consumer","tags":{"topic":"arsip/sensor_bme280"},"timestamp":"2026-08-06 04:06:53"}
{"fields":{"humidity":47.66,"pressure":1008.92,"temperature":24.16},"name":"mqtt_consumer","tags":{"topic":"arsip/sensor_bme280"},"timestamp":"2026-08-06 04:06:56"}
{"fields":{"humidity":47.66,"pressure":1008.92,"temperature":24.16},"name":"mqtt_consumer","tags":{"topic":"arsip/sensor_bme280"},"timestamp":"2026-08-06 04:06:57"}
{"fields":{"humidity":47.66,"pressure":1008.92,"temperature":24.16},"name":"mqtt_consumer","tags":{"topic":"arsip/sensor_bme280"},"timestamp":"2026-08-06 04:07:00"}
{"fields":{"humidity":47.66,"pressure":1008.92,"temperature":24.16},"name":"mqtt_consumer","tags":{"topic":"arsip/sensor_bme280"},"timestamp":"2026-08-06 04:07:01"}
{"fields":{"humidity":47.66,"pressure":1008.92,"temperature":24.16},"name":"mqtt_consumer","tags":{"topic":"arsip/sensor_bme280"},"timestamp":"2026-08-06 04:07:04"}
{"fields":{"humidity":47.84,"pressure":1008.98,"temperature":24.22},"name":"mqtt_consumer","tags":{"topic":"arsip/sensor_bme280"},"timestamp":"2026-08-06 04:07:05"}
{"fields":{"humidity":47.84,"pressure":1008.98,"temperature":24.22},"name":"mqtt_consumer","tags":{"topic":"arsip/sensor_bme280"},"timestamp":"2026-08-06 04:07:08"}
{"fields":{"humidity":47.84,"pressure":1008.98,"temperature":24.22},"name":"mqtt_consumer","tags":{"topic":"arsip/sensor_bme280"},"timestamp":"2026-08-06 04:07:09"}
{"fields":{"humidity":47.1,"temperature":25.04},"name":"mqtt_consumer","tags":{"topic":"arsip/sensor_dht11"},"timestamp":"2026-08-06 04:07:10"}
{"fields":{"humidity":47.84,"pressure":1008.98,"temperature":24.22},"name":"mqtt_consumer","tags":{"topic":"arsip/sensor_bme280"},"timestamp":"2026-08-06 04:07:12"}
{"fields":{"humidity":47.84,"pressure":1008.98,"temperature":24.22},"name":"mqtt_consumer","tags":{"topic":"arsip/sensor_bme280"},"timestamp":"2026-08-06 04:07:13"}
{"fields":{"humidity":47.84,"pressure":1008.98,"temperature":24.22},"name":"mqtt_consumer","tags":{"topic":"arsip/sensor_bme280"},"timestamp":"2026-08-06 04:07:16"}
{"fields":{"humidity":47.84,"pressure":1008.98,"temperature":24.22},"name":"mqtt_consumer","tags":{"topic":"arsip/sensor_bme280"},"timestamp":"2026-08-06 04:07:17"}
{"fields":{"humidity":47.84,"pressure":1008.98,"temperature":24.22},"name":"mqtt_consumer","tags":{"topic":"arsip/sensor_bme280"},"timestamp":"2026-08-06 04:07:20"}
{"fields":{"humidity":47.84,"pressure":1008.98,"temperature":24.22},"name":"mqtt_consumer","tags":{"topic":"arsip/sensor_bme280"},"timestamp":"2026-08-06 04:07:21"}
{"fields":{"humidity":47.84,"pressure":1008.98,"temperature":24.22},"name":"mqtt_consumer","tags":{"topic":"arsip/sensor_bme280"},"timestamp":"2026-08-06 04:07:24"}
{"fields":{"humidity":47.84,"pressure":1008.98,"temperature":24.22},"name":"mqtt_consumer","tags":{"topic":"arsip/sensor_bme280"},"timestamp":"2026-08-06 04:07:25"}
{"fields":{"humidity":47.84,"pressure":1008.98,"temperature":24.22},"name":"mqtt_consumer","tags":{"topic":"arsip/sensor_bme280"},"timestamp":"2026-08-06 04:07:28"}
{"fields":{"humidity":47.84,"pressure":1008.98,"temperature":24.22},"name":"mqtt_consumer","tags":{"topic":"arsip/sensor_bme280"},"timestamp":"2026-08-06 04:07:29"}
{"fields":{"humidity":47.84,"pressure":1008.98,"temperature":24.22},"name":"mqtt_consumer","tags":{"topic":"arsip/sensor_bme280"},"timestamp":"2026-08-06 04:07:32"}
{"fields":{"humidity":47.84,"pressure":1008.98,"temperature":24.22},"name":"mqtt_consumer","tags":{"topic":"arsip/sensor_bme280"},"timestamp":"2026-08-06 04:07:33"}
{"fields":{"humidity":47.9,"pressure":1008.91,"temperature":24.31},"name":"mqtt_consumer","tags":{"topic":"arsip/sensor_bme280"},"timestamp":"2026-08-06 04:07:36"}
{"fields":{"humidity":47.9,"pressure":1008.91,"temperature":24.31},"name":"mqtt_consumer","tags":{"topic":"arsip/sensor_bme280"},"timestamp":"2026-08-06 04:07:37"}
{"fields":{"humidity":47.9,"pressure":1008.91,"temperature":24.31},"name":"mqtt_consumer","tags":{"topic":"arsip/sensor_bme280"},"timestamp":"2026-08-06 04:07:40"}
{"fields":{"humidity":47.58,"temperature":25.04},"name":"mqtt_consumer","tags":{"topic":"arsip/sensor_dht11"},"timestamp":"2026-08-06 04:07:40"}
{"fields":{"humidity":47.9,"pressure":1008.91,"temperature":24.31},"name":"mqtt_consumer","tags":{"topic":"arsip/sensor_bme280"},"timestamp":"2026-08-06 04:07:41"}
{"fields":{"humidity":47.9,"pressure":1008.91,"temperature":24.31},"name":"mqtt_consumer","tags":{"topic":"arsip/sensor_bme280"},"timestamp":"2026-08-06 04:07:44"}
{"fields":{"humidity":47.9,"pressure":1008.91,"temperature":24.31},"name":"mqtt_consumer","tags":{"topic":"arsip/sensor_bme280"},"timestamp":"2026-08-06 04:07:45"}
{"fields":{"humidity":47.9,"pressure":1008.91,"temperature":24.31},"name":"mqtt_consumer","tags":{"topic":"arsip/sensor_bme280"},"timestamp":"2026-08-06 04:07:48"}
{"fields":{"humidity":47.9,"pressure":1008.91,"temperature":24.31},"name":"mqtt_consumer","tags":{"topic":"arsip/sensor_bme280"},"timestamp":"2026-08-06 04:07:49"}
{"fields":{"humidity":47.9,"pressure":1008.91,"temperature":24.31},"name":"mqtt_consumer","tags":{"topic":"arsip/sensor_bme280"},"timestamp":"2026-08-06 04:07:52"}
{"fields":{"humidity":47.9,"pressure":1008.91,"temperature":24.31},"name":"mqtt_consumer","tags":{"topic":"arsip/sensor_bme280"},"timestamp":"2026-08-06 04:07:54"}
{"fields":{"humidity":47.9,"pressure":1008.91,"temperature":24.31},"name":"mqtt_consumer","tags":{"topic":"arsip/sensor_bme280"},"timestamp":"2026-08-06 04:07:58"}
{"fields":{"humidity":47.9,"pressure":1008.91,"temperature":24.31},"name":"mqtt_consumer","tags":{"topic":"arsip/sensor_bme280"},"timestamp":"2026-08-06 04:07:58"}
{"fields":{"humidity":47.9,"pressure":1008.91,"temperature":24.31},"name":"mqtt_consumer","tags":{"topic":"arsip/sensor_bme280"},"timestamp":"2026-08-06 04:08:00"}
{"fields":{"humidity":47.9,"pressure":1008.91,"temperature":24.31},"name":"mqtt_consumer","tags":{"topic":"arsip/sensor_bme280"},"timestamp":"2026-08-06 04:08:01"}
{"fields":{"humidity":47.9,"pressure":1008.91,"temperature":24.31},"name":"mqtt_consumer","tags":{"topic":"arsip/sensor_bme280"},"timestamp":"2026-08-06 04:08:04"}
{"fields":{"humidity":48.32,"pressure":1008.98,"temperature":24.3},"name":"mqtt_consumer","tags":{"topic":"arsip/sensor_bme280"},"timestamp":"2026-08-06 04:08:09"}
{"fields":{"humidity":48.32,"pressure":1008.98,"temperature":24.3},"name":"mqtt_consumer","tags":{"topic":"arsip/sensor_bme280"},"timestamp":"2026-08-06 04:08:09"}
{"fields":{"humidity":48.32,"pressure":1008.98,"temperature":24.3},"name":"mqtt_consumer","tags":{"topic":"arsip/sensor_bme280"},"timestamp":"2026-08-06 04:08:09"}
{"fields":{"humidity":47.75,"temperature":25.15},"name":"mqtt_consumer","tags":{"topic":"arsip/sensor_dht11"},"timestamp":"2026-08-06 04:08:10"}
{"fields":{"humidity":48.32,"pressure":1008.98,"temperature":24.3},"name":"mqtt_consumer","tags":{"topic":"arsip/sensor_bme280"},"timestamp":"2026-08-06 04:08:12"}
{"fields":{"humidity":48.32,"pressure":1008.98,"temperature":24.3},"name":"mqtt_consumer","tags":{"topic":"arsip/sensor_bme280"},"timestamp":"2026-08-06 04:08:13"}
{"fields":{"humidity":48.32,"pressure":1008.98,"temperature":24.3},"name":"mqtt_consumer","tags":{"topic":"arsip/sensor_bme280"},"timestamp":"2026-08-06 04:08:16"}
{"fields":{"humidity":48.32,"pressure":1008.98,"temperature":24.3},"name":"mqtt_consumer","tags":{"topic":"arsip/sensor_bme280"},"timestamp":"2026-08-06 04:08:17"}
{"fields":{"humidity":48.32,"pressure":1008.98,"temperature":24.3},"name":"mqtt_consumer","tags":{"topic":"arsip/sensor_bme280"},"timestamp":"2026-08-06 04:08:20"}
{"fields":{"humidity":48.32,"pressure":1008.98,"temperature":24.3},"name":"mqtt_consumer","tags":{"topic":"arsip/sensor_bme280"},"timestamp":"2026-08-06 04:08:21"}
{"fields":{"humidity":48.32,"pressure":1008.98,"temperature":24.3},"name":"mqtt_consumer","tags":{"topic":"arsip/sensor_bme280"},"timestamp":"2026-08-06 04:08:24"}
{"fields":{"humidity":48.32,"pressure":1008.98,"temperature":24.3},"name":"mqtt_consumer","tags":{"topic":"arsip/sensor_bme280"},"timestamp":"2026-08-06 04:08:25"}
{"fields":{"humidity":48.32,"pressure":1008.98,"temperature":24.3},"name":"mqtt_consumer","tags":{"topic":"arsip/sensor_bme280"},"timestamp":"2026-08-06 04:08:28"}
{"fields":{"humidity":48.32,"pressure":1008.98,"temperature":24.3},"name":"mqtt_consumer","tags":{"topic":"arsip/sensor_bme280"},"timestamp":"2026-08-06 04:08:29"}
{"fields":{"humidity":48.32,"pressure":1008.98,"temperature":24.3},"name":"mqtt_consumer","tags":{"topic":"arsip/sensor_bme280"},"timestamp":"2026-08-06 04:08:33"}
{"fields":{"humidity":48.32,"pressure":1008.98,"temperature":24.3},"name":"mqtt_consumer","tags":{"topic":"arsip/sensor_bme280"},"timestamp":"2026-08-06 04:08:33"}
{"fields":{"humidity":48,"pressure":1008.9,"temperature":24.27},"name":"mqtt_consumer","tags":{"topic":"arsip/sensor_bme280"},"timestamp":"2026-08-06 04:08:38"}
{"fields":{"humidity":48,"pressure":1008.9,"temperature":24.27},"name":"mqtt_consumer","tags":{"topic":"arsip/sensor_bme280"},"timestamp":"2026-08-06 04:08:39"}
{"fields":{"humidity":48,"pressure":1008.9,"temperature":24.27},"name":"mqtt_consumer","tags":{"topic":"arsip/sensor_bme280"},"timestamp":"2026-08-06 04:08:40"}
{"fields":{"humidity":47.91,"temperature":25.15},"name":"mqtt_consumer","tags":{"topic":"arsip/sensor_dht11"},"timestamp":"2026-08-06 04:08:40"}
{"fields":{"humidity":48,"pressure":1008.9,"temperature":24.27},"name":"mqtt_consumer","tags":{"topic":"arsip/sensor_bme280"},"timestamp":"2026-08-06 04:08:41"}
{"fields":{"humidity":48,"pressure":1008.9,"temperature":24.27},"name":"mqtt_consumer","tags":{"topic":"arsip/sensor_bme280"},"timestamp":"2026-08-06 04:08:44"}
{"fields":{"humidity":48,"pressure":1008.9,"temperature":24.27},"name":"mqtt_consumer","tags":{"topic":"arsip/sensor_bme280"},"timestamp":"2026-08-06 04:08:55"}
{"fields":{"humidity":48,"pressure":1008.9,"temperature":24.27},"name":"mqtt_consumer","tags":{"topic":"arsip/sensor_bme280"},"timestamp":"2026-08-06 04:08:55"}
{"fields":{"humidity":48,"pressure":1008.9,"temperature":24.27},"name":"mqtt_consumer","tags":{"topic":"arsip/sensor_bme280"},"timestamp":"2026-08-06 04:08:55"}
{"fields":{"humidity":48,"pressure":1008.9,"temperature":24.27},"name":"mqtt_consumer","tags":{"topic":"arsip/sensor_bme280"},"timestamp":"2026-08-06 04:08:55"}
{"fields":{"humidity":48,"pressure":1008.9,"temperature":24.27},"name":"mqtt_consumer","tags":{"topic":"arsip/sensor_bme280"},"timestamp":"2026-08-06 04:08:55"}
{"fields":{"humidity":48,"pressure":1008.9,"temperature":24.27},"name":"mqtt_consumer","tags":{"topic":"arsip/sensor_bme280"},"timestamp":"2026-08-06 04:08:56"}
{"fields":{"humidity":48,"pressure":1008.9,"temperature":24.27},"name":"mqtt_consumer","tags":{"topic":"arsip/sensor_bme280"},"timestamp":"2026-08-06 04:08:57"}
{"fields":{"humidity":48,"pressure":1008.9,"temperature":24.27},"name":"mqtt_consumer","tags":{"topic":"arsip/sensor_bme280"},"timestamp":"2026-08-06 04:09:00"}
{"fields":{"humidity":48,"pressure":1008.9,"temperature":24.27},"name":"mqtt_consumer","tags":{"topic":"arsip/sensor_bme280"},"timestamp":"2026-08-06 04:09:01"}
{"fields":{"humidity":48,"pressure":1008.9,"temperature":24.27},"name":"mqtt_consumer","tags":{"topic":"arsip/sensor_bme280"},"timestamp":"2026-08-06 04:09:04"}
{"fields":{"humidity":48.15,"pressure":1008.94,"temperature":24.24},"name":"mqtt_consumer","tags":{"topic":"arsip/sensor_bme280"},"timestamp":"2026-08-06 04:09:05"}
{"fields":{"humidity":48.15,"pressure":1008.94,"temperature":24.24},"name":"mqtt_consumer","tags":{"topic":"arsip/sensor_bme280"},"timestamp":"2026-08-06 04:09:08"}
{"fields":{"humidity":48.15,"pressure":1008.94,"temperature":24.24},"name":"mqtt_consumer","tags":{"topic":"arsip/sensor_bme280"},"timestamp":"2026-08-06 04:09:09"}
{"fields":{"humidity":48.07,"temperature":25.15},"name":"mqtt_consumer","tags":{"topic":"arsip/sensor_dht11"},"timestamp":"2026-08-06 04:09:10"}
{"fields":{"humidity":48.15,"pressure":1008.94,"temperature":24.24},"name":"mqtt_consumer","tags":{"topic":"arsip/sensor_bme280"},"timestamp":"2026-08-06 04:09:12"}
{"fields":{"humidity":48.15,"pressure":1008.94,"temperature":24.24},"name":"mqtt_consumer","tags":{"topic":"arsip/sensor_bme280"},"timestamp":"2026-08-06 04:09:13"}
{"fields":{"humidity":48.15,"pressure":1008.94,"temperature":24.24},"name":"mqtt_consumer","tags":{"topic":"arsip/sensor_bme280"},"timestamp":"2026-08-06 04:09:20"}
{"fields":{"humidity":48.15,"pressure":1008.94,"temperature":24.24},"name":"mqtt_consumer","tags":{"topic":"arsip/sensor_bme280"},"timestamp":"2026-08-06 04:09:21"}
{"fields":{"humidity":48.15,"pressure":1008.94,"temperature":24.24},"name":"mqtt_consumer","tags":{"topic":"arsip/sensor_bme280"},"timestamp":"2026-08-06 04:09:21"}
{"fields":{"humidity":48.15,"pressure":1008.94,"temperature":24.24},"name":"mqtt_consumer","tags":{"topic":"arsip/sensor_bme280"},"timestamp":"2026-08-06 04:09:21"}
{"fields":{"humidity":48.15,"pressure":1008.94,"temperature":24.24},"name":"mqtt_consumer","tags":{"topic":"arsip/sensor_bme280"},"timestamp":"2026-08-06 04:09:24"}
{"fields":{"humidity":48.15,"pressure":1008.94,"temperature":24.24},"name":"mqtt_consumer","tags":{"topic":"arsip/sensor_bme280"},"timestamp":"2026-08-06 04:09:25"}
{"fields":{"humidity":48.15,"pressure":1008.94,"temperature":24.24},"name":"mqtt_consumer","tags":{"topic":"arsip/sensor_bme280"},"timestamp":"2026-08-06 04:09:29"}
{"fields":{"humidity":48.15,"pressure":1008.94,"temperature":24.24},"name":"mqtt_consumer","tags":{"topic":"arsip/sensor_bme280"},"timestamp":"2026-08-06 04:09:29"}
{"fields":{"humidity":48.15,"pressure":1008.94,"temperature":24.24},"name":"mqtt_consumer","tags":{"topic":"arsip/sensor_bme280"},"timestamp":"2026-08-06 04:09:34"}
{"fields":{"humidity":48.15,"pressure":1008.94,"temperature":24.24},"name":"mqtt_consumer","tags":{"topic":"arsip/sensor_bme280"},"timestamp":"2026-08-06 04:09:34"}
{"fields":{"humidity":48.32,"pressure":1008.89,"temperature":24.2},"name":"mqtt_consumer","tags":{"topic":"arsip/sensor_bme280"},"timestamp":"2026-08-06 04:09:37"}
{"fields":{"humidity":48.32,"pressure":1008.89,"temperature":24.2},"name":"mqtt_consumer","tags":{"topic":"arsip/sensor_bme280"},"timestamp":"2026-08-06 04:09:37"}
{"fields":{"humidity":48.32,"pressure":1008.89,"temperature":24.2},"name":"mqtt_consumer","tags":{"topic":"arsip/sensor_bme280"},"timestamp":"2026-08-06 04:09:40"}
{"fields":{"humidity":48.15,"temperature":25.15},"name":"mqtt_consumer","tags":{"topic":"arsip/sensor_dht11"},"timestamp":"2026-08-06 04:09:40"}
{"fields":{"humidity":48.32,"pressure":1008.89,"temperature":24.2},"name":"mqtt_consumer","tags":{"topic":"arsip/sensor_bme280"},"timestamp":"2026-08-06 04:09:41"}
{"fields":{"humidity":48.32,"pressure":1008.89,"temperature":24.2},"name":"mqtt_consumer","tags":{"topic":"arsip/sensor_bme280"},"timestamp":"2026-08-06 04:09:44"}
{"fields":{"humidity":48.32,"pressure":1008.89,"temperature":24.2},"name":"mqtt_consumer","tags":{"topic":"arsip/sensor_bme280"},"timestamp":"2026-08-06 04:09:45"}
{"fields":{"humidity":48.32,"pressure":1008.89,"temperature":24.2},"name":"mqtt_consumer","tags":{"topic":"arsip/sensor_bme280"},"timestamp":"2026-08-06 04:09:48"}
{"fields":{"humidity":48.32,"pressure":1008.89,"temperature":24.2},"name":"mqtt_consumer","tags":{"topic":"arsip/sensor_bme280"},"timestamp":"2026-08-06 04:09:49"}
{"fields":{"humidity":48.32,"pressure":1008.89,"temperature":24.2},"name":"mqtt_consumer","tags":{"topic":"arsip/sensor_bme280"},"timestamp":"2026-08-06 04:09:52"}
{"fields":{"humidity":48.32,"pressure":1008.89,"temperature":24.2},"name":"mqtt_consumer","tags":{"topic":"arsip/sensor_bme280"},"timestamp":"2026-08-06 04:09:53"}
{"fields":{"humidity":48.32,"pressure":1008.89,"temperature":24.2},"name":"mqtt_consumer","tags":{"topic":"arsip/sensor_bme280"},"timestamp":"2026-08-06 04:09:57"}
{"fields":{"humidity":48.32,"pressure":1008.89,"temperature":24.2},"name":"mqtt_consumer","tags":{"topic":"arsip/sensor_bme280"},"timestamp":"2026-08-06 04:09:57"}
{"fields":{"humidity":48.32,"pressure":1008.89,"temperature":24.2},"name":"mqtt_consumer","tags":{"topic":"arsip/sensor_bme280"},"timestamp":"2026-08-06 04:10:00"}
{"fields":{"humidity":48.32,"pressure":1008.89,"temperature":24.2},"name":"mqtt_consumer","tags":{"topic":"arsip/sensor_bme280"},"timestamp":"2026-08-06 04:10:01"}
{"fields":{"humidity":48.32,"pressure":1008.89,"temperature":24.2},"name":"mqtt_consumer","tags":{"topic":"arsip/sensor_bme280"},"timestamp":"2026-08-06 04:10:05"}
{"fields":{"humidity":48.39,"pressure":1009.07,"temperature":24.19},"name":"mqtt_consumer","tags":{"topic":"arsip/sensor_bme280"},"timestamp":"2026-08-06 04:10:05"}
{"fields":{"humidity":48.39,"pressure":1009.07,"temperature":24.19},"name":"mqtt_consumer","tags":{"topic":"arsip/sensor_bme280"},"timestamp":"2026-08-06 04:10:08"}
{"fields":{"humidity":48.39,"pressure":1009.07,"temperature":24.19},"name":"mqtt_consumer","tags":{"topic":"arsip/sensor_bme280"},"timestamp":"2026-08-06 04:10:09"}
{"fields":{"humidity":48.23,"temperature":25.04},"name":"mqtt_consumer","tags":{"topic":"arsip/sensor_dht11"},"timestamp":"2026-08-06 04:10:10"}
{"fields":{"humidity":48.39,"pressure":1009.07,"temperature":24.19},"name":"mqtt_consumer","tags":{"topic":"arsip/sensor_bme280"},"timestamp":"2026-08-06 04:10:12"}
{"fields":{"humidity":48.39,"pressure":1009.07,"temperature":24.19},"name":"mqtt_consumer","tags":{"topic":"arsip/sensor_bme280"},"timestamp":"2026-08-06 04:10:13"}
{"fields":{"humidity":48.39,"pressure":1009.07,"temperature":24.19},"name":"mqtt_consumer","tags":{"topic":"arsip/sensor_bme280"},"timestamp":"2026-08-06 04:10:17"}
{"fields":{"humidity":48.39,"pressure":1009.07,"temperature":24.19},"name":"mqtt_consumer","tags":{"topic":"arsip/sensor_bme280"},"timestamp":"2026-08-06 04:10:17"}
{"fields":{"humidity":48.39,"pressure":1009.07,"temperature":24.19},"name":"mqtt_consumer","tags":{"topic":"arsip/sensor_bme280"},"timestamp":"2026-08-06 04:10:20"}
{"fields":{"humidity":48.39,"pressure":1009.07,"temperature":24.19},"name":"mqtt_consumer","tags":{"topic":"arsip/sensor_bme280"},"timestamp":"2026-08-06 04:10:21"}
{"fields":{"humidity":48.39,"pressure":1009.07,"temperature":24.19},"name":"mqtt_consumer","tags":{"topic":"arsip/sensor_bme280"},"timestamp":"2026-08-06 04:10:24"}
{"fields":{"humidity":48.39,"pressure":1009.07,"temperature":24.19},"name":"mqtt_consumer","tags":{"topic":"arsip/sensor_bme280"},"timestamp":"2026-08-06 04:10:25"}
{"fields":{"humidity":48.39,"pressure":1009.07,"temperature":24.19},"name":"mqtt_consumer","tags":{"topic":"arsip/sensor_bme280"},"timestamp":"2026-08-06 04:10:28"}
{"fields":{"humidity":48.39,"pressure":1009.07,"temperature":24.19},"name":"mqtt_consumer","tags":{"topic":"arsip/sensor_bme280"},"timestamp":"2026-08-06 04:10:29"}
{"fields":{"humidity":48.39,"pressure":1009.07,"temperature":24.19},"name":"mqtt_consumer","tags":{"topic":"arsip/sensor_bme280"},"timestamp":"2026-08-06 04:10:32"}
{"fields":{"humidity":48.39,"pressure":1009.07,"temperature":24.19},"name":"mqtt_consumer","tags":{"topic":"arsip/sensor_bme280"},"timestamp":"2026-08-06 04:10:33"}
{"fields":{"humidity":48.65,"pressure":1008.88,"temperature":24.11},"name":"mqtt_consumer","tags":{"topic":"arsip/sensor_bme280"},"timestamp":"2026-08-06 04:10:36"}
{"fields":{"humidity":48.65,"pressure":1008.88,"temperature":24.11},"name":"mqtt_consumer","tags":{"topic":"arsip/sensor_bme280"},"timestamp":"2026-08-06 04:10:37"}
{"fields":{"humidity":48.65,"pressure":1008.88,"temperature":24.11},"name":"mqtt_consumer","tags":{"topic":"arsip/sensor_bme280"},"timestamp":"2026-08-06 04:10:40"}
{"fields":{"humidity":48.15,"temperature":25.04},"name":"mqtt_consumer","tags":{"topic":"arsip/sensor_dht11"},"timestamp":"2026-08-06 04:10:40"}
{"fields":{"humidity":48.65,"pressure":1008.88,"temperature":24.11},"name":"mqtt_consumer","tags":{"topic":"arsip/sensor_bme280"},"timestamp":"2026-08-06 04:10:42"}
{"fields":{"humidity":48.65,"pressure":1008.88,"temperature":24.11},"name":"mqtt_consumer","tags":{"topic":"arsip/sensor_bme280"},"timestamp":"2026-08-06 04:10:44"}
{"fields":{"humidity":48.65,"pressure":1008.88,"temperature":24.11},"name":"mqtt_consumer","tags":{"topic":"arsip/sensor_bme280"},"timestamp":"2026-08-06 04:10:45"}
{"fields":{"humidity":48.65,"pressure":1008.88,"temperature":24.11},"name":"mqtt_consumer","tags":{"topic":"arsip/sensor_bme280"},"timestamp":"2026-08-06 04:10:48"}
{"fields":{"humidity":48.65,"pressure":1008.88,"temperature":24.11},"name":"mqtt_consumer","tags":{"topic":"arsip/sensor_bme280"},"timestamp":"2026-08-06 04:10:49"}
{"fields":{"humidity":48.65,"pressure":1008.88,"temperature":24.11},"name":"mqtt_consumer","tags":{"topic":"arsip/sensor_bme280"},"timestamp":"2026-08-06 04:10:52"}
{"fields":{"humidity":48.65,"pressure":1008.88,"temperature":24.11},"name":"mqtt_consumer","tags":{"topic":"arsip/sensor_bme280"},"timestamp":"2026-08-06 04:10:53"}
{"fields":{"humidity":48.65,"pressure":1008.88,"temperature":24.11},"name":"mqtt_consumer","tags":{"topic":"arsip/sensor_bme280"},"timestamp":"2026-08-06 04:10:56"}
{"fields":{"humidity":48.65,"pressure":1008.88,"temperature":24.11},"name":"mqtt_consumer","tags":{"topic":"arsip/sensor_bme280"},"timestamp":"2026-08-06 04:10:57"}
{"fields":{"humidity":48.65,"pressure":1008.88,"temperature":24.11},"name":"mqtt_consumer","tags":{"topic":"arsip/sensor_bme280"},"timestamp":"2026-08-06 04:11:00"}
{"fields":{"humidity":48.65,"pressure":1008.88,"temperature":24.11},"name":"mqtt_consumer","tags":{"topic":"arsip/sensor_bme280"},"timestamp":"2026-08-06 04:11:01"}
{"fields":{"humidity":48.65,"pressure":1008.88,"temperature":24.11},"name":"mqtt_consumer","tags":{"topic":"arsip/sensor_bme280"},"timestamp":"2026-08-06 04:11:04"}
{"fields":{"humidity":48.35,"pressure":1008.97,"temperature":24.16},"name":"mqtt_consumer","tags":{"topic":"arsip/sensor_bme280"},"timestamp":"2026-08-06 04:11:05"}
{"fields":{"humidity":48.35,"pressure":1008.97,"temperature":24.16},"name":"mqtt_consumer","tags":{"topic":"arsip/sensor_bme280"},"timestamp":"2026-08-06 04:11:08"}
{"fields":{"humidity":48.35,"pressure":1008.97,"temperature":24.16},"name":"mqtt_consumer","tags":{"topic":"arsip/sensor_bme280"},"timestamp":"2026-08-06 04:11:09"}
{"fields":{"humidity":48.31,"temperature":24.93},"name":"mqtt_consumer","tags":{"topic":"arsip/sensor_dht11"},"timestamp":"2026-08-06 04:11:10"}
{"fields":{"humidity":48.35,"pressure":1008.97,"temperature":24.16},"name":"mqtt_consumer","tags":{"topic":"arsip/sensor_bme280"},"timestamp":"2026-08-06 04:11:12"}
{"fields":{"humidity":48.35,"pressure":1008.97,"temperature":24.16},"name":"mqtt_consumer","tags":{"topic":"arsip/sensor_bme280"},"timestamp":"2026-08-06 04:11:13"}
{"fields":{"humidity":48.35,"pressure":1008.97,"temperature":24.16},"name":"mqtt_consumer","tags":{"topic":"arsip/sensor_bme280"},"timestamp":"2026-08-06 04:11:16"}
{"fields":{"humidity":48.35,"pressure":1008.97,"temperature":24.16},"name":"mqtt_consumer","tags":{"topic":"arsip/sensor_bme280"},"timestamp":"2026-08-06 04:11:18"}
{"fields":{"humidity":48.35,"pressure":1008.97,"temperature":24.16},"name":"mqtt_consumer","tags":{"topic":"arsip/sensor_bme280"},"timestamp":"2026-08-06 04:11:20"}
{"fields":{"humidity":48.35,"pressure":1008.97,"temperature":24.16},"name":"mqtt_consumer","tags":{"topic":"arsip/sensor_bme280"},"timestamp":"2026-08-06 04:11:21"}
{"fields":{"humidity":48.35,"pressure":1008.97,"temperature":24.16},"name":"mqtt_consumer","tags":{"topic":"arsip/sensor_bme280"},"timestamp":"2026-08-06 04:11:24"}
{"fields":{"humidity":48.35,"pressure":1008.97,"temperature":24.16},"name":"mqtt_consumer","tags":{"topic":"arsip/sensor_bme280"},"timestamp":"2026-08-06 04:11:25"}
{"fields":{"humidity":48.35,"pressure":1008.97,"temperature":24.16},"name":"mqtt_consumer","tags":{"topic":"arsip/sensor_bme280"},"timestamp":"2026-08-06 04:11:28"}
{"fields":{"humidity":48.35,"pressure":1008.97,"temperature":24.16},"name":"mqtt_consumer","tags":{"topic":"arsip/sensor_bme280"},"timestamp":"2026-08-06 04:11:30"}
{"fields":{"humidity":48.35,"pressure":1008.97,"temperature":24.16},"name":"mqtt_consumer","tags":{"topic":"arsip/sensor_bme280"},"timestamp":"2026-08-06 04:11:32"}
{"fields":{"humidity":48.35,"pressure":1008.97,"temperature":24.16},"name":"mqtt_consumer","tags":{"topic":"arsip/sensor_bme280"},"timestamp":"2026-08-06 04:11:33"}
{"fields":{"humidity":48.09,"pressure":1008.95,"temperature":24.11},"name":"mqtt_consumer","tags":{"topic":"arsip/sensor_bme280"},"timestamp":"2026-08-06 04:11:36"}
{"fields":{"humidity":48.09,"pressure":1008.95,"temperature":24.11},"name":"mqtt_consumer","tags":{"topic":"arsip/sensor_bme280"},"timestamp":"2026-08-06 04:11:37"}
{"fields":{"humidity":48.09,"pressure":1008.95,"temperature":24.11},"name":"mqtt_consumer","tags":{"topic":"arsip/sensor_bme280"},"timestamp":"2026-08-06 04:11:40"}
{"fields":{"humidity":48.31,"temperature":25.04},"name":"mqtt_consumer","tags":{"topic":"arsip/sensor_dht11"},"timestamp":"2026-08-06 04:11:40"}
{"fields":{"humidity":48.09,"pressure":1008.95,"temperature":24.11},"name":"mqtt_consumer","tags":{"topic":"arsip/sensor_bme280"},"timestamp":"2026-08-06 04:11:42"}
{"fields":{"humidity":48.09,"pressure":1008.95,"temperature":24.11},"name":"mqtt_consumer","tags":{"topic":"arsip/sensor_bme280"},"timestamp":"2026-08-06 04:11:45"}
{"fields":{"humidity":48.09,"pressure":1008.95,"temperature":24.11},"name":"mqtt_consumer","tags":{"topic":"arsip/sensor_bme280"},"timestamp":"2026-08-06 04:11:45"}
{"fields":{"humidity":48.09,"pressure":1008.95,"temperature":24.11},"name":"mqtt_consumer","tags":{"topic":"arsip/sensor_bme280"},"timestamp":"2026-08-06 04:11:48"}
{"fields":{"humidity":48.09,"pressure":1008.95,"temperature":24.11},"name":"mqtt_consumer","tags":{"topic":"arsip/sensor_bme280"},"timestamp":"2026-08-06 04:11:50"}
{"fields":{"humidity":48.09,"pressure":1008.95,"temperature":24.11},"name":"mqtt_consumer","tags":{"topic":"arsip/sensor_bme280"},"timestamp":"2026-08-06 04:11:53"}
{"fields":{"humidity":48.09,"pressure":1008.95,"temperature":24.11},"name":"mqtt_consumer","tags":{"topic":"arsip/sensor_bme280"},"timestamp":"2026-08-06 04:11:54"}
{"fields":{"humidity":48.09,"pressure":1008.95,"temperature":24.11},"name":"mqtt_consumer","tags":{"topic":"arsip/sensor_bme280"},"timestamp":"2026-08-06 04:11:56"}
{"fields":{"humidity":48.09,"pressure":1008.95,"temperature":24.11},"name":"mqtt_consumer","tags":{"topic":"arsip/sensor_bme280"},"timestamp":"2026-08-06 04:11:57"}
{"fields":{"humidity":48.09,"pressure":1008.95,"temperature":24.11},"name":"mqtt_consumer","tags":{"topic":"arsip/sensor_bme280"},"timestamp":"2026-08-06 04:12:00"}
{"fields":{"humidity":48.09,"pressure":1008.95,"temperature":24.11},"name":"mqtt_consumer","tags":{"topic":"arsip/sensor_bme280"},"timestamp":"2026-08-06 04:12:02"}
{"fields":{"humidity":48.09,"pressure":1008.95,"temperature":24.11},"name":"mqtt_consumer","tags":{"topic":"arsip/sensor_bme280"},"timestamp":"2026-08-06 04:12:04"}
{"fields":{"humidity":48.13,"pressure":1009,"temperature":24.02},"name":"mqtt_consumer","tags":{"topic":"arsip/sensor_bme280"},"timestamp":"2026-08-06 04:12:06"}
{"fields":{"humidity":48.13,"pressure":1009,"temperature":24.02},"name":"mqtt_consumer","tags":{"topic":"arsip/sensor_bme280"},"timestamp":"2026-08-06 04:12:08"}
{"fields":{"humidity":48.13,"pressure":1009,"temperature":24.02},"name":"mqtt_consumer","tags":{"topic":"arsip/sensor_bme280"},"timestamp":"2026-08-06 04:12:09"}
{"fields":{"humidity":48.23,"temperature":24.93},"name":"mqtt_consumer","tags":{"topic":"arsip/sensor_dht11"},"timestamp":"2026-08-06 04:12:10"}
{"fields":{"humidity":48.13,"pressure":1009,"temperature":24.02},"name":"mqtt_consumer","tags":{"topic":"arsip/sensor_bme280"},"timestamp":"2026-08-06 04:12:12"}
{"fields":{"humidity":48.13,"pressure":1009,"temperature":24.02},"name":"mqtt_consumer","tags":{"topic":"arsip/sensor_bme280"},"timestamp":"2026-08-06 04:12:13"}
{"fields":{"humidity":48.13,"pressure":1009,"temperature":24.02},"name":"mqtt_consumer","tags":{"topic":"arsip/sensor_bme280"},"timestamp":"2026-08-06 04:12:16"}
{"fields":{"humidity":48.13,"pressure":1009,"temperature":24.02},"name":"mqtt_consumer","tags":{"topic":"arsip/sensor_bme280"},"timestamp":"2026-08-06 04:12:17"}
{"fields":{"humidity":48.13,"pressure":1009,"temperature":24.02},"name":"mqtt_consumer","tags":{"topic":"arsip/sensor_bme280"},"timestamp":"2026-08-06 04:12:20"}
{"fields":{"humidity":48.13,"pressure":1009,"temperature":24.02},"name":"mqtt_consumer","tags":{"topic":"arsip/sensor_bme280"},"timestamp":"2026-08-06 04:12:21"}
{"fields":{"humidity":48.13,"pressure":1009,"temperature":24.02},"name":"mqtt_consumer","tags":{"topic":"arsip/sensor_bme280"},"timestamp":"2026-08-06 04:12:24"}
{"fields":{"humidity":48.13,"pressure":1009,"temperature":24.02},"name":"mqtt_consumer","tags":{"topic":"arsip/sensor_bme280"},"timestamp":"2026-08-06 04:12:25"}
{"fields":{"humidity":48.13,"pressure":1009,"temperature":24.02},"name":"mqtt_consumer","tags":{"topic":"arsip/sensor_bme280"},"timestamp":"2026-08-06 04:12:28"}
{"fields":{"humidity":48.13,"pressure":1009,"temperature":24.02},"name":"mqtt_consumer","tags":{"topic":"arsip/sensor_bme280"},"timestamp":"2026-08-06 04:12:29"}
{"fields":{"humidity":48.13,"pressure":1009,"temperature":24.02},"name":"mqtt_consumer","tags":{"topic":"arsip/sensor_bme280"},"timestamp":"2026-08-06 04:12:32"}
{"fields":{"humidity":48.13,"pressure":1009,"temperature":24.02},"name":"mqtt_consumer","tags":{"topic":"arsip/sensor_bme280"},"timestamp":"2026-08-06 04:12:33"}
{"fields":{"humidity":48.28,"pressure":1008.96,"temperature":24.05},"name":"mqtt_consumer","tags":{"topic":"arsip/sensor_bme280"},"timestamp":"2026-08-06 04:12:36"}
{"fields":{"humidity":48.28,"pressure":1008.96,"temperature":24.05},"name":"mqtt_consumer","tags":{"topic":"arsip/sensor_bme280"},"timestamp":"2026-08-06 04:12:37"}
{"fields":{"humidity":48.28,"pressure":1008.96,"temperature":24.05},"name":"mqtt_consumer","tags":{"topic":"arsip/sensor_bme280"},"timestamp":"2026-08-06 04:12:40"}
{"fields":{"humidity":48.15,"temperature":24.82},"name":"mqtt_consumer","tags":{"topic":"arsip/sensor_dht11"},"timestamp":"2026-08-06 04:12:40"}
{"fields":{"humidity":48.28,"pressure":1008.96,"temperature":24.05},"name":"mqtt_consumer","tags":{"topic":"arsip/sensor_bme280"},"timestamp":"2026-08-06 04:12:41"}
{"fields":{"humidity":48.28,"pressure":1008.96,"temperature":24.05},"name":"mqtt_consumer","tags":{"topic":"arsip/sensor_bme280"},"timestamp":"2026-08-06 04:12:44"}
{"fields":{"humidity":48.28,"pressure":1008.96,"temperature":24.05},"name":"mqtt_consumer","tags":{"topic":"arsip/sensor_bme280"},"timestamp":"2026-08-06 04:12:49"}
{"fields":{"humidity":48.28,"pressure":1008.96,"temperature":24.05},"name":"mqtt_consumer","tags":{"topic":"arsip/sensor_bme280"},"timestamp":"2026-08-06 04:12:49"}
{"fields":{"humidity":48.28,"pressure":1008.96,"temperature":24.05},"name":"mqtt_consumer","tags":{"topic":"arsip/sensor_bme280"},"timestamp":"2026-08-06 04:12:49"}
{"fields":{"humidity":48.28,"pressure":1008.96,"temperature":24.05},"name":"mqtt_consumer","tags":{"topic":"arsip/sensor_bme280"},"timestamp":"2026-08-06 04:12:52"}
{"fields":{"humidity":48.28,"pressure":1008.96,"temperature":24.05},"name":"mqtt_consumer","tags":{"topic":"arsip/sensor_bme280"},"timestamp":"2026-08-06 04:12:54"}
{"fields":{"humidity":48.28,"pressure":1008.96,"temperature":24.05},"name":"mqtt_consumer","tags":{"topic":"arsip/sensor_bme280"},"timestamp":"2026-08-06 04:12:56"}
{"fields":{"humidity":48.28,"pressure":1008.96,"temperature":24.05},"name":"mqtt_consumer","tags":{"topic":"arsip/sensor_bme280"},"timestamp":"2026-08-06 04:12:57"}
{"fields":{"humidity":48.28,"pressure":1008.96,"temperature":24.05},"name":"mqtt_consumer","tags":{"topic":"arsip/sensor_bme280"},"timestamp":"2026-08-06 04:13:00"}
{"fields":{"humidity":48.28,"pressure":1008.96,"temperature":24.05},"name":"mqtt_consumer","tags":{"topic":"arsip/sensor_bme280"},"timestamp":"2026-08-06 04:13:01"}
{"fields":{"humidity":48.28,"pressure":1008.96,"temperature":24.05},"name":"mqtt_consumer","tags":{"topic":"arsip/sensor_bme280"},"timestamp":"2026-08-06 04:13:04"}
{"fields":{"humidity":47.5,"pressure":1009,"temperature":23.99},"name":"mqtt_consumer","tags":{"topic":"arsip/sensor_bme280"},"timestamp":"2026-08-06 04:13:06"}
{"fields":{"humidity":47.5,"pressure":1009,"temperature":23.99},"name":"mqtt_consumer","tags":{"topic":"arsip/sensor_bme280"},"timestamp":"2026-08-06 04:13:08"}
{"fields":{"humidity":47.5,"pressure":1009,"temperature":23.99},"name":"mqtt_consumer","tags":{"topic":"arsip/sensor_bme280"},"timestamp":"2026-08-06 04:13:09"}
{"fields":{"humidity":48.15,"temperature":24.82},"name":"mqtt_consumer","tags":{"topic":"arsip/sensor_dht11"},"timestamp":"2026-08-06 04:13:10"}
{"fields":{"humidity":47.5,"pressure":1009,"temperature":23.99},"name":"mqtt_consumer","tags":{"topic":"arsip/sensor_bme280"},"timestamp":"2026-08-06 04:13:12"}
{"fields":{"humidity":47.5,"pressure":1009,"temperature":23.99},"name":"mqtt_consumer","tags":{"topic":"arsip/sensor_bme280"},"timestamp":"2026-08-06 04:13:13"}
{"fields":{"humidity":47.5,"pressure":1009,"temperature":23.99},"name":"mqtt_consumer","tags":{"topic":"arsip/sensor_bme280"},"timestamp":"2026-08-06 04:13:17"}
{"fields":{"humidity":47.5,"pressure":1009,"temperature":23.99},"name":"mqtt_consumer","tags":{"topic":"arsip/sensor_bme280"},"timestamp":"2026-08-06 04:13:17"}
{"fields":{"humidity":47.5,"pressure":1009,"temperature":23.99},"name":"mqtt_consumer","tags":{"topic":"arsip/sensor_bme280"},"timestamp":"2026-08-06 04:13:20"}
{"fields":{"humidity":47.5,"pressure":1009,"temperature":23.99},"name":"mqtt_consumer","tags":{"topic":"arsip/sensor_bme280"},"timestamp":"2026-08-06 04:13:21"}
{"fields":{"humidity":47.5,"pressure":1009,"temperature":23.99},"name":"mqtt_consumer","tags":{"topic":"arsip/sensor_bme280"},"timestamp":"2026-08-06 04:13:24"}
{"fields":{"humidity":47.5,"pressure":1009,"temperature":23.99},"name":"mqtt_consumer","tags":{"topic":"arsip/sensor_bme280"},"timestamp":"2026-08-06 04:13:25"}
{"fields":{"humidity":47.5,"pressure":1009,"temperature":23.99},"name":"mqtt_consumer","tags":{"topic":"arsip/sensor_bme280"},"timestamp":"2026-08-06 04:13:28"}
{"fields":{"humidity":47.5,"pressure":1009,"temperature":23.99},"name":"mqtt_consumer","tags":{"topic":"arsip/sensor_bme280"},"timestamp":"2026-08-06 04:13:29"}
{"fields":{"humidity":47.5,"pressure":1009,"temperature":23.99},"name":"mqtt_consumer","tags":{"topic":"arsip/sensor_bme280"},"timestamp":"2026-08-06 04:13:32"}
{"fields":{"humidity":47.5,"pressure":1009,"temperature":23.99},"name":"mqtt_consumer","tags":{"topic":"arsip/sensor_bme280"},"timestamp":"2026-08-06 04:13:33"}
{"fields":{"humidity":47.12,"pressure":1009.03,"temperature":24.02},"name":"mqtt_consumer","tags":{"topic":"arsip/sensor_bme280"},"timestamp":"2026-08-06 04:13:36"}
{"fields":{"humidity":47.12,"pressure":1009.03,"temperature":24.02},"name":"mqtt_consumer","tags":{"topic":"arsip/sensor_bme280"},"timestamp":"2026-08-06 04:13:38"}
{"fields":{"humidity":47.58,"temperature":24.82},"name":"mqtt_consumer","tags":{"topic":"arsip/sensor_dht11"},"timestamp":"2026-08-06 04:13:40"}
{"fields":{"humidity":47.12,"pressure":1009.03,"temperature":24.02},"name":"mqtt_consumer","tags":{"topic":"arsip/sensor_bme280"},"timestamp":"2026-08-06 04:13:44"}
{"fields":{"humidity":47.12,"pressure":1009.03,"temperature":24.02},"name":"mqtt_consumer","tags":{"topic":"arsip/sensor_bme280"},"timestamp":"2026-08-06 04:13:44"}
{"fields":{"humidity":47.12,"pressure":1009.03,"temperature":24.02},"name":"mqtt_consumer","tags":{"topic":"arsip/sensor_bme280"},"timestamp":"2026-08-06 04:13:44"}
{"fields":{"humidity":47.12,"pressure":1009.03,"temperature":24.02},"name":"mqtt_consumer","tags":{"topic":"arsip/sensor_bme280"},"timestamp":"2026-08-06 04:13:45"}
{"fields":{"humidity":47.12,"pressure":1009.03,"temperature":24.02},"name":"mqtt_consumer","tags":{"topic":"arsip/sensor_bme280"},"timestamp":"2026-08-06 04:13:48"}
{"fields":{"humidity":47.12,"pressure":1009.03,"temperature":24.02},"name":"mqtt_consumer","tags":{"topic":"arsip/sensor_bme280"},"timestamp":"2026-08-06 04:13:49"}
{"fields":{"humidity":47.12,"pressure":1009.03,"temperature":24.02},"name":"mqtt_consumer","tags":{"topic":"arsip/sensor_bme280"},"timestamp":"2026-08-06 04:13:52"}
{"fields":{"humidity":47.12,"pressure":1009.03,"temperature":24.02},"name":"mqtt_consumer","tags":{"topic":"arsip/sensor_bme280"},"timestamp":"2026-08-06 04:13:53"}
{"fields":{"humidity":47.12,"pressure":1009.03,"temperature":24.02},"name":"mqtt_consumer","tags":{"topic":"arsip/sensor_bme280"},"timestamp":"2026-08-06 04:13:56"}
{"fields":{"humidity":47.12,"pressure":1009.03,"temperature":24.02},"name":"mqtt_consumer","tags":{"topic":"arsip/sensor_bme280"},"timestamp":"2026-08-06 04:13:57"}
{"fields":{"humidity":47.12,"pressure":1009.03,"temperature":24.02},"name":"mqtt_consumer","tags":{"topic":"arsip/sensor_bme280"},"timestamp":"2026-08-06 04:14:00"}
{"fields":{"humidity":47.12,"pressure":1009.03,"temperature":24.02},"name":"mqtt_consumer","tags":{"topic":"arsip/sensor_bme280"},"timestamp":"2026-08-06 04:14:01"}
{"fields":{"humidity":47.12,"pressure":1009.03,"temperature":24.02},"name":"mqtt_consumer","tags":{"topic":"arsip/sensor_bme280"},"timestamp":"2026-08-06 04:14:04"}
{"fields":{"humidity":47.28,"pressure":1008.96,"temperature":24.01},"name":"mqtt_consumer","tags":{"topic":"arsip/sensor_bme280"},"timestamp":"2026-08-06 04:14:05"}
{"fields":{"humidity":47.28,"pressure":1008.96,"temperature":24.01},"name":"mqtt_consumer","tags":{"topic":"arsip/sensor_bme280"},"timestamp":"2026-08-06 04:14:08"}
{"fields":{"humidity":47.28,"pressure":1008.96,"temperature":24.01},"name":"mqtt_consumer","tags":{"topic":"arsip/sensor_bme280"},"timestamp":"2026-08-06 04:14:09"}
{"fields":{"humidity":47.01,"temperature":24.82},"name":"mqtt_consumer","tags":{"topic":"arsip/sensor_dht11"},"timestamp":"2026-08-06 04:14:10"}
{"fields":{"humidity":47.28,"pressure":1008.96,"temperature":24.01},"name":"mqtt_consumer","tags":{"topic":"arsip/sensor_bme280"},"timestamp":"2026-08-06 04:14:12"}
{"fields":{"humidity":47.28,"pressure":1008.96,"temperature":24.01},"name":"mqtt_consumer","tags":{"topic":"arsip/sensor_bme280"},"timestamp":"2026-08-06 04:14:13"}
{"fields":{"humidity":47.28,"pressure":1008.96,"temperature":24.01},"name":"mqtt_consumer","tags":{"topic":"arsip/sensor_bme280"},"timestamp":"2026-08-06 04:14:16"}
{"fields":{"humidity":47.28,"pressure":1008.96,"temperature":24.01},"name":"mqtt_consumer","tags":{"topic":"arsip/sensor_bme280"},"timestamp":"2026-08-06 04:14:17"}
{"fields":{"humidity":47.28,"pressure":1008.96,"temperature":24.01},"name":"mqtt_consumer","tags":{"topic":"arsip/sensor_bme280"},"timestamp":"2026-08-06 04:14:20"}
{"fields":{"humidity":47.28,"pressure":1008.96,"temperature":24.01},"name":"mqtt_consumer","tags":{"topic":"arsip/sensor_bme280"},"timestamp":"2026-08-06 04:14:21"}
{"fields":{"humidity":47.28,"pressure":1008.96,"temperature":24.01},"name":"mqtt_consumer","tags":{"topic":"arsip/sensor_bme280"},"timestamp":"2026-08-06 04:14:24"}
{"fields":{"humidity":47.28,"pressure":1008.96,"temperature":24.01},"name":"mqtt_consumer","tags":{"topic":"arsip/sensor_bme280"},"timestamp":"2026-08-06 04:14:25"}
{"fields":{"humidity":47.28,"pressure":1008.96,"temperature":24.01},"name":"mqtt_consumer","tags":{"topic":"arsip/sensor_bme280"},"timestamp":"2026-08-06 04:14:28"}
{"fields":{"humidity":47.28,"pressure":1008.96,"temperature":24.01},"name":"mqtt_consumer","tags":{"topic":"arsip/sensor_bme280"},"timestamp":"2026-08-06 04:14:29"}
{"fields":{"humidity":47.28,"pressure":1008.96,"temperature":24.01},"name":"mqtt_consumer","tags":{"topic":"arsip/sensor_bme280"},"timestamp":"2026-08-06 04:14:32"}
{"fields":{"humidity":47.28,"pressure":1008.96,"temperature":24.01},"name":"mqtt_consumer","tags":{"topic":"arsip/sensor_bme280"},"timestamp":"2026-08-06 04:14:33"}
{"fields":{"humidity":47.32,"pressure":1008.98,"temperature":23.99},"name":"mqtt_consumer","tags":{"topic":"arsip/sensor_bme280"},"timestamp":"2026-08-06 04:14:36"}
{"fields":{"humidity":47.32,"pressure":1008.98,"temperature":23.99},"name":"mqtt_consumer","tags":{"topic":"arsip/sensor_bme280"},"timestamp":"2026-08-06 04:14:37"}
{"fields":{"humidity":47.32,"pressure":1008.98,"temperature":23.99},"name":"mqtt_consumer","tags":{"topic":"arsip/sensor_bme280"},"timestamp":"2026-08-06 04:14:40"}
{"fields":{"humidity":47.18,"temperature":24.82},"name":"mqtt_consumer","tags":{"topic":"arsip/sensor_dht11"},"timestamp":"2026-08-06 04:14:40"}
{"fields":{"humidity":47.32,"pressure":1008.98,"temperature":23.99},"name":"mqtt_consumer","tags":{"topic":"arsip/sensor_bme280"},"timestamp":"2026-08-06 04:14:41"}
{"fields":{"humidity":47.32,"pressure":1008.98,"temperature":23.99},"name":"mqtt_consumer","tags":{"topic":"arsip/sensor_bme280"},"timestamp":"2026-08-06 04:14:44"}
{"fields":{"humidity":47.32,"pressure":1008.98,"temperature":23.99},"name":"mqtt_consumer","tags":{"topic":"arsip/sensor_bme280"},"timestamp":"2026-08-06 04:14:45"}
{"fields":{"humidity":47.32,"pressure":1008.98,"temperature":23.99},"name":"mqtt_consumer","tags":{"topic":"arsip/sensor_bme280"},"timestamp":"2026-08-06 04:14:48"}
{"fields":{"humidity":47.32,"pressure":1008.98,"temperature":23.99},"name":"mqtt_consumer","tags":{"topic":"arsip/sensor_bme280"},"timestamp":"2026-08-06 04:14:49"}
{"fields":{"humidity":47.32,"pressure":1008.98,"temperature":23.99},"name":"mqtt_consumer","tags":{"topic":"arsip/sensor_bme280"},"timestamp":"2026-08-06 04:14:52"}
{"fields":{"humidity":47.32,"pressure":1008.98,"temperature":23.99},"name":"mqtt_consumer","tags":{"topic":"arsip/sensor_bme280"},"timestamp":"2026-08-06 04:14:53"}
{"fields":{"humidity":47.32,"pressure":1008.98,"temperature":23.99},"name":"mqtt_consumer","tags":{"topic":"arsip/sensor_bme280"},"timestamp":"2026-08-06 04:14:56"}
{"fields":{"humidity":47.32,"pressure":1008.98,"temperature":23.99},"name":"mqtt_consumer","tags":{"topic":"arsip/sensor_bme280"},"timestamp":"2026-08-06 04:14:57"}
{"fields":{"humidity":47.32,"pressure":1008.98,"temperature":23.99},"name":"mqtt_consumer","tags":{"topic":"arsip/sensor_bme280"},"timestamp":"2026-08-06 04:15:00"}
{"fields":{"humidity":47.32,"pressure":1008.98,"temperature":23.99},"name":"mqtt_consumer","tags":{"topic":"arsip/sensor_bme280"},"timestamp":"2026-08-06 04:15:01"}
{"fields":{"humidity":47.32,"pressure":1008.98,"temperature":23.99},"name":"mqtt_consumer","tags":{"topic":"arsip/sensor_bme280"},"timestamp":"2026-08-06 04:15:04"}
{"fields":{"humidity":47.29,"pressure":1008.96,"temperature":23.98},"name":"mqtt_consumer","tags":{"topic":"arsip/sensor_bme280"},"timestamp":"2026-08-06 04:15:05"}
{"fields":{"humidity":47.29,"pressure":1008.96,"temperature":23.98},"name":"mqtt_consumer","tags":{"topic":"arsip/sensor_bme280"},"timestamp":"2026-08-06 04:15:08"}
{"fields":{"humidity":47.29,"pressure":1008.96,"temperature":23.98},"name":"mqtt_consumer","tags":{"topic":"arsip/sensor_bme280"},"timestamp":"2026-08-06 04:15:09"}
{"fields":{"humidity":47.01,"temperature":24.93},"name":"mqtt_consumer","tags":{"topic":"arsip/sensor_dht11"},"timestamp":"2026-08-06 04:15:10"}
{"fields":{"humidity":47.29,"pressure":1008.96,"temperature":23.98},"name":"mqtt_consumer","tags":{"topic":"arsip/sensor_bme280"},"timestamp":"2026-08-06 04:15:12"}
{"fields":{"humidity":47.29,"pressure":1008.96,"temperature":23.98},"name":"mqtt_consumer","tags":{"topic":"arsip/sensor_bme280"},"timestamp":"2026-08-06 04:15:13"}
{"fields":{"humidity":47.29,"pressure":1008.96,"temperature":23.98},"name":"mqtt_consumer","tags":{"topic":"arsip/sensor_bme280"},"timestamp":"2026-08-06 04:15:16"}
{"fields":{"humidity":47.29,"pressure":1008.96,"temperature":23.98},"name":"mqtt_consumer","tags":{"topic":"arsip/sensor_bme280"},"timestamp":"2026-08-06 04:15:17"}
{"fields":{"humidity":47.29,"pressure":1008.96,"temperature":23.98},"name":"mqtt_consumer","tags":{"topic":"arsip/sensor_bme280"},"timestamp":"2026-08-06 04:15:20"}
{"fields":{"humidity":47.29,"pressure":1008.96,"temperature":23.98},"name":"mqtt_consumer","tags":{"topic":"arsip/sensor_bme280"},"timestamp":"2026-08-06 04:15:21"}
{"fields":{"humidity":47.29,"pressure":1008.96,"temperature":23.98},"name":"mqtt_consumer","tags":{"topic":"arsip/sensor_bme280"},"timestamp":"2026-08-06 04:15:24"}
{"fields":{"humidity":47.29,"pressure":1008.96,"temperature":23.98},"name":"mqtt_consumer","tags":{"topic":"arsip/sensor_bme280"},"timestamp":"2026-08-06 04:15:25"}
{"fields":{"humidity":47.29,"pressure":1008.96,"temperature":23.98},"name":"mqtt_consumer","tags":{"topic":"arsip/sensor_bme280"},"timestamp":"2026-08-06 04:15:28"}
{"fields":{"humidity":47.29,"pressure":1008.96,"temperature":23.98},"name":"mqtt_consumer","tags":{"topic":"arsip/sensor_bme280"},"timestamp":"2026-08-06 04:15:29"}
{"fields":{"humidity":47.29,"pressure":1008.96,"temperature":23.98},"name":"mqtt_consumer","tags":{"topic":"arsip/sensor_bme280"},"timestamp":"2026-08-06 04:15:32"}
{"fields":{"humidity":47.29,"pressure":1008.96,"temperature":23.98},"name":"mqtt_consumer","tags":{"topic":"arsip/sensor_bme280"},"timestamp":"2026-08-06 04:15:33"}
{"fields":{"humidity":47.48,"pressure":1008.93,"temperature":23.88},"name":"mqtt_consumer","tags":{"topic":"arsip/sensor_bme280"},"timestamp":"2026-08-06 04:15:36"}
{"fields":{"humidity":47.48,"pressure":1008.93,"temperature":23.88},"name":"mqtt_consumer","tags":{"topic":"arsip/sensor_bme280"},"timestamp":"2026-08-06 04:15:37"}
{"fields":{"humidity":47.48,"pressure":1008.93,"temperature":23.88},"name":"mqtt_consumer","tags":{"topic":"arsip/sensor_bme280"},"timestamp":"2026-08-06 04:15:40"}
{"fields":{"humidity":46.93,"temperature":24.82},"name":"mqtt_consumer","tags":{"topic":"arsip/sensor_dht11"},"timestamp":"2026-08-06 04:15:40"}
{"fields":{"humidity":47.48,"pressure":1008.93,"temperature":23.88},"name":"mqtt_consumer","tags":{"topic":"arsip/sensor_bme280"},"timestamp":"2026-08-06 04:15:41"}
{"fields":{"humidity":47.48,"pressure":1008.93,"temperature":23.88},"name":"mqtt_consumer","tags":{"topic":"arsip/sensor_bme280"},"timestamp":"2026-08-06 04:15:44"}
{"fields":{"humidity":47.48,"pressure":1008.93,"temperature":23.88},"name":"mqtt_consumer","tags":{"topic":"arsip/sensor_bme280"},"timestamp":"2026-08-06 04:15:45"}
{"fields":{"humidity":47.48,"pressure":1008.93,"temperature":23.88},"name":"mqtt_consumer","tags":{"topic":"arsip/sensor_bme280"},"timestamp":"2026-08-06 04:15:48"}
{"fields":{"humidity":47.48,"pressure":1008.93,"temperature":23.88},"name":"mqtt_consumer","tags":{"topic":"arsip/sensor_bme280"},"timestamp":"2026-08-06 04:15:49"}
{"fields":{"humidity":47.48,"pressure":1008.93,"temperature":23.88},"name":"mqtt_consumer","tags":{"topic":"arsip/sensor_bme280"},"timestamp":"2026-08-06 04:15:52"}
{"fields":{"humidity":47.48,"pressure":1008.93,"temperature":23.88},"name":"mqtt_consumer","tags":{"topic":"arsip/sensor_bme280"},"timestamp":"2026-08-06 04:15:53"}
{"fields":{"humidity":47.48,"pressure":1008.93,"temperature":23.88},"name":"mqtt_consumer","tags":{"topic":"arsip/sensor_bme280"},"timestamp":"2026-08-06 04:15:56"}
{"fields":{"humidity":47.48,"pressure":1008.93,"temperature":23.88},"name":"mqtt_consumer","tags":{"topic":"arsip/sensor_bme280"},"timestamp":"2026-08-06 04:15:57"}
{"fields":{"humidity":47.48,"pressure":1008.93,"temperature":23.88},"name":"mqtt_consumer","tags":{"topic":"arsip/sensor_bme280"},"timestamp":"2026-08-06 04:16:00"}
{"fields":{"humidity":47.48,"pressure":1008.93,"temperature":23.88},"name":"mqtt_consumer","tags":{"topic":"arsip/sensor_bme280"},"timestamp":"2026-08-06 04:16:01"}
{"fields":{"humidity":47.48,"pressure":1008.93,"temperature":23.88},"name":"mqtt_consumer","tags":{"topic":"arsip/sensor_bme280"},"timestamp":"2026-08-06 04:16:04"}
{"fields":{"humidity":47.47,"pressure":1008.84,"temperature":23.84},"name":"mqtt_consumer","tags":{"topic":"arsip/sensor_bme280"},"timestamp":"2026-08-06 04:16:05"}
{"fields":{"humidity":47.47,"pressure":1008.84,"temperature":23.84},"name":"mqtt_consumer","tags":{"topic":"arsip/sensor_bme280"},"timestamp":"2026-08-06 04:16:08"}
{"fields":{"humidity":47.47,"pressure":1008.84,"temperature":23.84},"name":"mqtt_consumer","tags":{"topic":"arsip/sensor_bme280"},"timestamp":"2026-08-06 04:16:09"}
{"fields":{"humidity":46.77,"temperature":24.72},"name":"mqtt_consumer","tags":{"topic":"arsip/sensor_dht11"},"timestamp":"2026-08-06 04:16:10"}
{"fields":{"humidity":47.47,"pressure":1008.84,"temperature":23.84},"name":"mqtt_consumer","tags":{"topic":"arsip/sensor_bme280"},"timestamp":"2026-08-06 04:16:12"}
{"fields":{"humidity":47.47,"pressure":1008.84,"temperature":23.84},"name":"mqtt_consumer","tags":{"topic":"arsip/sensor_bme280"},"timestamp":"2026-08-06 04:16:13"}
{"fields":{"humidity":47.47,"pressure":1008.84,"temperature":23.84},"name":"mqtt_consumer","tags":{"topic":"arsip/sensor_bme280"},"timestamp":"2026-08-06 04:16:16"}
{"fields":{"humidity":47.47,"pressure":1008.84,"temperature":23.84},"name":"mqtt_consumer","tags":{"topic":"arsip/sensor_bme280"},"timestamp":"2026-08-06 04:16:17"}
{"fields":{"humidity":47.47,"pressure":1008.84,"temperature":23.84},"name":"mqtt_consumer","tags":{"topic":"arsip/sensor_bme280"},"timestamp":"2026-08-06 04:16:20"}
{"fields":{"humidity":47.47,"pressure":1008.84,"temperature":23.84},"name":"mqtt_consumer","tags":{"topic":"arsip/sensor_bme280"},"timestamp":"2026-08-06 04:16:21"}
{"fields":{"humidity":47.47,"pressure":1008.84,"temperature":23.84},"name":"mqtt_consumer","tags":{"topic":"arsip/sensor_bme280"},"timestamp":"2026-08-06 04:16:25"}
{"fields":{"humidity":47.47,"pressure":1008.84,"temperature":23.84},"name":"mqtt_consumer","tags":{"topic":"arsip/sensor_bme280"},"timestamp":"2026-08-06 04:16:25"}
{"fields":{"humidity":47.47,"pressure":1008.84,"temperature":23.84},"name":"mqtt_consumer","tags":{"topic":"arsip/sensor_bme280"},"timestamp":"2026-08-06 04:16:28"}
{"fields":{"humidity":47.47,"pressure":1008.84,"temperature":23.84},"name":"mqtt_consumer","tags":{"topic":"arsip/sensor_bme280"},"timestamp":"2026-08-06 04:16:29"}
{"fields":{"humidity":47.47,"pressure":1008.84,"temperature":23.84},"name":"mqtt_consumer","tags":{"topic":"arsip/sensor_bme280"},"timestamp":"2026-08-06 04:16:32"}
{"fields":{"humidity":47.47,"pressure":1008.84,"temperature":23.84},"name":"mqtt_consumer","tags":{"topic":"arsip/sensor_bme280"},"timestamp":"2026-08-06 04:16:33"}
{"fields":{"humidity":47.49,"pressure":1008.87,"temperature":23.81},"name":"mqtt_consumer","tags":{"topic":"arsip/sensor_bme280"},"timestamp":"2026-08-06 04:16:36"}
{"fields":{"humidity":47.49,"pressure":1008.87,"temperature":23.81},"name":"mqtt_consumer","tags":{"topic":"arsip/sensor_bme280"},"timestamp":"2026-08-06 04:16:37"}
{"fields":{"humidity":47.49,"pressure":1008.87,"temperature":23.81},"name":"mqtt_consumer","tags":{"topic":"arsip/sensor_bme280"},"timestamp":"2026-08-06 04:16:40"}
{"fields":{"humidity":47.1,"temperature":24.61},"name":"mqtt_consumer","tags":{"topic":"arsip/sensor_dht11"},"timestamp":"2026-08-06 04:16:40"}
{"fields":{"humidity":47.49,"pressure":1008.87,"temperature":23.81},"name":"mqtt_consumer","tags":{"topic":"arsip/sensor_bme280"},"timestamp":"2026-08-06 04:16:41"}
{"fields":{"humidity":47.49,"pressure":1008.87,"temperature":23.81},"name":"mqtt_consumer","tags":{"topic":"arsip/sensor_bme280"},"timestamp":"2026-08-06 04:16:44"}
{"fields":{"humidity":47.49,"pressure":1008.87,"temperature":23.81},"name":"mqtt_consumer","tags":{"topic":"arsip/sensor_bme280"},"timestamp":"2026-08-06 04:16:45"}
{"fields":{"humidity":47.49,"pressure":1008.87,"temperature":23.81},"name":"mqtt_consumer","tags":{"topic":"arsip/sensor_bme280"},"timestamp":"2026-08-06 04:16:48"}
{"fields":{"humidity":47.49,"pressure":1008.87,"temperature":23.81},"name":"mqtt_consumer","tags":{"topic":"arsip/sensor_bme280"},"timestamp":"2026-08-06 04:16:49"}
{"fields":{"humidity":47.49,"pressure":1008.87,"temperature":23.81},"name":"mqtt_consumer","tags":{"topic":"arsip/sensor_bme280"},"timestamp":"2026-08-06 04:16:52"}
{"fields":{"humidity":47.49,"pressure":1008.87,"temperature":23.81},"name":"mqtt_consumer","tags":{"topic":"arsip/sensor_bme280"},"timestamp":"2026-08-06 04:16:54"}
{"fields":{"humidity":47.49,"pressure":1008.87,"temperature":23.81},"name":"mqtt_consumer","tags":{"topic":"arsip/sensor_bme280"},"timestamp":"2026-08-06 04:16:56"}
{"fields":{"humidity":47.49,"pressure":1008.87,"temperature":23.81},"name":"mqtt_consumer","tags":{"topic":"arsip/sensor_bme280"},"timestamp":"2026-08-06 04:16:57"}
{"fields":{"humidity":47.49,"pressure":1008.87,"temperature":23.81},"name":"mqtt_consumer","tags":{"topic":"arsip/sensor_bme280"},"timestamp":"2026-08-06 04:17:00"}
{"fields":{"humidity":47.49,"pressure":1008.87,"temperature":23.81},"name":"mqtt_consumer","tags":{"topic":"arsip/sensor_bme280"},"timestamp":"2026-08-06 04:17:01"}
{"fields":{"humidity":47.49,"pressure":1008.87,"temperature":23.81},"name":"mqtt_consumer","tags":{"topic":"arsip/sensor_bme280"},"timestamp":"2026-08-06 04:17:04"}
{"fields":{"humidity":47.53,"pressure":1008.92,"temperature":23.8},"name":"mqtt_consumer","tags":{"topic":"arsip/sensor_bme280"},"timestamp":"2026-08-06 04:17:05"}
{"fields":{"humidity":47.53,"pressure":1008.92,"temperature":23.8},"name":"mqtt_consumer","tags":{"topic":"arsip/sensor_bme280"},"timestamp":"2026-08-06 04:17:08"}
{"fields":{"humidity":47.53,"pressure":1008.92,"temperature":23.8},"name":"mqtt_consumer","tags":{"topic":"arsip/sensor_bme280"},"timestamp":"2026-08-06 04:17:09"}
{"fields":{"humidity":47.34,"temperature":24.5},"name":"mqtt_consumer","tags":{"topic":"arsip/sensor_dht11"},"timestamp":"2026-08-06 04:17:10"}
{"fields":{"humidity":47.53,"pressure":1008.92,"temperature":23.8},"name":"mqtt_consumer","tags":{"topic":"arsip/sensor_bme280"},"timestamp":"2026-08-06 04:17:12"}
{"fields":{"humidity":47.53,"pressure":1008.92,"temperature":23.8},"name":"mqtt_consumer","tags":{"topic":"arsip/sensor_bme280"},"timestamp":"2026-08-06 04:17:13"}
{"fields":{"humidity":47.53,"pressure":1008.92,"temperature":23.8},"name":"mqtt_consumer","tags":{"topic":"arsip/sensor_bme280"},"timestamp":"2026-08-06 04:17:16"}
{"fields":{"humidity":47.53,"pressure":1008.92,"temperature":23.8},"name":"mqtt_consumer","tags":{"topic":"arsip/sensor_bme280"},"timestamp":"2026-08-06 04:17:17"}
{"fields":{"humidity":47.53,"pressure":1008.92,"temperature":23.8},"name":"mqtt_consumer","tags":{"topic":"arsip/sensor_bme280"},"timestamp":"2026-08-06 04:17:20"}
{"fields":{"humidity":47.53,"pressure":1008.92,"temperature":23.8},"name":"mqtt_consumer","tags":{"topic":"arsip/sensor_bme280"},"timestamp":"2026-08-06 04:17:21"}
{"fields":{"humidity":47.53,"pressure":1008.92,"temperature":23.8},"name":"mqtt_consumer","tags":{"topic":"arsip/sensor_bme280"},"timestamp":"2026-08-06 04:17:24"}
{"fields":{"humidity":47.53,"pressure":1008.92,"temperature":23.8},"name":"mqtt_consumer","tags":{"topic":"arsip/sensor_bme280"},"timestamp":"2026-08-06 04:17:25"}
{"fields":{"humidity":47.53,"pressure":1008.92,"temperature":23.8},"name":"mqtt_consumer","tags":{"topic":"arsip/sensor_bme280"},"timestamp":"2026-08-06 04:17:28"}
{"fields":{"humidity":47.53,"pressure":1008.92,"temperature":23.8},"name":"mqtt_consumer","tags":{"topic":"arsip/sensor_bme280"},"timestamp":"2026-08-06 04:17:29"}
{"fields":{"humidity":47.53,"pressure":1008.92,"temperature":23.8},"name":"mqtt_consumer","tags":{"topic":"arsip/sensor_bme280"},"timestamp":"2026-08-06 04:17:32"}
{"fields":{"humidity":47.53,"pressure":1008.92,"temperature":23.8},"name":"mqtt_consumer","tags":{"topic":"arsip/sensor_bme280"},"timestamp":"2026-08-06 04:17:33"}
{"fields":{"humidity":47.96,"pressure":1008.94,"temperature":23.81},"name":"mqtt_consumer","tags":{"topic":"arsip/sensor_bme280"},"timestamp":"2026-08-06 04:17:36"}
{"fields":{"humidity":47.96,"pressure":1008.94,"temperature":23.81},"name":"mqtt_consumer","tags":{"topic":"arsip/sensor_bme280"},"timestamp":"2026-08-06 04:17:37"}
{"fields":{"humidity":47.96,"pressure":1008.94,"temperature":23.81},"name":"mqtt_consumer","tags":{"topic":"arsip/sensor_bme280"},"timestamp":"2026-08-06 04:17:40"}
{"fields":{"humidity":47.75,"temperature":24.5},"name":"mqtt_consumer","tags":{"topic":"arsip/sensor_dht11"},"timestamp":"2026-08-06 04:17:40"}
{"fields":{"humidity":47.96,"pressure":1008.94,"temperature":23.81},"name":"mqtt_consumer","tags":{"topic":"arsip/sensor_bme280"},"timestamp":"2026-08-06 04:17:41"}
{"fields":{"humidity":47.96,"pressure":1008.94,"temperature":23.81},"name":"mqtt_consumer","tags":{"topic":"arsip/sensor_bme280"},"timestamp":"2026-08-06 04:17:44"}
{"fields":{"humidity":47.96,"pressure":1008.94,"temperature":23.81},"name":"mqtt_consumer","tags":{"topic":"arsip/sensor_bme280"},"timestamp":"2026-08-06 04:17:45"}
{"fields":{"humidity":47.96,"pressure":1008.94,"temperature":23.81},"name":"mqtt_consumer","tags":{"topic":"arsip/sensor_bme280"},"timestamp":"2026-08-06 04:17:48"}
{"fields":{"humidity":47.96,"pressure":1008.94,"temperature":23.81},"name":"mqtt_consumer","tags":{"topic":"arsip/sensor_bme280"},"timestamp":"2026-08-06 04:17:49"}
{"fields":{"humidity":47.96,"pressure":1008.94,"temperature":23.81},"name":"mqtt_consumer","tags":{"topic":"arsip/sensor_bme280"},"timestamp":"2026-08-06 04:17:52"}
{"fields":{"humidity":47.96,"pressure":1008.94,"temperature":23.81},"name":"mqtt_consumer","tags":{"topic":"arsip/sensor_bme280"},"timestamp":"2026-08-06 04:17:53"}
{"fields":{"humidity":47.96,"pressure":1008.94,"temperature":23.81},"name":"mqtt_consumer","tags":{"topic":"arsip/sensor_bme280"},"timestamp":"2026-08-06 04:17:56"}
{"fields":{"humidity":47.96,"pressure":1008.94,"temperature":23.81},"name":"mqtt_consumer","tags":{"topic":"arsip/sensor_bme280"},"timestamp":"2026-08-06 04:17:57"}
{"fields":{"humidity":47.96,"pressure":1008.94,"temperature":23.81},"name":"mqtt_consumer","tags":{"topic":"arsip/sensor_bme280"},"timestamp":"2026-08-06 04:18:00"}
{"fields":{"humidity":47.96,"pressure":1008.94,"temperature":23.81},"name":"mqtt_consumer","tags":{"topic":"arsip/sensor_bme280"},"timestamp":"2026-08-06 04:18:01"}
{"fields":{"humidity":47.96,"pressure":1008.94,"temperature":23.81},"name":"mqtt_consumer","tags":{"topic":"arsip/sensor_bme280"},"timestamp":"2026-08-06 04:18:04"}
{"fields":{"humidity":47.21,"pressure":1008.88,"temperature":23.81},"name":"mqtt_consumer","tags":{"topic":"arsip/sensor_bme280"},"timestamp":"2026-08-06 04:18:05"}
{"fields":{"humidity":47.21,"pressure":1008.88,"temperature":23.81},"name":"mqtt_consumer","tags":{"topic":"arsip/sensor_bme280"},"timestamp":"2026-08-06 04:18:08"}
{"fields":{"humidity":47.21,"pressure":1008.88,"temperature":23.81},"name":"mqtt_consumer","tags":{"topic":"arsip/sensor_bme280"},"timestamp":"2026-08-06 04:18:09"}
{"fields":{"humidity":47.91,"temperature":24.5},"name":"mqtt_consumer","tags":{"topic":"arsip/sensor_dht11"},"timestamp":"2026-08-06 04:18:10"}
{"fields":{"humidity":47.21,"pressure":1008.88,"temperature":23.81},"name":"mqtt_consumer","tags":{"topic":"arsip/sensor_bme280"},"timestamp":"2026-08-06 04:18:12"}
{"fields":{"humidity":47.21,"pressure":1008.88,"temperature":23.81},"name":"mqtt_consumer","tags":{"topic":"arsip/sensor_bme280"},"timestamp":"2026-08-06 04:18:13"}
{"fields":{"humidity":47.21,"pressure":1008.88,"temperature":23.81},"name":"mqtt_consumer","tags":{"topic":"arsip/sensor_bme280"},"timestamp":"2026-08-06 04:18:16"}
{"fields":{"humidity":47.21,"pressure":1008.88,"temperature":23.81},"name":"mqtt_consumer","tags":{"topic":"arsip/sensor_bme280"},"timestamp":"2026-08-06 04:18:17"}
{"fields":{"humidity":47.21,"pressure":1008.88,"temperature":23.81},"name":"mqtt_consumer","tags":{"topic":"arsip/sensor_bme280"},"timestamp":"2026-08-06 04:18:20"}
{"fields":{"humidity":47.21,"pressure":1008.88,"temperature":23.81},"name":"mqtt_consumer","tags":{"topic":"arsip/sensor_bme280"},"timestamp":"2026-08-06 04:18:21"}
{"fields":{"humidity":47.21,"pressure":1008.88,"temperature":23.81},"name":"mqtt_consumer","tags":{"topic":"arsip/sensor_bme280"},"timestamp":"2026-08-06 04:18:24"}
{"fields":{"humidity":47.21,"pressure":1008.88,"temperature":23.81},"name":"mqtt_consumer","tags":{"topic":"arsip/sensor_bme280"},"timestamp":"2026-08-06 04:18:25"}
{"fields":{"humidity":47.21,"pressure":1008.88,"temperature":23.81},"name":"mqtt_consumer","tags":{"topic":"arsip/sensor_bme280"},"timestamp":"2026-08-06 04:18:28"}
{"fields":{"humidity":47.21,"pressure":1008.88,"temperature":23.81},"name":"mqtt_consumer","tags":{"topic":"arsip/sensor_bme280"},"timestamp":"2026-08-06 04:18:29"}
{"fields":{"humidity":47.21,"pressure":1008.88,"temperature":23.81},"name":"mqtt_consumer","tags":{"topic":"arsip/sensor_bme280"},"timestamp":"2026-08-06 04:18:32"}
{"fields":{"humidity":47.21,"pressure":1008.88,"temperature":23.81},"name":"mqtt_consumer","tags":{"topic":"arsip/sensor_bme280"},"timestamp":"2026-08-06 04:18:33"}
{"fields":{"humidity":47.61,"pressure":1008.9,"temperature":23.79},"name":"mqtt_consumer","tags":{"topic":"arsip/sensor_bme280"},"timestamp":"2026-08-06 04:18:36"}
{"fields":{"humidity":47.61,"pressure":1008.9,"temperature":23.79},"name":"mqtt_consumer","tags":{"topic":"arsip/sensor_bme280"},"timestamp":"2026-08-06 04:18:37"}
{"fields":{"humidity":47.61,"pressure":1008.9,"temperature":23.79},"name":"mqtt_consumer","tags":{"topic":"arsip/sensor_bme280"},"timestamp":"2026-08-06 04:18:40"}
{"fields":{"humidity":47.66,"temperature":24.5},"name":"mqtt_consumer","tags":{"topic":"arsip/sensor_dht11"},"timestamp":"2026-08-06 04:18:40"}
{"fields":{"humidity":47.61,"pressure":1008.9,"temperature":23.79},"name":"mqtt_consumer","tags":{"topic":"arsip/sensor_bme280"},"timestamp":"2026-08-06 04:18:41"}
{"fields":{"humidity":47.61,"pressure":1008.9,"temperature":23.79},"name":"mqtt_consumer","tags":{"topic":"arsip/sensor_bme280"},"timestamp":"2026-08-06 04:18:44"}
{"fields":{"humidity":47.61,"pressure":1008.9,"temperature":23.79},"name":"mqtt_consumer","tags":{"topic":"arsip/sensor_bme280"},"timestamp":"2026-08-06 04:18:45"}
{"fields":{"humidity":47.61,"pressure":1008.9,"temperature":23.79},"name":"mqtt_consumer","tags":{"topic":"arsip/sensor_bme280"},"timestamp":"2026-08-06 04:18:48"}
{"fields":{"humidity":47.61,"pressure":1008.9,"temperature":23.79},"name":"mqtt_consumer","tags":{"topic":"arsip/sensor_bme280"},"timestamp":"2026-08-06 04:18:49"}
{"fields":{"humidity":47.61,"pressure":1008.9,"temperature":23.79},"name":"mqtt_consumer","tags":{"topic":"arsip/sensor_bme280"},"timestamp":"2026-08-06 04:18:52"}
{"fields":{"humidity":47.61,"pressure":1008.9,"temperature":23.79},"name":"mqtt_consumer","tags":{"topic":"arsip/sensor_bme280"},"timestamp":"2026-08-06 04:18:53"}
{"fields":{"humidity":47.61,"pressure":1008.9,"temperature":23.79},"name":"mqtt_consumer","tags":{"topic":"arsip/sensor_bme280"},"timestamp":"2026-08-06 04:18:56"}
{"fields":{"humidity":47.61,"pressure":1008.9,"temperature":23.79},"name":"mqtt_consumer","tags":{"topic":"arsip/sensor_bme280"},"timestamp":"2026-08-06 04:18:57"}
{"fields":{"humidity":47.61,"pressure":1008.9,"temperature":23.79},"name":"mqtt_consumer","tags":{"topic":"arsip/sensor_bme280"},"timestamp":"2026-08-06 04:19:00"}
{"fields":{"humidity":47.61,"pressure":1008.9,"temperature":23.79},"name":"mqtt_consumer","tags":{"topic":"arsip/sensor_bme280"},"timestamp":"2026-08-06 04:19:01"}
{"fields":{"humidity":47.61,"pressure":1008.9,"temperature":23.79},"name":"mqtt_consumer","tags":{"topic":"arsip/sensor_bme280"},"timestamp":"2026-08-06 04:19:04"}
{"fields":{"humidity":47.4,"pressure":1008.85,"temperature":23.81},"name":"mqtt_consumer","tags":{"topic":"arsip/sensor_bme280"},"timestamp":"2026-08-06 04:19:05"}
{"fields":{"humidity":47.4,"pressure":1008.85,"temperature":23.81},"name":"mqtt_consumer","tags":{"topic":"arsip/sensor_bme280"},"timestamp":"2026-08-06 04:19:08"}
{"fields":{"humidity":47.4,"pressure":1008.85,"temperature":23.81},"name":"mqtt_consumer","tags":{"topic":"arsip/sensor_bme280"},"timestamp":"2026-08-06 04:19:09"}
{"fields":{"humidity":47.58,"temperature":24.4},"name":"mqtt_consumer","tags":{"topic":"arsip/sensor_dht11"},"timestamp":"2026-08-06 04:19:10"}
{"fields":{"humidity":47.4,"pressure":1008.85,"temperature":23.81},"name":"mqtt_consumer","tags":{"topic":"arsip/sensor_bme280"},"timestamp":"2026-08-06 04:19:12"}
{"fields":{"humidity":47.4,"pressure":1008.85,"temperature":23.81},"name":"mqtt_consumer","tags":{"topic":"arsip/sensor_bme280"},"timestamp":"2026-08-06 04:19:13"}
{"fields":{"humidity":47.4,"pressure":1008.85,"temperature":23.81},"name":"mqtt_consumer","tags":{"topic":"arsip/sensor_bme280"},"timestamp":"2026-08-06 04:19:16"}
{"fields":{"humidity":47.4,"pressure":1008.85,"temperature":23.81},"name":"mqtt_consumer","tags":{"topic":"arsip/sensor_bme280"},"timestamp":"2026-08-06 04:19:17"}
{"fields":{"humidity":47.4,"pressure":1008.85,"temperature":23.81},"name":"mqtt_consumer","tags":{"topic":"arsip/sensor_bme280"},"timestamp":"2026-08-06 04:19:20"}
{"fields":{"humidity":47.4,"pressure":1008.85,"temperature":23.81},"name":"mqtt_consumer","tags":{"topic":"arsip/sensor_bme280"},"timestamp":"2026-08-06 04:19:21"}
{"fields":{"humidity":47.4,"pressure":1008.85,"temperature":23.81},"name":"mqtt_consumer","tags":{"topic":"arsip/sensor_bme280"},"timestamp":"2026-08-06 04:19:24"}
{"fields":{"humidity":47.4,"pressure":1008.85,"temperature":23.81},"name":"mqtt_consumer","tags":{"topic":"arsip/sensor_bme280"},"timestamp":"2026-08-06 04:19:25"}
{"fields":{"humidity":47.4,"pressure":1008.85,"temperature":23.81},"name":"mqtt_consumer","tags":{"topic":"arsip/sensor_bme280"},"timestamp":"2026-08-06 04:19:28"}
{"fields":{"humidity":47.4,"pressure":1008.85,"temperature":23.81},"name":"mqtt_consumer","tags":{"topic":"arsip/sensor_bme280"},"timestamp":"2026-08-06 04:19:29"}
{"fields":{"humidity":47.4,"pressure":1008.85,"temperature":23.81},"name":"mqtt_consumer","tags":{"topic":"arsip/sensor_bme280"},"timestamp":"2026-08-06 04:19:32"}
{"fields":{"humidity":47.4,"pressure":1008.85,"temperature":23.81},"name":"mqtt_consumer","tags":{"topic":"arsip/sensor_bme280"},"timestamp":"2026-08-06 04:19:33"}
{"fields":{"humidity":47.2,"pressure":1008.81,"temperature":23.82},"name":"mqtt_consumer","tags":{"topic":"arsip/sensor_bme280"},"timestamp":"2026-08-06 04:19:36"}
{"fields":{"humidity":47.2,"pressure":1008.81,"temperature":23.82},"name":"mqtt_consumer","tags":{"topic":"arsip/sensor_bme280"},"timestamp":"2026-08-06 04:19:37"}
{"fields":{"humidity":47.2,"pressure":1008.81,"temperature":23.82},"name":"mqtt_consumer","tags":{"topic":"arsip/sensor_bme280"},"timestamp":"2026-08-06 04:19:40"}
{"fields":{"humidity":47.5,"temperature":24.5},"name":"mqtt_consumer","tags":{"topic":"arsip/sensor_dht11"},"timestamp":"2026-08-06 04:19:40"}
{"fields":{"humidity":47.2,"pressure":1008.81,"temperature":23.82},"name":"mqtt_consumer","tags":{"topic":"arsip/sensor_bme280"},"timestamp":"2026-08-06 04:19:41"}
{"fields":{"humidity":47.2,"pressure":1008.81,"temperature":23.82},"name":"mqtt_consumer","tags":{"topic":"arsip/sensor_bme280"},"timestamp":"2026-08-06 04:19:44"}
{"fields":{"humidity":47.2,"pressure":1008.81,"temperature":23.82},"name":"mqtt_consumer","tags":{"topic":"arsip/sensor_bme280"},"timestamp":"2026-08-06 04:19:45"}
{"fields":{"humidity":47.2,"pressure":1008.81,"temperature":23.82},"name":"mqtt_consumer","tags":{"topic":"arsip/sensor_bme280"},"timestamp":"2026-08-06 04:19:48"}
{"fields":{"humidity":47.2,"pressure":1008.81,"temperature":23.82},"name":"mqtt_consumer","tags":{"topic":"arsip/sensor_bme280"},"timestamp":"2026-08-06 04:19:49"}
{"fields":{"humidity":47.2,"pressure":1008.81,"temperature":23.82},"name":"mqtt_consumer","tags":{"topic":"arsip/sensor_bme280"},"timestamp":"2026-08-06 04:19:52"}
{"fields":{"humidity":47.2,"pressure":1008.81,"temperature":23.82},"name":"mqtt_consumer","tags":{"topic":"arsip/sensor_bme280"},"timestamp":"2026-08-06 04:19:53"}
{"fields":{"humidity":47.2,"pressure":1008.81,"temperature":23.82},"name":"mqtt_consumer","tags":{"topic":"arsip/sensor_bme280"},"timestamp":"2026-08-06 04:19:56"}
{"fields":{"humidity":47.2,"pressure":1008.81,"temperature":23.82},"name":"mqtt_consumer","tags":{"topic":"arsip/sensor_bme280"},"timestamp":"2026-08-06 04:19:57"}
{"fields":{"humidity":47.2,"pressure":1008.81,"temperature":23.82},"name":"mqtt_consumer","tags":{"topic":"arsip/sensor_bme280"},"timestamp":"2026-08-06 04:20:00"}
{"fields":{"humidity":47.2,"pressure":1008.81,"temperature":23.82},"name":"mqtt_consumer","tags":{"topic":"arsip/sensor_bme280"},"timestamp":"2026-08-06 04:20:01"}
{"fields":{"humidity":47.2,"pressure":1008.81,"temperature":23.82},"name":"mqtt_consumer","tags":{"topic":"arsip/sensor_bme280"},"timestamp":"2026-08-06 04:20:04"}
{"fields":{"humidity":46.86,"pressure":1008.86,"temperature":23.75},"name":"mqtt_consumer","tags":{"topic":"arsip/sensor_bme280"},"timestamp":"2026-08-06 04:20:05"}
{"fields":{"humidity":46.86,"pressure":1008.86,"temperature":23.75},"name":"mqtt_consumer","tags":{"topic":"arsip/sensor_bme280"},"timestamp":"2026-08-06 04:20:08"}
{"fields":{"humidity":46.86,"pressure":1008.86,"temperature":23.75},"name":"mqtt_consumer","tags":{"topic":"arsip/sensor_bme280"},"timestamp":"2026-08-06 04:20:09"}
{"fields":{"humidity":47.18,"temperature":24.5},"name":"mqtt_consumer","tags":{"topic":"arsip/sensor_dht11"},"timestamp":"2026-08-06 04:20:10"}
{"fields":{"humidity":46.86,"pressure":1008.86,"temperature":23.75},"name":"mqtt_consumer","tags":{"topic":"arsip/sensor_bme280"},"timestamp":"2026-08-06 04:20:12"}
{"fields":{"humidity":46.86,"pressure":1008.86,"temperature":23.75},"name":"mqtt_consumer","tags":{"topic":"arsip/sensor_bme280"},"timestamp":"2026-08-06 04:20:13"}
{"fields":{"humidity":46.86,"pressure":1008.86,"temperature":23.75},"name":"mqtt_consumer","tags":{"topic":"arsip/sensor_bme280"},"timestamp":"2026-08-06 04:20:16"}
{"fields":{"humidity":46.86,"pressure":1008.86,"temperature":23.75},"name":"mqtt_consumer","tags":{"topic":"arsip/sensor_bme280"},"timestamp":"2026-08-06 04:20:17"}
{"fields":{"humidity":46.86,"pressure":1008.86,"temperature":23.75},"name":"mqtt_consumer","tags":{"topic":"arsip/sensor_bme280"},"timestamp":"2026-08-06 04:20:20"}
{"fields":{"humidity":46.86,"pressure":1008.86,"temperature":23.75},"name":"mqtt_consumer","tags":{"topic":"arsip/sensor_bme280"},"timestamp":"2026-08-06 04:20:21"}
{"fields":{"humidity":46.86,"pressure":1008.86,"temperature":23.75},"name":"mqtt_consumer","tags":{"topic":"arsip/sensor_bme280"},"timestamp":"2026-08-06 04:20:24"}
{"fields":{"humidity":46.86,"pressure":1008.86,"temperature":23.75},"name":"mqtt_consumer","tags":{"topic":"arsip/sensor_bme280"},"timestamp":"2026-08-06 04:20:25"}
{"fields":{"humidity":46.86,"pressure":1008.86,"temperature":23.75},"name":"mqtt_consumer","tags":{"topic":"arsip/sensor_bme280"},"timestamp":"2026-08-06 04:20:28"}
{"fields":{"humidity":46.86,"pressure":1008.86,"temperature":23.75},"name":"mqtt_consumer","tags":{"topic":"arsip/sensor_bme280"},"timestamp":"2026-08-06 04:20:29"}
{"fields":{"humidity":46.86,"pressure":1008.86,"temperature":23.75},"name":"mqtt_consumer","tags":{"topic":"arsip/sensor_bme280"},"timestamp":"2026-08-06 04:20:32"}
{"fields":{"humidity":46.86,"pressure":1008.86,"temperature":23.75},"name":"mqtt_consumer","tags":{"topic":"arsip/sensor_bme280"},"timestamp":"2026-08-06 04:20:33"}
{"fields":{"humidity":47.2,"pressure":1008.83,"temperature":23.81},"name":"mqtt_consumer","tags":{"topic":"arsip/sensor_bme280"},"timestamp":"2026-08-06 04:20:36"}
{"fields":{"humidity":47.2,"pressure":1008.83,"temperature":23.81},"name":"mqtt_consumer","tags":{"topic":"arsip/sensor_bme280"},"timestamp":"2026-08-06 04:20:37"}
{"fields":{"humidity":47.2,"pressure":1008.83,"temperature":23.81},"name":"mqtt_consumer","tags":{"topic":"arsip/sensor_bme280"},"timestamp":"2026-08-06 04:20:40"}
{"fields":{"humidity":47.18,"temperature":24.5},"name":"mqtt_consumer","tags":{"topic":"arsip/sensor_dht11"},"timestamp":"2026-08-06 04:20:40"}
{"fields":{"humidity":47.2,"pressure":1008.83,"temperature":23.81},"name":"mqtt_consumer","tags":{"topic":"arsip/sensor_bme280"},"timestamp":"2026-08-06 04:20:41"}
{"fields":{"humidity":47.2,"pressure":1008.83,"temperature":23.81},"name":"mqtt_consumer","tags":{"topic":"arsip/sensor_bme280"},"timestamp":"2026-08-06 04:20:44"}
{"fields":{"humidity":47.2,"pressure":1008.83,"temperature":23.81},"name":"mqtt_consumer","tags":{"topic":"arsip/sensor_bme280"},"timestamp":"2026-08-06 04:20:45"}
{"fields":{"humidity":47.2,"pressure":1008.83,"temperature":23.81},"name":"mqtt_consumer","tags":{"topic":"arsip/sensor_bme280"},"timestamp":"2026-08-06 04:20:48"}
{"fields":{"humidity":47.2,"pressure":1008.83,"temperature":23.81},"name":"mqtt_consumer","tags":{"topic":"arsip/sensor_bme280"},"timestamp":"2026-08-06 04:20:49"}
{"fields":{"humidity":47.2,"pressure":1008.83,"temperature":23.81},"name":"mqtt_consumer","tags":{"topic":"arsip/sensor_bme280"},"timestamp":"2026-08-06 04:20:52"}
{"fields":{"humidity":47.2,"pressure":1008.83,"temperature":23.81},"name":"mqtt_consumer","tags":{"topic":"arsip/sensor_bme280"},"timestamp":"2026-08-06 04:20:53"}
{"fields":{"humidity":47.2,"pressure":1008.83,"temperature":23.81},"name":"mqtt_consumer","tags":{"topic":"arsip/sensor_bme280"},"timestamp":"2026-08-06 04:20:56"}
{"fields":{"humidity":47.2,"pressure":1008.83,"temperature":23.81},"name":"mqtt_consumer","tags":{"topic":"arsip/sensor_bme280"},"timestamp":"2026-08-06 04:20:57"}
{"fields":{"humidity":47.2,"pressure":1008.83,"temperature":23.81},"name":"mqtt_consumer","tags":{"topic":"arsip/sensor_bme280"},"timestamp":"2026-08-06 04:21:00"}
{"fields":{"humidity":47.2,"pressure":1008.83,"temperature":23.81},"name":"mqtt_consumer","tags":{"topic":"arsip/sensor_bme280"},"timestamp":"2026-08-06 04:21:01"}
{"fields":{"humidity":47.2,"pressure":1008.83,"temperature":23.81},"name":"mqtt_consumer","tags":{"topic":"arsip/sensor_bme280"},"timestamp":"2026-08-06 04:21:04"}
{"fields":{"humidity":47.29,"pressure":1008.86,"temperature":23.79},"name":"mqtt_consumer","tags":{"topic":"arsip/sensor_bme280"},"timestamp":"2026-08-06 04:21:05"}
{"fields":{"humidity":47.29,"pressure":1008.86,"temperature":23.79},"name":"mqtt_consumer","tags":{"topic":"arsip/sensor_bme280"},"timestamp":"2026-08-06 04:21:08"}
{"fields":{"humidity":47.29,"pressure":1008.86,"temperature":23.79},"name":"mqtt_consumer","tags":{"topic":"arsip/sensor_bme280"},"timestamp":"2026-08-06 04:21:09"}
{"fields":{"humidity":47.18,"temperature":24.5},"name":"mqtt_consumer","tags":{"topic":"arsip/sensor_dht11"},"timestamp":"2026-08-06 04:21:10"}
{"fields":{"humidity":47.29,"pressure":1008.86,"temperature":23.79},"name":"mqtt_consumer","tags":{"topic":"arsip/sensor_bme280"},"timestamp":"2026-08-06 04:21:13"}
{"fields":{"humidity":47.29,"pressure":1008.86,"temperature":23.79},"name":"mqtt_consumer","tags":{"topic":"arsip/sensor_bme280"},"timestamp":"2026-08-06 04:21:14"}
{"fields":{"humidity":47.29,"pressure":1008.86,"temperature":23.79},"name":"mqtt_consumer","tags":{"topic":"arsip/sensor_bme280"},"timestamp":"2026-08-06 04:21:16"}
{"fields":{"humidity":47.29,"pressure":1008.86,"temperature":23.79},"name":"mqtt_consumer","tags":{"topic":"arsip/sensor_bme280"},"timestamp":"2026-08-06 04:21:17"}
{"fields":{"humidity":47.29,"pressure":1008.86,"temperature":23.79},"name":"mqtt_consumer","tags":{"topic":"arsip/sensor_bme280"},"timestamp":"2026-08-06 04:21:20"}
{"fields":{"humidity":47.29,"pressure":1008.86,"temperature":23.79},"name":"mqtt_consumer","tags":{"topic":"arsip/sensor_bme280"},"timestamp":"2026-08-06 04:21:21"}
{"fields":{"humidity":47.29,"pressure":1008.86,"temperature":23.79},"name":"mqtt_consumer","tags":{"topic":"arsip/sensor_bme280"},"timestamp":"2026-08-06 04:21:24"}
{"fields":{"humidity":47.29,"pressure":1008.86,"temperature":23.79},"name":"mqtt_consumer","tags":{"topic":"arsip/sensor_bme280"},"timestamp":"2026-08-06 04:21:25"}
{"fields":{"humidity":47.29,"pressure":1008.86,"temperature":23.79},"name":"mqtt_consumer","tags":{"topic":"arsip/sensor_bme280"},"timestamp":"2026-08-06 04:21:28"}
{"fields":{"humidity":47.29,"pressure":1008.86,"temperature":23.79},"name":"mqtt_consumer","tags":{"topic":"arsip/sensor_bme280"},"timestamp":"2026-08-06 04:21:29"}
{"fields":{"humidity":47.29,"pressure":1008.86,"temperature":23.79},"name":"mqtt_consumer","tags":{"topic":"arsip/sensor_bme280"},"timestamp":"2026-08-06 04:21:32"}
{"fields":{"humidity":47.29,"pressure":1008.86,"temperature":23.79},"name":"mqtt_consumer","tags":{"topic":"arsip/sensor_bme280"},"timestamp":"2026-08-06 04:21:33"}
{"fields":{"humidity":47.57,"pressure":1008.81,"temperature":23.78},"name":"mqtt_consumer","tags":{"topic":"arsip/sensor_bme280"},"timestamp":"2026-08-06 04:21:37"}
{"fields":{"humidity":47.57,"pressure":1008.81,"temperature":23.78},"name":"mqtt_consumer","tags":{"topic":"arsip/sensor_bme280"},"timestamp":"2026-08-06 04:21:37"}
{"fields":{"humidity":47.57,"pressure":1008.81,"temperature":23.78},"name":"mqtt_consumer","tags":{"topic":"arsip/sensor_bme280"},"timestamp":"2026-08-06 04:21:40"}
{"fields":{"humidity":47.34,"temperature":24.5},"name":"mqtt_consumer","tags":{"topic":"arsip/sensor_dht11"},"timestamp":"2026-08-06 04:21:40"}
{"fields":{"humidity":47.57,"pressure":1008.81,"temperature":23.78},"name":"mqtt_consumer","tags":{"topic":"arsip/sensor_bme280"},"timestamp":"2026-08-06 04:21:42"}
{"fields":{"humidity":47.57,"pressure":1008.81,"temperature":23.78},"name":"mqtt_consumer","tags":{"topic":"arsip/sensor_bme280"},"timestamp":"2026-08-06 04:21:44"}
{"fields":{"humidity":47.57,"pressure":1008.81,"temperature":23.78},"name":"mqtt_consumer","tags":{"topic":"arsip/sensor_bme280"},"timestamp":"2026-08-06 04:21:46"}
{"fields":{"humidity":47.57,"pressure":1008.81,"temperature":23.78},"name":"mqtt_consumer","tags":{"topic":"arsip/sensor_bme280"},"timestamp":"2026-08-06 04:21:48"}
{"fields":{"humidity":47.57,"pressure":1008.81,"temperature":23.78},"name":"mqtt_consumer","tags":{"topic":"arsip/sensor_bme280"},"timestamp":"2026-08-06 04:21:49"}
{"fields":{"humidity":47.57,"pressure":1008.81,"temperature":23.78},"name":"mqtt_consumer","tags":{"topic":"arsip/sensor_bme280"},"timestamp":"2026-08-06 04:21:52"}
{"fields":{"humidity":47.57,"pressure":1008.81,"temperature":23.78},"name":"mqtt_consumer","tags":{"topic":"arsip/sensor_bme280"},"timestamp":"2026-08-06 04:21:53"}
{"fields":{"humidity":47.57,"pressure":1008.81,"temperature":23.78},"name":"mqtt_consumer","tags":{"topic":"arsip/sensor_bme280"},"timestamp":"2026-08-06 04:21:56"}
{"fields":{"humidity":47.57,"pressure":1008.81,"temperature":23.78},"name":"mqtt_consumer","tags":{"topic":"arsip/sensor_bme280"},"timestamp":"2026-08-06 04:21:57"}
{"fields":{"humidity":47.57,"pressure":1008.81,"temperature":23.78},"name":"mqtt_consumer","tags":{"topic":"arsip/sensor_bme280"},"timestamp":"2026-08-06 04:22:00"}
{"fields":{"humidity":47.57,"pressure":1008.81,"temperature":23.78},"name":"mqtt_consumer","tags":{"topic":"arsip/sensor_bme280"},"timestamp":"2026-08-06 04:22:01"}
{"fields":{"humidity":47.57,"pressure":1008.81,"temperature":23.78},"name":"mqtt_consumer","tags":{"topic":"arsip/sensor_bme280"},"timestamp":"2026-08-06 04:22:04"}
{"fields":{"humidity":47.61,"pressure":1008.84,"temperature":23.82},"name":"mqtt_consumer","tags":{"topic":"arsip/sensor_bme280"},"timestamp":"2026-08-06 04:22:05"}
{"fields":{"humidity":47.61,"pressure":1008.84,"temperature":23.82},"name":"mqtt_consumer","tags":{"topic":"arsip/sensor_bme280"},"timestamp":"2026-08-06 04:22:08"}
{"fields":{"humidity":47.61,"pressure":1008.84,"temperature":23.82},"name":"mqtt_consumer","tags":{"topic":"arsip/sensor_bme280"},"timestamp":"2026-08-06 04:22:09"}
{"fields":{"humidity":47.58,"temperature":24.5},"name":"mqtt_consumer","tags":{"topic":"arsip/sensor_dht11"},"timestamp":"2026-08-06 04:22:10"}
{"fields":{"humidity":47.61,"pressure":1008.84,"temperature":23.82},"name":"mqtt_consumer","tags":{"topic":"arsip/sensor_bme280"},"timestamp":"2026-08-06 04:22:12"}
{"fields":{"humidity":47.61,"pressure":1008.84,"temperature":23.82},"name":"mqtt_consumer","tags":{"topic":"arsip/sensor_bme280"},"timestamp":"2026-08-06 04:22:13"}
{"fields":{"humidity":47.61,"pressure":1008.84,"temperature":23.82},"name":"mqtt_consumer","tags":{"topic":"arsip/sensor_bme280"},"timestamp":"2026-08-06 04:22:16"}
{"fields":{"humidity":47.61,"pressure":1008.84,"temperature":23.82},"name":"mqtt_consumer","tags":{"topic":"arsip/sensor_bme280"},"timestamp":"2026-08-06 04:22:17"}
{"fields":{"humidity":47.61,"pressure":1008.84,"temperature":23.82},"name":"mqtt_consumer","tags":{"topic":"arsip/sensor_bme280"},"timestamp":"2026-08-06 04:22:20"}
{"fields":{"humidity":47.61,"pressure":1008.84,"temperature":23.82},"name":"mqtt_consumer","tags":{"topic":"arsip/sensor_bme280"},"timestamp":"2026-08-06 04:22:21"}
{"fields":{"humidity":47.61,"pressure":1008.84,"temperature":23.82},"name":"mqtt_consumer","tags":{"topic":"arsip/sensor_bme280"},"timestamp":"2026-08-06 04:22:24"}
{"fields":{"humidity":47.61,"pressure":1008.84,"temperature":23.82},"name":"mqtt_consumer","tags":{"topic":"arsip/sensor_bme280"},"timestamp":"2026-08-06 04:22:25"}
{"fields":{"humidity":47.61,"pressure":1008.84,"temperature":23.82},"name":"mqtt_consumer","tags":{"topic":"arsip/sensor_bme280"},"timestamp":"2026-08-06 04:22:28"}
{"fields":{"humidity":47.61,"pressure":1008.84,"temperature":23.82},"name":"mqtt_consumer","tags":{"topic":"arsip/sensor_bme280"},"timestamp":"2026-08-06 04:22:29"}
{"fields":{"humidity":47.61,"pressure":1008.84,"temperature":23.82},"name":"mqtt_consumer","tags":{"topic":"arsip/sensor_bme280"},"timestamp":"2026-08-06 04:22:32"}
{"fields":{"humidity":47.61,"pressure":1008.84,"temperature":23.82},"name":"mqtt_consumer","tags":{"topic":"arsip/sensor_bme280"},"timestamp":"2026-08-06 04:22:33"}
{"fields":{"humidity":47.96,"pressure":1008.86,"temperature":23.87},"name":"mqtt_consumer","tags":{"topic":"arsip/sensor_bme280"},"timestamp":"2026-08-06 04:22:36"}
{"fields":{"humidity":47.96,"pressure":1008.86,"temperature":23.87},"name":"mqtt_consumer","tags":{"topic":"arsip/sensor_bme280"},"timestamp":"2026-08-06 04:22:37"}
{"fields":{"humidity":47.96,"pressure":1008.86,"temperature":23.87},"name":"mqtt_consumer","tags":{"topic":"arsip/sensor_bme280"},"timestamp":"2026-08-06 04:22:40"}
{"fields":{"humidity":47.99,"temperature":24.5},"name":"mqtt_consumer","tags":{"topic":"arsip/sensor_dht11"},"timestamp":"2026-08-06 04:22:40"}
{"fields":{"humidity":47.96,"pressure":1008.86,"temperature":23.87},"name":"mqtt_consumer","tags":{"topic":"arsip/sensor_bme280"},"timestamp":"2026-08-06 04:22:41"}
{"fields":{"humidity":47.96,"pressure":1008.86,"temperature":23.87},"name":"mqtt_consumer","tags":{"topic":"arsip/sensor_bme280"},"timestamp":"2026-08-06 04:22:44"}
{"fields":{"humidity":47.96,"pressure":1008.86,"temperature":23.87},"name":"mqtt_consumer","tags":{"topic":"arsip/sensor_bme280"},"timestamp":"2026-08-06 04:22:45"}
{"fields":{"humidity":47.96,"pressure":1008.86,"temperature":23.87},"name":"mqtt_consumer","tags":{"topic":"arsip/sensor_bme280"},"timestamp":"2026-08-06 04:22:48"}
{"fields":{"humidity":47.96,"pressure":1008.86,"temperature":23.87},"name":"mqtt_consumer","tags":{"topic":"arsip/sensor_bme280"},"timestamp":"2026-08-06 04:22:49"}
{"fields":{"humidity":47.96,"pressure":1008.86,"temperature":23.87},"name":"mqtt_consumer","tags":{"topic":"arsip/sensor_bme280"},"timestamp":"2026-08-06 04:22:52"}
{"fields":{"humidity":47.96,"pressure":1008.86,"temperature":23.87},"name":"mqtt_consumer","tags":{"topic":"arsip/sensor_bme280"},"timestamp":"2026-08-06 04:22:53"}
{"fields":{"humidity":47.96,"pressure":1008.86,"temperature":23.87},"name":"mqtt_consumer","tags":{"topic":"arsip/sensor_bme280"},"timestamp":"2026-08-06 04:22:56"}
{"fields":{"humidity":47.96,"pressure":1008.86,"temperature":23.87},"name":"mqtt_consumer","tags":{"topic":"arsip/sensor_bme280"},"timestamp":"2026-08-06 04:22:57"}
{"fields":{"humidity":47.96,"pressure":1008.86,"temperature":23.87},"name":"mqtt_consumer","tags":{"topic":"arsip/sensor_bme280"},"timestamp":"2026-08-06 04:23:00"}
{"fields":{"humidity":47.96,"pressure":1008.86,"temperature":23.87},"name":"mqtt_consumer","tags":{"topic":"arsip/sensor_bme280"},"timestamp":"2026-08-06 04:23:01"}
{"fields":{"humidity":47.96,"pressure":1008.86,"temperature":23.87},"name":"mqtt_consumer","tags":{"topic":"arsip/sensor_bme280"},"timestamp":"2026-08-06 04:23:04"}
{"fields":{"humidity":47.77,"pressure":1008.85,"temperature":23.79},"name":"mqtt_consumer","tags":{"topic":"arsip/sensor_bme280"},"timestamp":"2026-08-06 04:23:05"}
{"fields":{"humidity":47.77,"pressure":1008.85,"temperature":23.79},"name":"mqtt_consumer","tags":{"topic":"arsip/sensor_bme280"},"timestamp":"2026-08-06 04:23:08"}
{"fields":{"humidity":47.77,"pressure":1008.85,"temperature":23.79},"name":"mqtt_consumer","tags":{"topic":"arsip/sensor_bme280"},"timestamp":"2026-08-06 04:23:09"}
{"fields":{"humidity":47.91,"temperature":24.5},"name":"mqtt_consumer","tags":{"topic":"arsip/sensor_dht11"},"timestamp":"2026-08-06 04:23:10"}
{"fields":{"humidity":47.77,"pressure":1008.85,"temperature":23.79},"name":"mqtt_consumer","tags":{"topic":"arsip/sensor_bme280"},"timestamp":"2026-08-06 04:23:12"}
{"fields":{"humidity":47.77,"pressure":1008.85,"temperature":23.79},"name":"mqtt_consumer","tags":{"topic":"arsip/sensor_bme280"},"timestamp":"2026-08-06 04:23:13"}
{"fields":{"humidity":47.77,"pressure":1008.85,"temperature":23.79},"name":"mqtt_consumer","tags":{"topic":"arsip/sensor_bme280"},"timestamp":"2026-08-06 04:23:17"}
{"fields":{"humidity":47.77,"pressure":1008.85,"temperature":23.79},"name":"mqtt_consumer","tags":{"topic":"arsip/sensor_bme280"},"timestamp":"2026-08-06 04:23:17"}
{"fields":{"humidity":47.77,"pressure":1008.85,"temperature":23.79},"name":"mqtt_consumer","tags":{"topic":"arsip/sensor_bme280"},"timestamp":"2026-08-06 04:23:20"}
{"fields":{"humidity":47.77,"pressure":1008.85,"temperature":23.79},"name":"mqtt_consumer","tags":{"topic":"arsip/sensor_bme280"},"timestamp":"2026-08-06 04:23:21"}
{"fields":{"humidity":47.77,"pressure":1008.85,"temperature":23.79},"name":"mqtt_consumer","tags":{"topic":"arsip/sensor_bme280"},"timestamp":"2026-08-06 04:23:25"}
{"fields":{"humidity":47.77,"pressure":1008.85,"temperature":23.79},"name":"mqtt_consumer","tags":{"topic":"arsip/sensor_bme280"},"timestamp":"2026-08-06 04:23:25"}
{"fields":{"humidity":47.77,"pressure":1008.85,"temperature":23.79},"name":"mqtt_consumer","tags":{"topic":"arsip/sensor_bme280"},"timestamp":"2026-08-06 04:23:29"}
{"fields":{"humidity":47.77,"pressure":1008.85,"temperature":23.79},"name":"mqtt_consumer","tags":{"topic":"arsip/sensor_bme280"},"timestamp":"2026-08-06 04:23:31"}
{"fields":{"humidity":47.77,"pressure":1008.85,"temperature":23.79},"name":"mqtt_consumer","tags":{"topic":"arsip/sensor_bme280"},"timestamp":"2026-08-06 04:23:32"}
{"fields":{"humidity":47.77,"pressure":1008.85,"temperature":23.79},"name":"mqtt_consumer","tags":{"topic":"arsip/sensor_bme280"},"timestamp":"2026-08-06 04:23:33"}
{"fields":{"humidity":47.98,"pressure":1008.87,"temperature":23.88},"name":"mqtt_consumer","tags":{"topic":"arsip/sensor_bme280"},"timestamp":"2026-08-06 04:23:36"}
{"fields":{"humidity":47.98,"pressure":1008.87,"temperature":23.88},"name":"mqtt_consumer","tags":{"topic":"arsip/sensor_bme280"},"timestamp":"2026-08-06 04:23:37"}
{"fields":{"humidity":47.98,"pressure":1008.87,"temperature":23.88},"name":"mqtt_consumer","tags":{"topic":"arsip/sensor_bme280"},"timestamp":"2026-08-06 04:23:40"}
{"fields":{"humidity":48.48,"temperature":24.29},"name":"mqtt_consumer","tags":{"topic":"arsip/sensor_dht11"},"timestamp":"2026-08-06 04:23:40"}
{"fields":{"humidity":47.98,"pressure":1008.87,"temperature":23.88},"name":"mqtt_consumer","tags":{"topic":"arsip/sensor_bme280"},"timestamp":"2026-08-06 04:23:41"}
{"fields":{"humidity":47.98,"pressure":1008.87,"temperature":23.88},"name":"mqtt_consumer","tags":{"topic":"arsip/sensor_bme280"},"timestamp":"2026-08-06 04:23:44"}
{"fields":{"humidity":47.98,"pressure":1008.87,"temperature":23.88},"name":"mqtt_consumer","tags":{"topic":"arsip/sensor_bme280"},"timestamp":"2026-08-06 04:23:45"}
{"fields":{"humidity":47.98,"pressure":1008.87,"temperature":23.88},"name":"mqtt_consumer","tags":{"topic":"arsip/sensor_bme280"},"timestamp":"2026-08-06 04:23:48"}
{"fields":{"humidity":47.98,"pressure":1008.87,"temperature":23.88},"name":"mqtt_consumer","tags":{"topic":"arsip/sensor_bme280"},"timestamp":"2026-08-06 04:23:49"}
{"fields":{"humidity":47.98,"pressure":1008.87,"temperature":23.88},"name":"mqtt_consumer","tags":{"topic":"arsip/sensor_bme280"},"timestamp":"2026-08-06 04:23:53"}
{"fields":{"humidity":47.98,"pressure":1008.87,"temperature":23.88},"name":"mqtt_consumer","tags":{"topic":"arsip/sensor_bme280"},"timestamp":"2026-08-06 04:23:55"}
{"fields":{"humidity":47.98,"pressure":1008.87,"temperature":23.88},"name":"mqtt_consumer","tags":{"topic":"arsip/sensor_bme280"},"timestamp":"2026-08-06 04:23:56"}
{"fields":{"humidity":47.98,"pressure":1008.87,"temperature":23.88},"name":"mqtt_consumer","tags":{"topic":"arsip/sensor_bme280"},"timestamp":"2026-08-06 04:23:57"}
{"fields":{"humidity":47.98,"pressure":1008.87,"temperature":23.88},"name":"mqtt_consumer","tags":{"topic":"arsip/sensor_bme280"},"timestamp":"2026-08-06 04:24:00"}
{"fields":{"humidity":47.98,"pressure":1008.87,"temperature":23.88},"name":"mqtt_consumer","tags":{"topic":"arsip/sensor_bme280"},"timestamp":"2026-08-06 04:24:01"}
{"fields":{"humidity":47.98,"pressure":1008.87,"temperature":23.88},"name":"mqtt_consumer","tags":{"topic":"arsip/sensor_bme280"},"timestamp":"2026-08-06 04:24:05"}
{"fields":{"humidity":47.8,"pressure":1008.79,"temperature":23.84},"name":"mqtt_consumer","tags":{"topic":"arsip/sensor_bme280"},"timestamp":"2026-08-06 04:24:05"}
{"fields":{"humidity":47.8,"pressure":1008.79,"temperature":23.84},"name":"mqtt_consumer","tags":{"topic":"arsip/sensor_bme280"},"timestamp":"2026-08-06 04:24:08"}
{"fields":{"humidity":47.8,"pressure":1008.79,"temperature":23.84},"name":"mqtt_consumer","tags":{"topic":"arsip/sensor_bme280"},"timestamp":"2026-08-06 04:24:09"}
{"fields":{"humidity":48.48,"temperature":24.4},"name":"mqtt_consumer","tags":{"topic":"arsip/sensor_dht11"},"timestamp":"2026-08-06 04:24:10"}
{"fields":{"humidity":47.8,"pressure":1008.79,"temperature":23.84},"name":"mqtt_consumer","tags":{"topic":"arsip/sensor_bme280"},"timestamp":"2026-08-06 04:24:12"}
{"fields":{"humidity":47.8,"pressure":1008.79,"temperature":23.84},"name":"mqtt_consumer","tags":{"topic":"arsip/sensor_bme280"},"timestamp":"2026-08-06 04:24:14"}
{"fields":{"humidity":47.8,"pressure":1008.79,"temperature":23.84},"name":"mqtt_consumer","tags":{"topic":"arsip/sensor_bme280"},"timestamp":"2026-08-06 04:24:16"}
{"fields":{"humidity":47.8,"pressure":1008.79,"temperature":23.84},"name":"mqtt_consumer","tags":{"topic":"arsip/sensor_bme280"},"timestamp":"2026-08-06 04:24:17"}
{"fields":{"humidity":47.8,"pressure":1008.79,"temperature":23.84},"name":"mqtt_consumer","tags":{"topic":"arsip/sensor_bme280"},"timestamp":"2026-08-06 04:24:20"}
{"fields":{"humidity":47.8,"pressure":1008.79,"temperature":23.84},"name":"mqtt_consumer","tags":{"topic":"arsip/sensor_bme280"},"timestamp":"2026-08-06 04:24:21"}
{"fields":{"humidity":47.8,"pressure":1008.79,"temperature":23.84},"name":"mqtt_consumer","tags":{"topic":"arsip/sensor_bme280"},"timestamp":"2026-08-06 04:24:24"}
{"fields":{"humidity":47.8,"pressure":1008.79,"temperature":23.84},"name":"mqtt_consumer","tags":{"topic":"arsip/sensor_bme280"},"timestamp":"2026-08-06 04:24:25"}
{"fields":{"humidity":47.8,"pressure":1008.79,"temperature":23.84},"name":"mqtt_consumer","tags":{"topic":"arsip/sensor_bme280"},"timestamp":"2026-08-06 04:24:28"}
{"fields":{"humidity":47.8,"pressure":1008.79,"temperature":23.84},"name":"mqtt_consumer","tags":{"topic":"arsip/sensor_bme280"},"timestamp":"2026-08-06 04:24:29"}
{"fields":{"humidity":47.8,"pressure":1008.79,"temperature":23.84},"name":"mqtt_consumer","tags":{"topic":"arsip/sensor_bme280"},"timestamp":"2026-08-06 04:24:32"}
{"fields":{"humidity":47.8,"pressure":1008.79,"temperature":23.84},"name":"mqtt_consumer","tags":{"topic":"arsip/sensor_bme280"},"timestamp":"2026-08-06 04:24:33"}
{"fields":{"humidity":47.21,"pressure":1008.85,"temperature":23.94},"name":"mqtt_consumer","tags":{"topic":"arsip/sensor_bme280"},"timestamp":"2026-08-06 04:24:36"}
{"fields":{"humidity":47.21,"pressure":1008.85,"temperature":23.94},"name":"mqtt_consumer","tags":{"topic":"arsip/sensor_bme280"},"timestamp":"2026-08-06 04:24:37"}
{"fields":{"humidity":47.21,"pressure":1008.85,"temperature":23.94},"name":"mqtt_consumer","tags":{"topic":"arsip/sensor_bme280"},"timestamp":"2026-08-06 04:24:40"}
{"fields":{"humidity":48.23,"temperature":24.4},"name":"mqtt_consumer","tags":{"topic":"arsip/sensor_dht11"},"timestamp":"2026-08-06 04:24:40"}
{"fields":{"humidity":47.21,"pressure":1008.85,"temperature":23.94},"name":"mqtt_consumer","tags":{"topic":"arsip/sensor_bme280"},"timestamp":"2026-08-06 04:24:41"}
{"fields":{"humidity":47.21,"pressure":1008.85,"temperature":23.94},"name":"mqtt_consumer","tags":{"topic":"arsip/sensor_bme280"},"timestamp":"2026-08-06 04:24:44"}
{"fields":{"humidity":47.21,"pressure":1008.85,"temperature":23.94},"name":"mqtt_consumer","tags":{"topic":"arsip/sensor_bme280"},"timestamp":"2026-08-06 04:24:45"}
{"fields":{"humidity":47.21,"pressure":1008.85,"temperature":23.94},"name":"mqtt_consumer","tags":{"topic":"arsip/sensor_bme280"},"timestamp":"2026-08-06 04:24:48"}
{"fields":{"humidity":47.21,"pressure":1008.85,"temperature":23.94},"name":"mqtt_consumer","tags":{"topic":"arsip/sensor_bme280"},"timestamp":"2026-08-06 04:24:49"}
{"fields":{"humidity":47.21,"pressure":1008.85,"temperature":23.94},"name":"mqtt_consumer","tags":{"topic":"arsip/sensor_bme280"},"timestamp":"2026-08-06 04:24:53"}
{"fields":{"humidity":47.21,"pressure":1008.85,"temperature":23.94},"name":"mqtt_consumer","tags":{"topic":"arsip/sensor_bme280"},"timestamp":"2026-08-06 04:24:53"}
{"fields":{"humidity":47.21,"pressure":1008.85,"temperature":23.94},"name":"mqtt_consumer","tags":{"topic":"arsip/sensor_bme280"},"timestamp":"2026-08-06 04:24:56"}
{"fields":{"humidity":47.21,"pressure":1008.85,"temperature":23.94},"name":"mqtt_consumer","tags":{"topic":"arsip/sensor_bme280"},"timestamp":"2026-08-06 04:24:57"}
{"fields":{"humidity":47.21,"pressure":1008.85,"temperature":23.94},"name":"mqtt_consumer","tags":{"topic":"arsip/sensor_bme280"},"timestamp":"2026-08-06 04:25:00"}
{"fields":{"humidity":47.21,"pressure":1008.85,"temperature":23.94},"name":"mqtt_consumer","tags":{"topic":"arsip/sensor_bme280"},"timestamp":"2026-08-06 04:25:01"}
{"fields":{"humidity":47.21,"pressure":1008.85,"temperature":23.94},"name":"mqtt_consumer","tags":{"topic":"arsip/sensor_bme280"},"timestamp":"2026-08-06 04:25:04"}
{"fields":{"humidity":47.08,"pressure":1008.82,"temperature":23.93},"name":"mqtt_consumer","tags":{"topic":"arsip/sensor_bme280"},"timestamp":"2026-08-06 04:25:05"}
{"fields":{"humidity":47.08,"pressure":1008.82,"temperature":23.93},"name":"mqtt_consumer","tags":{"topic":"arsip/sensor_bme280"},"timestamp":"2026-08-06 04:25:08"}
{"fields":{"humidity":47.08,"pressure":1008.82,"temperature":23.93},"name":"mqtt_consumer","tags":{"topic":"arsip/sensor_bme280"},"timestamp":"2026-08-06 04:25:09"}
{"fields":{"humidity":47.66,"temperature":24.5},"name":"mqtt_consumer","tags":{"topic":"arsip/sensor_dht11"},"timestamp":"2026-08-06 04:25:10"}
{"fields":{"humidity":47.08,"pressure":1008.82,"temperature":23.93},"name":"mqtt_consumer","tags":{"topic":"arsip/sensor_bme280"},"timestamp":"2026-08-06 04:25:12"}
{"fields":{"humidity":47.08,"pressure":1008.82,"temperature":23.93},"name":"mqtt_consumer","tags":{"topic":"arsip/sensor_bme280"},"timestamp":"2026-08-06 04:25:13"}
{"fields":{"humidity":47.08,"pressure":1008.82,"temperature":23.93},"name":"mqtt_consumer","tags":{"topic":"arsip/sensor_bme280"},"timestamp":"2026-08-06 04:25:16"}
{"fields":{"humidity":47.08,"pressure":1008.82,"temperature":23.93},"name":"mqtt_consumer","tags":{"topic":"arsip/sensor_bme280"},"timestamp":"2026-08-06 04:25:17"}
{"fields":{"humidity":47.08,"pressure":1008.82,"temperature":23.93},"name":"mqtt_consumer","tags":{"topic":"arsip/sensor_bme280"},"timestamp":"2026-08-06 04:25:20"}
{"fields":{"humidity":47.08,"pressure":1008.82,"temperature":23.93},"name":"mqtt_consumer","tags":{"topic":"arsip/sensor_bme280"},"timestamp":"2026-08-06 04:25:21"}
{"fields":{"humidity":47.08,"pressure":1008.82,"temperature":23.93},"name":"mqtt_consumer","tags":{"topic":"arsip/sensor_bme280"},"timestamp":"2026-08-06 04:25:24"}
{"fields":{"humidity":47.08,"pressure":1008.82,"temperature":23.93},"name":"mqtt_consumer","tags":{"topic":"arsip/sensor_bme280"},"timestamp":"2026-08-06 04:25:25"}
{"fields":{"humidity":47.08,"pressure":1008.82,"temperature":23.93},"name":"mqtt_consumer","tags":{"topic":"arsip/sensor_bme280"},"timestamp":"2026-08-06 04:25:28"}
{"fields":{"humidity":47.08,"pressure":1008.82,"temperature":23.93},"name":"mqtt_consumer","tags":{"topic":"arsip/sensor_bme280"},"timestamp":"2026-08-06 04:25:29"}
{"fields":{"humidity":47.08,"pressure":1008.82,"temperature":23.93},"name":"mqtt_consumer","tags":{"topic":"arsip/sensor_bme280"},"timestamp":"2026-08-06 04:25:32"}
{"fields":{"humidity":47.08,"pressure":1008.82,"temperature":23.93},"name":"mqtt_consumer","tags":{"topic":"arsip/sensor_bme280"},"timestamp":"2026-08-06 04:25:33"}
{"fields":{"humidity":47.24,"pressure":1008.76,"temperature":23.91},"name":"mqtt_consumer","tags":{"topic":"arsip/sensor_bme280"},"timestamp":"2026-08-06 04:25:36"}
{"fields":{"humidity":47.24,"pressure":1008.76,"temperature":23.91},"name":"mqtt_consumer","tags":{"topic":"arsip/sensor_bme280"},"timestamp":"2026-08-06 04:25:37"}
{"fields":{"humidity":47.24,"pressure":1008.76,"temperature":23.91},"name":"mqtt_consumer","tags":{"topic":"arsip/sensor_bme280"},"timestamp":"2026-08-06 04:25:40"}
{"fields":{"humidity":47.58,"temperature":24.61},"name":"mqtt_consumer","tags":{"topic":"arsip/sensor_dht11"},"timestamp":"2026-08-06 04:25:40"}
{"fields":{"humidity":47.24,"pressure":1008.76,"temperature":23.91},"name":"mqtt_consumer","tags":{"topic":"arsip/sensor_bme280"},"timestamp":"2026-08-06 04:25:41"}
{"fields":{"humidity":47.24,"pressure":1008.76,"temperature":23.91},"name":"mqtt_consumer","tags":{"topic":"arsip/sensor_bme280"},"timestamp":"2026-08-06 04:25:44"}
{"fields":{"humidity":47.24,"pressure":1008.76,"temperature":23.91},"name":"mqtt_consumer","tags":{"topic":"arsip/sensor_bme280"},"timestamp":"2026-08-06 04:25:45"}
{"fields":{"humidity":47.24,"pressure":1008.76,"temperature":23.91},"name":"mqtt_consumer","tags":{"topic":"arsip/sensor_bme280"},"timestamp":"2026-08-06 04:25:48"}
{"fields":{"humidity":47.24,"pressure":1008.76,"temperature":23.91},"name":"mqtt_consumer","tags":{"topic":"arsip/sensor_bme280"},"timestamp":"2026-08-06 04:25:49"}
{"fields":{"humidity":47.24,"pressure":1008.76,"temperature":23.91},"name":"mqtt_consumer","tags":{"topic":"arsip/sensor_bme280"},"timestamp":"2026-08-06 04:25:52"}
{"fields":{"humidity":47.24,"pressure":1008.76,"temperature":23.91},"name":"mqtt_consumer","tags":{"topic":"arsip/sensor_bme280"},"timestamp":"2026-08-06 04:25:53"}
{"fields":{"humidity":47.24,"pressure":1008.76,"temperature":23.91},"name":"mqtt_consumer","tags":{"topic":"arsip/sensor_bme280"},"timestamp":"2026-08-06 04:25:56"}
{"fields":{"humidity":47.24,"pressure":1008.76,"temperature":23.91},"name":"mqtt_consumer","tags":{"topic":"arsip/sensor_bme280"},"timestamp":"2026-08-06 04:25:57"}
{"fields":{"humidity":47.24,"pressure":1008.76,"temperature":23.91},"name":"mqtt_consumer","tags":{"topic":"arsip/sensor_bme280"},"timestamp":"2026-08-06 04:26:00"}
{"fields":{"humidity":47.24,"pressure":1008.76,"temperature":23.91},"name":"mqtt_consumer","tags":{"topic":"arsip/sensor_bme280"},"timestamp":"2026-08-06 04:26:01"}
{"fields":{"humidity":47.24,"pressure":1008.76,"temperature":23.91},"name":"mqtt_consumer","tags":{"topic":"arsip/sensor_bme280"},"timestamp":"2026-08-06 04:26:04"}
{"fields":{"humidity":46.94,"pressure":1008.77,"temperature":23.85},"name":"mqtt_consumer","tags":{"topic":"arsip/sensor_bme280"},"timestamp":"2026-08-06 04:26:05"}
{"fields":{"humidity":46.94,"pressure":1008.77,"temperature":23.85},"name":"mqtt_consumer","tags":{"topic":"arsip/sensor_bme280"},"timestamp":"2026-08-06 04:26:08"}
{"fields":{"humidity":46.94,"pressure":1008.77,"temperature":23.85},"name":"mqtt_consumer","tags":{"topic":"arsip/sensor_bme280"},"timestamp":"2026-08-06 04:26:09"}
{"fields":{"humidity":47.18,"temperature":24.61},"name":"mqtt_consumer","tags":{"topic":"arsip/sensor_dht11"},"timestamp":"2026-08-06 04:26:10"}
{"fields":{"humidity":46.94,"pressure":1008.77,"temperature":23.85},"name":"mqtt_consumer","tags":{"topic":"arsip/sensor_bme280"},"timestamp":"2026-08-06 04:26:12"}
{"fields":{"humidity":46.94,"pressure":1008.77,"temperature":23.85},"name":"mqtt_consumer","tags":{"topic":"arsip/sensor_bme280"},"timestamp":"2026-08-06 04:26:13"}
{"fields":{"humidity":46.94,"pressure":1008.77,"temperature":23.85},"name":"mqtt_consumer","tags":{"topic":"arsip/sensor_bme280"},"timestamp":"2026-08-06 04:26:16"}
{"fields":{"humidity":46.94,"pressure":1008.77,"temperature":23.85},"name":"mqtt_consumer","tags":{"topic":"arsip/sensor_bme280"},"timestamp":"2026-08-06 04:26:17"}
{"fields":{"humidity":46.94,"pressure":1008.77,"temperature":23.85},"name":"mqtt_consumer","tags":{"topic":"arsip/sensor_bme280"},"timestamp":"2026-08-06 04:26:20"}
{"fields":{"humidity":46.94,"pressure":1008.77,"temperature":23.85},"name":"mqtt_consumer","tags":{"topic":"arsip/sensor_bme280"},"timestamp":"2026-08-06 04:26:21"}
{"fields":{"humidity":46.94,"pressure":1008.77,"temperature":23.85},"name":"mqtt_consumer","tags":{"topic":"arsip/sensor_bme280"},"timestamp":"2026-08-06 04:26:24"}
{"fields":{"humidity":46.94,"pressure":1008.77,"temperature":23.85},"name":"mqtt_consumer","tags":{"topic":"arsip/sensor_bme280"},"timestamp":"2026-08-06 04:26:25"}
{"fields":{"humidity":46.94,"pressure":1008.77,"temperature":23.85},"name":"mqtt_consumer","tags":{"topic":"arsip/sensor_bme280"},"timestamp":"2026-08-06 04:26:28"}
{"fields":{"humidity":46.94,"pressure":1008.77,"temperature":23.85},"name":"mqtt_consumer","tags":{"topic":"arsip/sensor_bme280"},"timestamp":"2026-08-06 04:26:29"}
{"fields":{"humidity":46.94,"pressure":1008.77,"temperature":23.85},"name":"mqtt_consumer","tags":{"topic":"arsip/sensor_bme280"},"timestamp":"2026-08-06 04:26:32"}
{"fields":{"humidity":46.94,"pressure":1008.77,"temperature":23.85},"name":"mqtt_consumer","tags":{"topic":"arsip/sensor_bme280"},"timestamp":"2026-08-06 04:26:33"}
{"fields":{"humidity":46.92,"pressure":1008.8,"temperature":23.93},"name":"mqtt_consumer","tags":{"topic":"arsip/sensor_bme280"},"timestamp":"2026-08-06 04:26:36"}
{"fields":{"humidity":46.92,"pressure":1008.8,"temperature":23.93},"name":"mqtt_consumer","tags":{"topic":"arsip/sensor_bme280"},"timestamp":"2026-08-06 04:26:37"}
{"fields":{"humidity":46.92,"pressure":1008.8,"temperature":23.93},"name":"mqtt_consumer","tags":{"topic":"arsip/sensor_bme280"},"timestamp":"2026-08-06 04:26:40"}
{"fields":{"humidity":47.01,"temperature":24.61},"name":"mqtt_consumer","tags":{"topic":"arsip/sensor_dht11"},"timestamp":"2026-08-06 04:26:40"}
{"fields":{"humidity":46.92,"pressure":1008.8,"temperature":23.93},"name":"mqtt_consumer","tags":{"topic":"arsip/sensor_bme280"},"timestamp":"2026-08-06 04:26:41"}
{"fields":{"humidity":46.92,"pressure":1008.8,"temperature":23.93},"name":"mqtt_consumer","tags":{"topic":"arsip/sensor_bme280"},"timestamp":"2026-08-06 04:26:44"}
{"fields":{"humidity":46.92,"pressure":1008.8,"temperature":23.93},"name":"mqtt_consumer","tags":{"topic":"arsip/sensor_bme280"},"timestamp":"2026-08-06 04:26:45"}
{"fields":{"humidity":46.92,"pressure":1008.8,"temperature":23.93},"name":"mqtt_consumer","tags":{"topic":"arsip/sensor_bme280"},"timestamp":"2026-08-06 04:26:48"}
{"fields":{"humidity":46.92,"pressure":1008.8,"temperature":23.93},"name":"mqtt_consumer","tags":{"topic":"arsip/sensor_bme280"},"timestamp":"2026-08-06 04:26:49"}
{"fields":{"humidity":46.92,"pressure":1008.8,"temperature":23.93},"name":"mqtt_consumer","tags":{"topic":"arsip/sensor_bme280"},"timestamp":"2026-08-06 04:26:52"}
{"fields":{"humidity":46.92,"pressure":1008.8,"temperature":23.93},"name":"mqtt_consumer","tags":{"topic":"arsip/sensor_bme280"},"timestamp":"2026-08-06 04:26:53"}
{"fields":{"humidity":46.92,"pressure":1008.8,"temperature":23.93},"name":"mqtt_consumer","tags":{"topic":"arsip/sensor_bme280"},"timestamp":"2026-08-06 04:26:56"}
{"fields":{"humidity":46.92,"pressure":1008.8,"temperature":23.93},"name":"mqtt_consumer","tags":{"topic":"arsip/sensor_bme280"},"timestamp":"2026-08-06 04:26:57"}
{"fields":{"humidity":46.92,"pressure":1008.8,"temperature":23.93},"name":"mqtt_consumer","tags":{"topic":"arsip/sensor_bme280"},"timestamp":"2026-08-06 04:27:00"}
{"fields":{"humidity":46.92,"pressure":1008.8,"temperature":23.93},"name":"mqtt_consumer","tags":{"topic":"arsip/sensor_bme280"},"timestamp":"2026-08-06 04:27:01"}
{"fields":{"humidity":46.92,"pressure":1008.8,"temperature":23.93},"name":"mqtt_consumer","tags":{"topic":"arsip/sensor_bme280"},"timestamp":"2026-08-06 04:27:04"}
{"fields":{"humidity":47.23,"pressure":1008.75,"temperature":23.85},"name":"mqtt_consumer","tags":{"topic":"arsip/sensor_bme280"},"timestamp":"2026-08-06 04:27:05"}
{"fields":{"humidity":47.23,"pressure":1008.75,"temperature":23.85},"name":"mqtt_consumer","tags":{"topic":"arsip/sensor_bme280"},"timestamp":"2026-08-06 04:27:08"}
{"fields":{"humidity":47.23,"pressure":1008.75,"temperature":23.85},"name":"mqtt_consumer","tags":{"topic":"arsip/sensor_bme280"},"timestamp":"2026-08-06 04:27:09"}
{"fields":{"humidity":47.18,"temperature":24.61},"name":"mqtt_consumer","tags":{"topic":"arsip/sensor_dht11"},"timestamp":"2026-08-06 04:27:10"}
{"fields":{"humidity":47.23,"pressure":1008.75,"temperature":23.85},"name":"mqtt_consumer","tags":{"topic":"arsip/sensor_bme280"},"timestamp":"2026-08-06 04:27:12"}
{"fields":{"humidity":47.23,"pressure":1008.75,"temperature":23.85},"name":"mqtt_consumer","tags":{"topic":"arsip/sensor_bme280"},"timestamp":"2026-08-06 04:27:13"}
{"fields":{"humidity":47.23,"pressure":1008.75,"temperature":23.85},"name":"mqtt_consumer","tags":{"topic":"arsip/sensor_bme280"},"timestamp":"2026-08-06 04:27:16"}
{"fields":{"humidity":47.23,"pressure":1008.75,"temperature":23.85},"name":"mqtt_consumer","tags":{"topic":"arsip/sensor_bme280"},"timestamp":"2026-08-06 04:27:17"}
{"fields":{"humidity":47.23,"pressure":1008.75,"temperature":23.85},"name":"mqtt_consumer","tags":{"topic":"arsip/sensor_bme280"},"timestamp":"2026-08-06 04:27:20"}
{"fields":{"humidity":47.23,"pressure":1008.75,"temperature":23.85},"name":"mqtt_consumer","tags":{"topic":"arsip/sensor_bme280"},"timestamp":"2026-08-06 04:27:21"}
{"fields":{"humidity":47.23,"pressure":1008.75,"temperature":23.85},"name":"mqtt_consumer","tags":{"topic":"arsip/sensor_bme280"},"timestamp":"2026-08-06 04:27:24"}
{"fields":{"humidity":47.23,"pressure":1008.75,"temperature":23.85},"name":"mqtt_consumer","tags":{"topic":"arsip/sensor_bme280"},"timestamp":"2026-08-06 04:27:25"}
{"fields":{"humidity":47.23,"pressure":1008.75,"temperature":23.85},"name":"mqtt_consumer","tags":{"topic":"arsip/sensor_bme280"},"timestamp":"2026-08-06 04:27:28"}
{"fields":{"humidity":47.23,"pressure":1008.75,"temperature":23.85},"name":"mqtt_consumer","tags":{"topic":"arsip/sensor_bme280"},"timestamp":"2026-08-06 04:27:29"}
{"fields":{"humidity":47.23,"pressure":1008.75,"temperature":23.85},"name":"mqtt_consumer","tags":{"topic":"arsip/sensor_bme280"},"timestamp":"2026-08-06 04:27:32"}
{"fields":{"humidity":47.23,"pressure":1008.75,"temperature":23.85},"name":"mqtt_consumer","tags":{"topic":"arsip/sensor_bme280"},"timestamp":"2026-08-06 04:27:33"}
{"fields":{"humidity":47.64,"pressure":1008.69,"temperature":23.76},"name":"mqtt_consumer","tags":{"topic":"arsip/sensor_bme280"},"timestamp":"2026-08-06 04:27:36"}
{"fields":{"humidity":47.64,"pressure":1008.69,"temperature":23.76},"name":"mqtt_consumer","tags":{"topic":"arsip/sensor_bme280"},"timestamp":"2026-08-06 04:27:37"}
{"fields":{"humidity":47.64,"pressure":1008.69,"temperature":23.76},"name":"mqtt_consumer","tags":{"topic":"arsip/sensor_bme280"},"timestamp":"2026-08-06 04:27:40"}
{"fields":{"humidity":47.5,"temperature":24.5},"name":"mqtt_consumer","tags":{"topic":"arsip/sensor_dht11"},"timestamp":"2026-08-06 04:27:40"}
{"fields":{"humidity":47.64,"pressure":1008.69,"temperature":23.76},"name":"mqtt_consumer","tags":{"topic":"arsip/sensor_bme280"},"timestamp":"2026-08-06 04:27:41"}
{"fields":{"humidity":47.64,"pressure":1008.69,"temperature":23.76},"name":"mqtt_consumer","tags":{"topic":"arsip/sensor_bme280"},"timestamp":"2026-08-06 04:27:44"}
{"fields":{"humidity":47.64,"pressure":1008.69,"temperature":23.76},"name":"mqtt_consumer","tags":{"topic":"arsip/sensor_bme280"},"timestamp":"2026-08-06 04:27:45"}
{"fields":{"humidity":47.64,"pressure":1008.69,"temperature":23.76},"name":"mqtt_consumer","tags":{"topic":"arsip/sensor_bme280"},"timestamp":"2026-08-06 04:27:48"}
{"fields":{"humidity":47.64,"pressure":1008.69,"temperature":23.76},"name":"mqtt_consumer","tags":{"topic":"arsip/sensor_bme280"},"timestamp":"2026-08-06 04:27:49"}
